<?xml version="1.0" encoding="utf-8" standalone="no"?>
    <dublin_core schema="dc">
    <dcvalue element="contributor" qualifier="author">Law, Nancy</dcvalue>
<dcvalue element="contributor" qualifier="author">Liang, Leming</dcvalue>
<dcvalue element="contributor" qualifier="author">Lee, Yeung</dcvalue>
      <dcvalue element="date" qualifier="accessioned">2017-03-21T12:05:42Z</dcvalue>
      <dcvalue element="date" qualifier="available">2017-03-21T12:05:42Z</dcvalue>
      <dcvalue element="date" qualifier="issued">2016-07</dcvalue>
      <dcvalue element="identifier" qualifier="citation" language="en_US">Law, N., Liang, L., &amp; Lee, Y.&#x20;(2016).&#x20;What Happens to the Innovation When Project Funding Ends? Learning Architecture Matters!&#x20;In&#x20;Looi,&#x20;C.&#x20;K.,&#x20;Polman,&#x20;J.&#x20;L.,&#x20;Cress,&#x20;U.,&#x20;and&#x20;Reimann,&#x20;P.&#x20;(Eds.).&#x20;Transforming&#x20;Learning,&#x20;Empowering&#x20;Learners:&#x20;The&#x20;International&#x20;Conference&#x20;of&#x20;the&#x20;Learning&#x20;Sciences&#x20;(ICLS)&#x20;2016,&#x20;Volume&#x20;1.&#x20;Singapore:&#x20;International&#x20;Society&#x20;of&#x20;the&#x20;Learning&#x20;Sciences,&#x20;pp.&#x20;35-43.</dcvalue>
      <dcvalue element="identifier" qualifier="uri">info:doi&#x2F;10.22318&#x2F;icls2016.98</dcvalue>
      <dcvalue element="description" qualifier="abstract" language="en_US">The fragility and (un)sustainability of pedagogical innovations is a major theme in the education literature. This study was guided by the theoretical framework that sustainable change requires sustained and aligned learning at multiple levels of the education system, and that greater scale in the innovation affords peer learning at multiple levels. It investigates the sustainability of three e-learning pilot projects in Hong Kong by studying the changes, if any, in (1) the e-learning pedagogical practices (the innovation) that was developed, and (2) the “architecture for learning” that was put into place at multiple levels in order to steer and implement the project, within the first school year after the formal 3-year funding ended. The findings indicate that the nature of the innovation as envisioned and the architecture for learning that was put into place in each project were critical in determining the subsequent sustainability of the projects.</dcvalue>
      <dcvalue element="language" qualifier="iso" language="en_US">en</dcvalue>
      <dcvalue element="publisher" qualifier="none" language="en_US">Singapore:&#x20;International&#x20;Society&#x20;of&#x20;the&#x20;Learning&#x20;Sciences</dcvalue>
      <dcvalue element="title" qualifier="none" language="en_US">What Happens to the Innovation When Project Funding Ends? Learning Architecture Matters!</dcvalue>
      <dcvalue element="type" qualifier="none" language="en_US">Book&#x20;chapter</dcvalue>
      &lt;dc:subject xml:lang="en"&gt;architecture for learning&lt;/dc:subject&gt;
&lt;dc:subject xml:lang="en"&gt;sustainability&lt;/dc:subject&gt;
&lt;dc:subject xml:lang="en"&gt;learning innovation&lt;/dc:subject&gt;
&lt;dc:subject xml:lang="en"&gt;multilevel alignment&lt;/dc:subject&gt;
&lt;dc:subject xml:lang="en"&gt;self-organized learning&lt;/dc:subject&gt;
    </dublin_core>