<?xml version="1.0" encoding="utf-8" standalone="no"?>
    <dublin_core schema="dc">
    <dcvalue element="contributor" qualifier="author">Crossley, Scott</dcvalue>
<dcvalue element="contributor" qualifier="author">Dascalu, Mihai</dcvalue>
<dcvalue element="contributor" qualifier="author">McNamara, Danielle S.</dcvalue>
<dcvalue element="contributor" qualifier="author">Baker, Ryan</dcvalue>
<dcvalue element="contributor" qualifier="author">Trausan-Matu, Stefan</dcvalue>
      <dcvalue element="date" qualifier="accessioned">2017-06-19T10:50:27Z</dcvalue>
      <dcvalue element="date" qualifier="available">2017-06-19T10:50:27Z</dcvalue>
      <dcvalue element="date" qualifier="issued">2017-07</dcvalue>
      <dcvalue element="identifier" qualifier="citation" language="en_US">Crossley, S., Dascalu, M., McNamara, D. S., Baker, R., &amp; Trausan-Matu, S.&#x20;(2017).&#x20;Predicting Success in Massive Open Online Courses (MOOCs) Using Cohesion Network Analysis&#x20;In&#x20;Smith,&#x20;B.&#x20;K.,&#x20;Borge,&#x20;M.,&#x20;Mercier,&#x20;E.,&#x20;and&#x20;Lim,&#x20;K.&#x20;Y.&#x20;(Eds.).&#x20;(2017).&#x20;Making&#x20;a&#x20;Difference:&#x20;Prioritizing&#x20;Equity&#x20;and&#x20;Access&#x20;in&#x20;CSCL,&#x20;12th&#x20;International&#x20;Conference&#x20;on&#x20;Computer&#x20;Supported&#x20;Collaborative&#x20;Learning&#x20;(CSCL)&#x20;2017,&#x20;Volume&#x20;1.&#x20;Philadelphia,&#x20;PA:&#x20;International&#x20;Society&#x20;of&#x20;the&#x20;Learning&#x20;Sciences.</dcvalue>
      <dcvalue element="identifier" qualifier="uri">https:dx.doi.org&#x2F;10.22318&#x2F;cscl2017.17</dcvalue>
      <dcvalue element="description" qualifier="abstract" language="en_US">This study uses Cohesion Network Analysis (CNA) indices to identify student patterns related to course completion in a massive open online course (MOOC). This analysis examines a subsample of 320 students who completed at least one graded assignment and produced at least 50 words in discussion forums in a MOOC on educational data mining. The findings indicate that CNA indices predict with substantial accuracy (76%) whether students complete the MOOC, helping us to better understand student retention in this MOOC and to develop more actionable automated signals of student success.</dcvalue>
      <dcvalue element="language" qualifier="iso" language="en_US">en</dcvalue>
      <dcvalue element="publisher" qualifier="none" language="en_US">Philadelphia,&#x20;PA:&#x20;International&#x20;Society&#x20;of&#x20;the&#x20;Learning&#x20;Sciences.</dcvalue>
      <dcvalue element="title" qualifier="none" language="en_US">Predicting Success in Massive Open Online Courses (MOOCs) Using Cohesion Network Analysis</dcvalue>
      <dcvalue element="type" qualifier="none" language="en_US">Book&#x20;chapter</dcvalue>
      <dc:subject xml:lang="en">Innovative Design Approach</dc:subject>
<dc:subject xml:lang="en">Inquiry Learning</dc:subject>
<dc:subject xml:lang="en">Knowledge Building</dc:subject>
<dc:subject xml:lang="en">Design-Based Research</dc:subject>
    </dublin_core>