<?xml version="1.0" encoding="utf-8" standalone="no"?>
    <dublin_core schema="dc">
    <dcvalue element="contributor" qualifier="author">Sharma, Kshitij</dcvalue>
<dcvalue element="contributor" qualifier="author">Jermann, Patrick</dcvalue>
<dcvalue element="contributor" qualifier="author">Dillenbourg, Pierre</dcvalue>
<dcvalue element="contributor" qualifier="author">Prieto, Luis P.</dcvalue>
<dcvalue element="contributor" qualifier="author">D’Angelo, Sarah</dcvalue>
<dcvalue element="contributor" qualifier="author">Gergle, Darren</dcvalue>
<dcvalue element="contributor" qualifier="author">Schneider, Bertrand</dcvalue>
<dcvalue element="contributor" qualifier="author">Rau, Martina</dcvalue>
<dcvalue element="contributor" qualifier="author">Pardos, Zach</dcvalue>
<dcvalue element="contributor" qualifier="author">Rummel, Nikol</dcvalue>
      <dcvalue element="date" qualifier="accessioned">2017-06-19T10:53:01Z</dcvalue>
      <dcvalue element="date" qualifier="available">2017-06-19T10:53:01Z</dcvalue>
      <dcvalue element="date" qualifier="issued">2017-07</dcvalue>
      <dcvalue element="identifier" qualifier="citation" language="en_US">Sharma, K., Jermann, P., Dillenbourg, P., Prieto, L. P., D’Angelo, S., Gergle, D., Schneider, B., Rau, M., Pardos, Z., &amp; Rummel, N.&#x20;(2017).&#x20;CSCL and Eye-Tracking: Experiences, Opportunities and Challenges&#x20;In&#x20;Smith,&#x20;B.&#x20;K.,&#x20;Borge,&#x20;M.,&#x20;Mercier,&#x20;E.,&#x20;and&#x20;Lim,&#x20;K.&#x20;Y.&#x20;(Eds.).&#x20;(2017).&#x20;Making&#x20;a&#x20;Difference:&#x20;Prioritizing&#x20;Equity&#x20;and&#x20;Access&#x20;in&#x20;CSCL,&#x20;12th&#x20;International&#x20;Conference&#x20;on&#x20;Computer&#x20;Supported&#x20;Collaborative&#x20;Learning&#x20;(CSCL)&#x20;2017,&#x20;Volume&#x20;2.&#x20;Philadelphia,&#x20;PA:&#x20;International&#x20;Society&#x20;of&#x20;the&#x20;Learning&#x20;Sciences.</dcvalue>
      <dcvalue element="identifier" qualifier="uri">https:dx.doi.org&#x2F;10.22318&#x2F;cscl2017.116</dcvalue>
      <dcvalue element="description" qualifier="abstract" language="en_US">The idea of using gaze as a medium to look into the collaborative processes had been around in CSCL for past few years. However, it had not been widely used in the community. Most of the works done in the direction of understanding collaborative cognition are majorly based on the qualitative methods. Research has shown that the collaborative gaze data can be used as an alternate source of information to assess collaboration. Once, we understand the how the gaze data reflects the collaboration quality and success, we could design gaze-aware systems to support remote/collocated collaboration. In this symposium, we bring together five papers that use eye-tracking data as a proxy for communication and cognition during remote/collocated collaborative learning and propose design of gaze-aware systems. </dcvalue>
      <dcvalue element="language" qualifier="iso" language="en_US">en</dcvalue>
      <dcvalue element="publisher" qualifier="none" language="en_US">Philadelphia,&#x20;PA:&#x20;International&#x20;Society&#x20;of&#x20;the&#x20;Learning&#x20;Sciences.</dcvalue>
      <dcvalue element="title" qualifier="none" language="en_US">CSCL and Eye-Tracking: Experiences, Opportunities and Challenges</dcvalue>
      <dcvalue element="type" qualifier="none" language="en_US">Book&#x20;chapter</dcvalue>
      <dc:subject xml:lang="en"></dc:subject>
    </dublin_core>