<?xml version="1.0" encoding="utf-8" standalone="no"?>
    <dublin_core schema="dc">
    <dcvalue element="contributor" qualifier="author">Flood, Virginia J.</dcvalue>
<dcvalue element="contributor" qualifier="author">Harrer, Benedikt W.</dcvalue>
<dcvalue element="contributor" qualifier="author">Abrahamson, Dor</dcvalue>
      <dcvalue element="date" qualifier="accessioned">2017-03-21T12:05:42Z</dcvalue>
      <dcvalue element="date" qualifier="available">2017-03-21T12:05:42Z</dcvalue>
      <dcvalue element="date" qualifier="issued">2016-07</dcvalue>
      <dcvalue element="identifier" qualifier="citation" language="en_US">Flood, V. J., Harrer, B. W., &amp; Abrahamson, D.&#x20;(2016).&#x20;The Interactional Work of Configuring a Mathematical Object in a Technology-Enabled Embodied Learning Environment&#x20;In&#x20;Looi,&#x20;C.&#x20;K.,&#x20;Polman,&#x20;J.&#x20;L.,&#x20;Cress,&#x20;U.,&#x20;and&#x20;Reimann,&#x20;P.&#x20;(Eds.).&#x20;Transforming&#x20;Learning,&#x20;Empowering&#x20;Learners:&#x20;The&#x20;International&#x20;Conference&#x20;of&#x20;the&#x20;Learning&#x20;Sciences&#x20;(ICLS)&#x20;2016,&#x20;Volume&#x20;1.&#x20;Singapore:&#x20;International&#x20;Society&#x20;of&#x20;the&#x20;Learning&#x20;Sciences,&#x20;pp.&#x20;35-43.</dcvalue>
      <dcvalue element="identifier" qualifier="uri">info:doi&#x2F;10.22318&#x2F;icls2016.18</dcvalue>
      <dcvalue element="description" qualifier="abstract" language="en_US">We present a detailed account of interactional mechanisms that support participation in STEM disciplinary practices as an adult and a child explore a technology-enabled embodied learning environment for mathematics. Drawing on ethnomethodological studies of technology-rich workplaces, we trace the process of transforming a vague reference into a mutually available mathematical object: a covariant variable. Our analysis reveals that this mathematical object is an interactional achievement, configured via a reciprocal process of instructing one another’s attention. In particular, we demonstrate how participants’ explicit responsiveness to indexical and multimodal resources achieves this object.</dcvalue>
      <dcvalue element="language" qualifier="iso" language="en_US">en</dcvalue>
      <dcvalue element="publisher" qualifier="none" language="en_US">Singapore:&#x20;International&#x20;Society&#x20;of&#x20;the&#x20;Learning&#x20;Sciences</dcvalue>
      <dcvalue element="title" qualifier="none" language="en_US">The Interactional Work of Configuring a Mathematical Object in a Technology-Enabled Embodied Learning Environment</dcvalue>
      <dcvalue element="type" qualifier="none" language="en_US">Book&#x20;chapter</dcvalue>
      &lt;dc:subject xml:lang="en"&gt;objectification&lt;/dc:subject&gt;
&lt;dc:subject xml:lang="en"&gt;collaborative imagining&lt;/dc:subject&gt;
&lt;dc:subject xml:lang="en"&gt;ethnomethodology–conversation analysis&lt;/dc:subject&gt;
&lt;dc:subject xml:lang="en"&gt;technology-enabled embodied learning environments&lt;/dc:subject&gt;
    </dublin_core>