<?xml version="1.0" encoding="utf-8" standalone="no"?>
    <dublin_core schema="dc">
    <dcvalue element="contributor" qualifier="author">Chan, Melvin</dcvalue>
<dcvalue element="contributor" qualifier="author">Lee, Teo Chew</dcvalue>
      <dcvalue element="date" qualifier="accessioned">2017-06-19T10:52:18Z</dcvalue>
      <dcvalue element="date" qualifier="available">2017-06-19T10:52:18Z</dcvalue>
      <dcvalue element="date" qualifier="issued">2017-07</dcvalue>
      <dcvalue element="identifier" qualifier="citation" language="en_US">Chan, M. &amp; Lee, T. C.&#x20;(2017).&#x20;Exercising the Heart of History Education: Negotiating the Past Through a Principle-Based, Technological Driven Knowledge Building Culture&#x20;In&#x20;Smith,&#x20;B.&#x20;K.,&#x20;Borge,&#x20;M.,&#x20;Mercier,&#x20;E.,&#x20;and&#x20;Lim,&#x20;K.&#x20;Y.&#x20;(Eds.).&#x20;(2017).&#x20;Making&#x20;a&#x20;Difference:&#x20;Prioritizing&#x20;Equity&#x20;and&#x20;Access&#x20;in&#x20;CSCL,&#x20;12th&#x20;International&#x20;Conference&#x20;on&#x20;Computer&#x20;Supported&#x20;Collaborative&#x20;Learning&#x20;(CSCL)&#x20;2017,&#x20;Volume&#x20;2.&#x20;Philadelphia,&#x20;PA:&#x20;International&#x20;Society&#x20;of&#x20;the&#x20;Learning&#x20;Sciences.</dcvalue>
      <dcvalue element="identifier" qualifier="uri">https:dx.doi.org&#x2F;10.22318&#x2F;cscl2017.112</dcvalue>
      <dcvalue element="description" qualifier="abstract" language="en_US">This study examined the use of historical concept in a class of Secondary one students inquiring on the topics on “Pre-1819 Singapore” and the “British Heritage in Singapore History” using a Knowledge Building approach and Knowledge Forum technology. Analysis of a selected groups of students ‘contributions was done according to four level of negotiation revealed in the class’ discourse. Students engaged in such historical discourse suggests the development of concept and process skill which points to the fact that knowledge building pedagogy and technology are conducive to quality teaching and learning of history. Results also pinpoint common misnomer about knowledge building in history class and how a teacher can facilitate such discourse.</dcvalue>
      <dcvalue element="language" qualifier="iso" language="en_US">en</dcvalue>
      <dcvalue element="publisher" qualifier="none" language="en_US">Philadelphia,&#x20;PA:&#x20;International&#x20;Society&#x20;of&#x20;the&#x20;Learning&#x20;Sciences.</dcvalue>
      <dcvalue element="title" qualifier="none" language="en_US">Exercising the Heart of History Education: Negotiating the Past Through a Principle-Based, Technological Driven Knowledge Building Culture</dcvalue>
      <dcvalue element="type" qualifier="none" language="en_US">Book&#x20;chapter</dcvalue>
      <dc:subject xml:lang="en">Knowledge Building</dc:subject>
    </dublin_core>