<?xml version="1.0" encoding="utf-8" standalone="no"?>
    <dublin_core schema="dc">
    <dcvalue element="contributor" qualifier="author">Chen, Wenli</dcvalue>
<dcvalue element="contributor" qualifier="author">Looi, Chee-Kit</dcvalue>
<dcvalue element="contributor" qualifier="author">Xie, Wenting</dcvalue>
<dcvalue element="contributor" qualifier="author">Wen, Yun</dcvalue>
      <dcvalue element="date" qualifier="accessioned">2017-06-19T14:51:54Z</dcvalue>
      <dcvalue element="date" qualifier="available">2017-06-19T14:51:54Z</dcvalue>
      <dcvalue element="date" qualifier="issued">2015-07</dcvalue>
      <dcvalue element="identifier" qualifier="citation" language="en_US">Chen, W., Looi, C., Xie, W., &amp; Wen, Y.&#x20;(2015).&#x20;Designing Automated Assessment FOR Collaborative Argumentation in Classroom: A Pilot Study&#x20;In&#x20; Lindwall,&#x20;O.,&#x20;Häkkinen,&#x20;P.,&#x20;Koschman,&#x20;T.&#x20;Tchounikine,&#x20;P.&#x20;&#x20;Ludvigsen,&#x20;S.&#x20;(Eds.)&#x20;(2015).&#x20;Exploring&#x20;the&#x20;Material&#x20;Conditions&#x20;of&#x20;Learning:&#x20;The&#x20;Computer&#x20;Supported&#x20;Collaborative&#x20;Learning&#x20;(CSCL)&#x20;Conference&#x20;2015,&#x20;Volume&#x20;2.&#x20;Gothenburg,&#x20;Sweden:&#x20;The&#x20;International&#x20;Society&#x20;of&#x20;the&#x20;Learning&#x20;Sciences.</dcvalue>
      <dcvalue element="identifier" qualifier="uri">https://doi.dx.org&#x2F;10.22318&#x2F;cscl2015.278</dcvalue>
      <dcvalue element="description" qualifier="abstract" language="en_US">In the realm of CSCL research, collaborative argumentation is regarded as a key type of knowledge construction process that should be mastered by students to enable knowledge advancement. We designed an automated assessment system to support students’ collaborative argumentation in Science learning. This paper describes the system design and explores how it was used by teachers and students in Singapore classrooms from a pilot study. 
</dcvalue>
      <dcvalue element="language" qualifier="iso" language="en_US">en</dcvalue>
      <dcvalue element="publisher" qualifier="none" language="en_US"> International&#x20;Society&#x20;of&#x20;the&#x20;Learning&#x20;Sciences,&#x20;Inc.&#x20;[ISLS].</dcvalue>
      <dcvalue element="title" qualifier="none" language="en_US">Designing Automated Assessment FOR Collaborative Argumentation in Classroom: A Pilot Study</dcvalue>
      <dcvalue element="type" qualifier="none" language="en_US">Book&#x20;chapter</dcvalue>
      <dc:subject xml:lang="en">collaborative argumentation</dc:subject>
<dc:subject xml:lang="en">assessment for learning</dc:subject>
<dc:subject xml:lang="en">automated assessment</dc:subject>
    </dublin_core>