<?xml version="1.0" encoding="utf-8" standalone="no"?>
    <dublin_core schema="dc">
    <dcvalue element="contributor" qualifier="author">Kim, ChanMin</dcvalue>
<dcvalue element="contributor" qualifier="author">Yuan, Jiangmei</dcvalue>
<dcvalue element="contributor" qualifier="author">Gleasman, Cory</dcvalue>
<dcvalue element="contributor" qualifier="author">Shin, Minyoung</dcvalue>
<dcvalue element="contributor" qualifier="author">Hill, Roger B.</dcvalue>
      <dcvalue element="date" qualifier="accessioned">2017-06-19T10:52:18Z</dcvalue>
      <dcvalue element="date" qualifier="available">2017-06-19T10:52:18Z</dcvalue>
      <dcvalue element="date" qualifier="issued">2017-07</dcvalue>
      <dcvalue element="identifier" qualifier="citation" language="en_US">Kim, C., Yuan, J., Gleasman, C., Shin, M., &amp; Hill, R. B.&#x20;(2017).&#x20;Preparing Pre-Service Early Childhood Teachers to Teach Mathematics With Robots&#x20;In&#x20;Smith,&#x20;B.&#x20;K.,&#x20;Borge,&#x20;M.,&#x20;Mercier,&#x20;E.,&#x20;and&#x20;Lim,&#x20;K.&#x20;Y.&#x20;(Eds.).&#x20;(2017).&#x20;Making&#x20;a&#x20;Difference:&#x20;Prioritizing&#x20;Equity&#x20;and&#x20;Access&#x20;in&#x20;CSCL,&#x20;12th&#x20;International&#x20;Conference&#x20;on&#x20;Computer&#x20;Supported&#x20;Collaborative&#x20;Learning&#x20;(CSCL)&#x20;2017,&#x20;Volume&#x20;2.&#x20;Philadelphia,&#x20;PA:&#x20;International&#x20;Society&#x20;of&#x20;the&#x20;Learning&#x20;Sciences.</dcvalue>
      <dcvalue element="identifier" qualifier="uri">https:dx.doi.org&#x2F;10.22318&#x2F;cscl2017.92</dcvalue>
      <dcvalue element="description" qualifier="abstract" language="en_US">This study exposed early childhood pre-service teachers to robotics and help them teach mathematics with robots. People tend to treat not only themselves but also others within the scope of the stereotypes that they experienced. Stereotypical conceptions about certain subjects and occupations are formed in early life. The cycle of stereotype threats could be broken by exposing early childhood pre-service teachers to robotics that requires them to build and program robots and design of mathematics lessons using robots. </dcvalue>
      <dcvalue element="language" qualifier="iso" language="en_US">en</dcvalue>
      <dcvalue element="publisher" qualifier="none" language="en_US">Philadelphia,&#x20;PA:&#x20;International&#x20;Society&#x20;of&#x20;the&#x20;Learning&#x20;Sciences.</dcvalue>
      <dcvalue element="title" qualifier="none" language="en_US">Preparing Pre-Service Early Childhood Teachers to Teach Mathematics With Robots</dcvalue>
      <dcvalue element="type" qualifier="none" language="en_US">Book&#x20;chapter</dcvalue>
      <dc:subject xml:lang="en">Computing Education</dc:subject>
<dc:subject xml:lang="en">Descriptive Studies</dc:subject>
<dc:subject xml:lang="en">Ethnography</dc:subject>
<dc:subject xml:lang="en">Informal Learning Settings</dc:subject>
    </dublin_core>