<?xml version="1.0" encoding="utf-8" standalone="no"?>
    <dublin_core schema="dc">
    <dcvalue element="contributor" qualifier="author">Cerratto-Pargman, Teresa</dcvalue>
<dcvalue element="contributor" qualifier="author">Knutsson, Ola</dcvalue>
<dcvalue element="contributor" qualifier="author">Karlström, Petter</dcvalue>
      <dcvalue element="date" qualifier="accessioned">2017-06-19T14:15:51Z</dcvalue>
      <dcvalue element="date" qualifier="available">2017-06-19T14:15:51Z</dcvalue>
      <dcvalue element="date" qualifier="issued">2015-07</dcvalue>
      <dcvalue element="identifier" qualifier="citation" language="en_US">Cerratto-Pargman, T., Knutsson, O., &amp; Karlström, P.&#x20;(2015).&#x20;Materiality of Online Students’ Peer-Review Activities in Higher Education&#x20;In&#x20; Lindwall,&#x20;O.,&#x20;Häkkinen,&#x20;P.,&#x20;Koschman,&#x20;T.&#x20;Tchounikine,&#x20;P.&#x20;&#x20;Ludvigsen,&#x20;S.&#x20;(Eds.)&#x20;(2015).&#x20;Exploring&#x20;the&#x20;Material&#x20;Conditions&#x20;of&#x20;Learning:&#x20;The&#x20;Computer&#x20;Supported&#x20;Collaborative&#x20;Learning&#x20;(CSCL)&#x20;Conference&#x20;2015,&#x20;Volume&#x20;1.&#x20;Gothenburg,&#x20;Sweden:&#x20;The&#x20;International&#x20;Society&#x20;of&#x20;the&#x20;Learning&#x20;Sciences.</dcvalue>
      <dcvalue element="identifier" qualifier="uri">https://doi.dx.org&#x2F;10.22318&#x2F;cscl2015.293</dcvalue>
      <dcvalue element="description" qualifier="abstract" language="en_US">In spite of the widespread use of technology in higher education, discourses on learning technologies commonly account for their features as disembodied from their use. There have so far been few theoretical approaches that have delved into "the technology question" in CSCL.  We present an empirical study that investigates how students’ peer-review activities are entangled with sociomaterial aspects of mediated collaborative learning. The students' peer-review activities were analyzed according to the Collective Instrument-mediated Activity Situation (CIAS) model, and findings show that the materiality of two different tools had considerable influence on how students engaged with the texts and how they interacted with each other.
</dcvalue>
      <dcvalue element="language" qualifier="iso" language="en_US">en</dcvalue>
      <dcvalue element="publisher" qualifier="none" language="en_US"> International&#x20;Society&#x20;of&#x20;the&#x20;Learning&#x20;Sciences,&#x20;Inc.&#x20;[ISLS].</dcvalue>
      <dcvalue element="title" qualifier="none" language="en_US">Materiality of Online Students’ Peer-Review Activities in Higher Education</dcvalue>
      <dcvalue element="type" qualifier="none" language="en_US">Book&#x20;chapter</dcvalue>
      <dc:subject xml:lang="en">Materiality of Online Students’ Peer-Review Activities in Higher Education</dc:subject>
<dc:subject xml:lang="en">peer-review practices</dc:subject>
<dc:subject xml:lang="en">web-based commenting tools</dc:subject>
<dc:subject xml:lang="en">technology</dc:subject>
<dc:subject xml:lang="en">higher education</dc:subject>
    </dublin_core>