<?xml version="1.0" encoding="utf-8" standalone="no"?>
    <dublin_core schema="dc">
    <dcvalue element="contributor" qualifier="author">Park, Miyoung</dcvalue>
<dcvalue element="contributor" qualifier="author">Anderson, Emma</dcvalue>
<dcvalue element="contributor" qualifier="author">Yoon, Susan</dcvalue>
      <dcvalue element="date" qualifier="accessioned">2017-06-19T10:50:27Z</dcvalue>
      <dcvalue element="date" qualifier="available">2017-06-19T10:50:27Z</dcvalue>
      <dcvalue element="date" qualifier="issued">2017-07</dcvalue>
      <dcvalue element="identifier" qualifier="citation" language="en_US">Park, M., Anderson, E., &amp; Yoon, S.&#x20;(2017).&#x20;Learning Biology Coherently Through Complex Systems, Scientific Practices, and Agent-Based Simulations&#x20;In&#x20;Smith,&#x20;B.&#x20;K.,&#x20;Borge,&#x20;M.,&#x20;Mercier,&#x20;E.,&#x20;and&#x20;Lim,&#x20;K.&#x20;Y.&#x20;(Eds.).&#x20;(2017).&#x20;Making&#x20;a&#x20;Difference:&#x20;Prioritizing&#x20;Equity&#x20;and&#x20;Access&#x20;in&#x20;CSCL,&#x20;12th&#x20;International&#x20;Conference&#x20;on&#x20;Computer&#x20;Supported&#x20;Collaborative&#x20;Learning&#x20;(CSCL)&#x20;2017,&#x20;Volume&#x20;1.&#x20;Philadelphia,&#x20;PA:&#x20;International&#x20;Society&#x20;of&#x20;the&#x20;Learning&#x20;Sciences.</dcvalue>
      <dcvalue element="identifier" qualifier="uri">https:dx.doi.org&#x2F;10.22318&#x2F;cscl2017.29</dcvalue>
      <dcvalue element="description" qualifier="abstract" language="en_US">The Next Generation Science Standards (NGSS) calls for greater coherence in how science is taught and learned in K-12 classrooms. Research on biology classrooms has shown that different units are often taught in a disconnected way, with little focus on unifying themes (e.g., systems) that connect various concepts together in the study of biology. In this study, we hypothesized that a curricular model based on scientific practices and agent-based simulations to teach biology through a complex systems lens would support students’ coherent understanding of biology. We investigated the extent to which and ways our curriculum supported students’ biology coherence. Units covered topics of diffusion, ecology, enzymes, evolution, genetics, and modeling. Fifty-four students were randomly selected for focus group interviews from a larger study of 463 students. Findings provide promising evidence that students developed a coherent understanding of biology.</dcvalue>
      <dcvalue element="language" qualifier="iso" language="en_US">en</dcvalue>
      <dcvalue element="publisher" qualifier="none" language="en_US">Philadelphia,&#x20;PA:&#x20;International&#x20;Society&#x20;of&#x20;the&#x20;Learning&#x20;Sciences.</dcvalue>
      <dcvalue element="title" qualifier="none" language="en_US">Learning Biology Coherently Through Complex Systems, Scientific Practices, and Agent-Based Simulations</dcvalue>
      <dcvalue element="type" qualifier="none" language="en_US">Book&#x20;chapter</dcvalue>
      <dc:subject xml:lang="en">Secondary School</dc:subject>
<dc:subject xml:lang="en">Video Analysis</dc:subject>
<dc:subject xml:lang="en">Computer Science</dc:subject>
<dc:subject xml:lang="en">Problem-Based Learning</dc:subject>
<dc:subject xml:lang="en">Learning Analytics / Educational Data Mining</dc:subject>
    </dublin_core>