<?xml version="1.0" encoding="utf-8" standalone="no"?>
    <dublin_core schema="dc">
    <dcvalue element="contributor" qualifier="author">Martinez-Maldonado, Roberto</dcvalue>
<dcvalue element="contributor" qualifier="author">Goodyear, Peter</dcvalue>
<dcvalue element="contributor" qualifier="author">Dimitriadis, Yannis</dcvalue>
<dcvalue element="contributor" qualifier="author">Thompson, Kate</dcvalue>
<dcvalue element="contributor" qualifier="author">Carvalho, Lucila</dcvalue>
<dcvalue element="contributor" qualifier="author">Prieto, Luis P.</dcvalue>
<dcvalue element="contributor" qualifier="author">Parisio, Martin</dcvalue>
      <dcvalue element="date" qualifier="accessioned">2017-06-19T14:15:51Z</dcvalue>
      <dcvalue element="date" qualifier="available">2017-06-19T14:15:51Z</dcvalue>
      <dcvalue element="date" qualifier="issued">2015-07</dcvalue>
      <dcvalue element="identifier" qualifier="citation" language="en_US">Martinez-Maldonado, R., Goodyear, P., Dimitriadis, Y., Thompson, K., Carvalho, L., Prieto, L. P., &amp; Parisio, M.&#x20;(2015).&#x20;Learning about Collaborative Design for Learning in a Multi-Surface Design Studio&#x20;In&#x20; Lindwall,&#x20;O.,&#x20;Häkkinen,&#x20;P.,&#x20;Koschman,&#x20;T.&#x20;Tchounikine,&#x20;P.&#x20;&#x20;Ludvigsen,&#x20;S.&#x20;(Eds.)&#x20;(2015).&#x20;Exploring&#x20;the&#x20;Material&#x20;Conditions&#x20;of&#x20;Learning:&#x20;The&#x20;Computer&#x20;Supported&#x20;Collaborative&#x20;Learning&#x20;(CSCL)&#x20;Conference&#x20;2015,&#x20;Volume&#x20;1.&#x20;Gothenburg,&#x20;Sweden:&#x20;The&#x20;International&#x20;Society&#x20;of&#x20;the&#x20;Learning&#x20;Sciences.</dcvalue>
      <dcvalue element="identifier" qualifier="uri">https://doi.dx.org&#x2F;10.22318&#x2F;cscl2015.189</dcvalue>
      <dcvalue element="description" qualifier="abstract" language="en_US">This paper fuses research on CSCL and collaborative design for learning. It reports a study located in a novel multi-surface environment, configured to support small teams who are designing for other people’s learning. Despite growing awareness in the CSCL community of the importance of design in teachers’ work, there has been very little empirical research on how such design is carried out, or how design for CSCL can be supported and improved through the provision of better design tools and design methods. The paper offers an analysis of the work of four pairs of designers in our Multi-Surface Design Studio. These four dyads were completing a design task we set them, while simultaneously learning how to make good use of the various personal and shared digital tools, display surfaces and other resources in the studio. From observational and interview data, we show how collaborative design for learning needs to be understood as a complex, multiply-situated activity, in which design problem-solving, tools and space usage depend on the fluent deployment of intuitive knowledge about mutual awareness, shared perception, information persistence and movement.
</dcvalue>
      <dcvalue element="language" qualifier="iso" language="en_US">en</dcvalue>
      <dcvalue element="publisher" qualifier="none" language="en_US"> International&#x20;Society&#x20;of&#x20;the&#x20;Learning&#x20;Sciences,&#x20;Inc.&#x20;[ISLS].</dcvalue>
      <dcvalue element="title" qualifier="none" language="en_US">Learning about Collaborative Design for Learning in a Multi-Surface Design Studio</dcvalue>
      <dcvalue element="type" qualifier="none" language="en_US">Book&#x20;chapter</dcvalue>
      <dc:subject xml:lang="en">Learning about Collaborative Design for Learning in a Multi-Surface Design Studio</dc:subject>
<dc:subject xml:lang="en">design for learning</dc:subject>
<dc:subject xml:lang="en">teachers</dc:subject>
<dc:subject xml:lang="en">technology</dc:subject>
<dc:subject xml:lang="en">multi-touch</dc:subject>
    </dublin_core>