<?xml version="1.0" encoding="utf-8" standalone="no"?>
    <dublin_core schema="dc">
    <dcvalue element="contributor" qualifier="author">Sun, Zhiru</dcvalue>
<dcvalue element="contributor" qualifier="author">Lu, Lin</dcvalue>
<dcvalue element="contributor" qualifier="author">Xie, Kui</dcvalue>
      <dcvalue element="date" qualifier="accessioned">2017-03-21T12:05:42Z</dcvalue>
      <dcvalue element="date" qualifier="available">2017-03-21T12:05:42Z</dcvalue>
      <dcvalue element="date" qualifier="issued">2016-07</dcvalue>
      <dcvalue element="identifier" qualifier="citation" language="en_US">Sun, Z., Lu, L., &amp; Xie, K.&#x20;(2016).&#x20;The Effects of Self-Regulated Learning on Students’ Performance Trajectory in the Flipped Math Classroom&#x20;In&#x20;Looi,&#x20;C.&#x20;K.,&#x20;Polman,&#x20;J.&#x20;L.,&#x20;Cress,&#x20;U.,&#x20;and&#x20;Reimann,&#x20;P.&#x20;(Eds.).&#x20;Transforming&#x20;Learning,&#x20;Empowering&#x20;Learners:&#x20;The&#x20;International&#x20;Conference&#x20;of&#x20;the&#x20;Learning&#x20;Sciences&#x20;(ICLS)&#x20;2016,&#x20;Volume&#x20;1.&#x20;Singapore:&#x20;International&#x20;Society&#x20;of&#x20;the&#x20;Learning&#x20;Sciences,&#x20;pp.&#x20;35-43.</dcvalue>
      <dcvalue element="identifier" qualifier="uri">info:doi&#x2F;10.22318&#x2F;icls2016.11</dcvalue>
      <dcvalue element="description" qualifier="abstract" language="en_US">The flipped classroom is a unique instructional model with in-class activities being heavily dependent on pre-class learning engagement. Practitioners and researchers have well recognized the critical role of the pre-class learning on students’ performance in the flipped class. However, little research has investigated how students learn in the pre-class setting and what factors can help students improve their pre-class learning. Based upon the self-regulated learning theory, this study used both survey research and learning analytics methods to uncover students’ performance trajectories of a semester in two flipped undergraduate math courses and examined whether the three key self-regulated learning factors – self-efficacy, the use of metacognitive strategy, and self-regulatory behaviors – were significantly different across different performance trajectories. The results revealed six different performance trajectories among students and found significant differences across these trajectories in terms of the three self-regulatory factors.</dcvalue>
      <dcvalue element="language" qualifier="iso" language="en_US">en</dcvalue>
      <dcvalue element="publisher" qualifier="none" language="en_US">Singapore:&#x20;International&#x20;Society&#x20;of&#x20;the&#x20;Learning&#x20;Sciences</dcvalue>
      <dcvalue element="title" qualifier="none" language="en_US">The Effects of Self-Regulated Learning on Students’ Performance Trajectory in the Flipped Math Classroom</dcvalue>
      <dcvalue element="type" qualifier="none" language="en_US">Book&#x20;chapter</dcvalue>
      &lt;dc:subject xml:lang="en"&gt;Performance trajectory&lt;/dc:subject&gt;
&lt;dc:subject xml:lang="en"&gt;flipped classroom&lt;/dc:subject&gt;
&lt;dc:subject xml:lang="en"&gt;math learning&lt;/dc:subject&gt;
&lt;dc:subject xml:lang="en"&gt;cluster analysis&lt;/dc:subject&gt;
    </dublin_core>