<?xml version="1.0" encoding="utf-8" standalone="no"?>
    <dublin_core schema="dc">
    <dcvalue element="contributor" qualifier="author">Laferrière, Thérèse</dcvalue>
<dcvalue element="contributor" qualifier="author">Breuleux, Alain</dcvalue>
      <dcvalue element="date" qualifier="accessioned">2017-06-19T10:52:18Z</dcvalue>
      <dcvalue element="date" qualifier="available">2017-06-19T10:52:18Z</dcvalue>
      <dcvalue element="date" qualifier="issued">2017-07</dcvalue>
      <dcvalue element="identifier" qualifier="citation" language="en_US">Laferrière, T. &amp; Breuleux, A.&#x20;(2017).&#x20;The Digital Use Divide and Knowledge Building&#x20;In&#x20;Smith,&#x20;B.&#x20;K.,&#x20;Borge,&#x20;M.,&#x20;Mercier,&#x20;E.,&#x20;and&#x20;Lim,&#x20;K.&#x20;Y.&#x20;(Eds.).&#x20;(2017).&#x20;Making&#x20;a&#x20;Difference:&#x20;Prioritizing&#x20;Equity&#x20;and&#x20;Access&#x20;in&#x20;CSCL,&#x20;12th&#x20;International&#x20;Conference&#x20;on&#x20;Computer&#x20;Supported&#x20;Collaborative&#x20;Learning&#x20;(CSCL)&#x20;2017,&#x20;Volume&#x20;2.&#x20;Philadelphia,&#x20;PA:&#x20;International&#x20;Society&#x20;of&#x20;the&#x20;Learning&#x20;Sciences.</dcvalue>
      <dcvalue element="identifier" qualifier="uri">https:dx.doi.org&#x2F;10.22318&#x2F;cscl2017.91</dcvalue>
      <dcvalue element="description" qualifier="abstract" language="en_US">This paper delves into the digital divide challenge through an interaction analysis of educational partners engaged in co-designing, sustaining, and scaling classroom-based innovation using collaborative platforms in rural settings. The innovation is analyzed by referring to an emerging multilevel multiscale model, with emphasis on the five dimensions of Dede’s conceptual framework (Depth, Sustainability, Spread, Shift [in Ownership], and Evolution, 2006). Organizational structures, interaction processes put in place and the technology in use during the Remote Networked School (RNS) initiative are identified. </dcvalue>
      <dcvalue element="language" qualifier="iso" language="en_US">en</dcvalue>
      <dcvalue element="publisher" qualifier="none" language="en_US">Philadelphia,&#x20;PA:&#x20;International&#x20;Society&#x20;of&#x20;the&#x20;Learning&#x20;Sciences.</dcvalue>
      <dcvalue element="title" qualifier="none" language="en_US">The Digital Use Divide and Knowledge Building</dcvalue>
      <dcvalue element="type" qualifier="none" language="en_US">Book&#x20;chapter</dcvalue>
      <dc:subject xml:lang="en">Knowledge Building</dc:subject>
<dc:subject xml:lang="en">Social Network Analysis</dc:subject>
<dc:subject xml:lang="en">Secondary School</dc:subject>
<dc:subject xml:lang="en">Visual/Performance Arts</dc:subject>
    </dublin_core>