<?xml version="1.0" encoding="utf-8" standalone="no"?>
    <dublin_core schema="dc">
    <dcvalue element="contributor" qualifier="author">Sun, Jingjing</dcvalue>
<dcvalue element="contributor" qualifier="author">Jackson, Julia</dcvalue>
<dcvalue element="contributor" qualifier="author">Burns, Mary</dcvalue>
<dcvalue element="contributor" qualifier="author">Anderson, Richard C.</dcvalue>
      <dcvalue element="date" qualifier="accessioned">2017-06-19T10:52:18Z</dcvalue>
      <dcvalue element="date" qualifier="available">2017-06-19T10:52:18Z</dcvalue>
      <dcvalue element="date" qualifier="issued">2017-07</dcvalue>
      <dcvalue element="identifier" qualifier="citation" language="en_US">Sun, J., Jackson, J., Burns, M., &amp; Anderson, R. C.&#x20;(2017).&#x20;Children’s Emergent Leadership and Relational Thinking in Collaborative Learning&#x20;In&#x20;Smith,&#x20;B.&#x20;K.,&#x20;Borge,&#x20;M.,&#x20;Mercier,&#x20;E.,&#x20;and&#x20;Lim,&#x20;K.&#x20;Y.&#x20;(Eds.).&#x20;(2017).&#x20;Making&#x20;a&#x20;Difference:&#x20;Prioritizing&#x20;Equity&#x20;and&#x20;Access&#x20;in&#x20;CSCL,&#x20;12th&#x20;International&#x20;Conference&#x20;on&#x20;Computer&#x20;Supported&#x20;Collaborative&#x20;Learning&#x20;(CSCL)&#x20;2017,&#x20;Volume&#x20;2.&#x20;Philadelphia,&#x20;PA:&#x20;International&#x20;Society&#x20;of&#x20;the&#x20;Learning&#x20;Sciences.</dcvalue>
      <dcvalue element="identifier" qualifier="uri">https:dx.doi.org&#x2F;10.22318&#x2F;cscl2017.72</dcvalue>
      <dcvalue element="description" qualifier="abstract" language="en_US">Children’s emergent leadership is an important but often ignored component of peer-led collaborative learning. Existing research suggests that emergent leadership develops when children are given the autonomy and space to regulate group dynamics on their own, which often assists the group to achieve better outcomes within the collaborative activities. However, it is less known whether the emergence of child leadership also promotes deeper and more connected reasoning during collaborative learning. This current study, by coding emergent leadership and relational thinking from two sets of small group discussions (25 in total), revealed that over time, children exhibited more leadership and relational thinking in the second collaborative discussion than their first one. In addition, intellectual leadership moves, rather than organizational leadership moves, were positively related to generation of relational thinking. We discuss the implications of the study to help children, particularly minority children from underserved communities, to developing leadership and relational thinking through participating in intellectually stimulating collaborative discussions.  \  \ </dcvalue>
      <dcvalue element="language" qualifier="iso" language="en_US">en</dcvalue>
      <dcvalue element="publisher" qualifier="none" language="en_US">Philadelphia,&#x20;PA:&#x20;International&#x20;Society&#x20;of&#x20;the&#x20;Learning&#x20;Sciences.</dcvalue>
      <dcvalue element="title" qualifier="none" language="en_US">Children’s Emergent Leadership and Relational Thinking in Collaborative Learning</dcvalue>
      <dcvalue element="type" qualifier="none" language="en_US">Book&#x20;chapter</dcvalue>
      <dc:subject xml:lang="en">Learning Analytics and Monitoring Tools</dc:subject>
<dc:subject xml:lang="en">Life Long Learning</dc:subject>
<dc:subject xml:lang="en">Knowledge Building</dc:subject>
<dc:subject xml:lang="en">Literacy</dc:subject>
<dc:subject xml:lang="en">Teacher Education</dc:subject>
<dc:subject xml:lang="en">Education Technology</dc:subject>
    </dublin_core>