<?xml version="1.0" encoding="utf-8" standalone="no"?>
    <dublin_core schema="dc">
    <dcvalue element="contributor" qualifier="author">Lund, Kristine</dcvalue>
<dcvalue element="contributor" qualifier="author">Quignard, Matthieu</dcvalue>
      <dcvalue element="date" qualifier="accessioned">2017-06-19T10:50:27Z</dcvalue>
      <dcvalue element="date" qualifier="available">2017-06-19T10:50:27Z</dcvalue>
      <dcvalue element="date" qualifier="issued">2017-07</dcvalue>
      <dcvalue element="identifier" qualifier="citation" language="en_US">Lund, K. &amp; Quignard, M.&#x20;(2017).&#x20;The Dangers of Assuming Before Analysis: Three Case Studies of Argumentation and Cognition&#x20;In&#x20;Smith,&#x20;B.&#x20;K.,&#x20;Borge,&#x20;M.,&#x20;Mercier,&#x20;E.,&#x20;and&#x20;Lim,&#x20;K.&#x20;Y.&#x20;(Eds.).&#x20;(2017).&#x20;Making&#x20;a&#x20;Difference:&#x20;Prioritizing&#x20;Equity&#x20;and&#x20;Access&#x20;in&#x20;CSCL,&#x20;12th&#x20;International&#x20;Conference&#x20;on&#x20;Computer&#x20;Supported&#x20;Collaborative&#x20;Learning&#x20;(CSCL)&#x20;2017,&#x20;Volume&#x20;1.&#x20;Philadelphia,&#x20;PA:&#x20;International&#x20;Society&#x20;of&#x20;the&#x20;Learning&#x20;Sciences.</dcvalue>
      <dcvalue element="identifier" qualifier="uri">https:dx.doi.org&#x2F;10.22318&#x2F;cscl2017.33</dcvalue>
      <dcvalue element="description" qualifier="abstract" language="en_US">In this article, we argue that researchers in the hypothetico-deductive tradition expose themselves to dangers when they first make assumptions about theoretical constructs and second, when they gather data specifically in order to test the predictions arising from hypotheses about these constructs. We review our own research in computer supported collaborative learning and in computer supported collaborative work on argumentation and cognition to show ways to partially surmount these dangers while raising new methodological concerns. We conclude by underlining the importance of the role of theory and the importance of reflecting on these issues, especially in a multidisciplinary community such as the learning sciences. </dcvalue>
      <dcvalue element="language" qualifier="iso" language="en_US">en</dcvalue>
      <dcvalue element="publisher" qualifier="none" language="en_US">Philadelphia,&#x20;PA:&#x20;International&#x20;Society&#x20;of&#x20;the&#x20;Learning&#x20;Sciences.</dcvalue>
      <dcvalue element="title" qualifier="none" language="en_US">The Dangers of Assuming Before Analysis: Three Case Studies of Argumentation and Cognition</dcvalue>
      <dcvalue element="type" qualifier="none" language="en_US">Book&#x20;chapter</dcvalue>
      <dc:subject xml:lang="en">Education Technology</dc:subject>
<dc:subject xml:lang="en">Collaboration Skills</dc:subject>
<dc:subject xml:lang="en">Mathematics Education</dc:subject>
<dc:subject xml:lang="en">Innovative Software/Artifacts</dc:subject>
    </dublin_core>