<?xml version="1.0" encoding="utf-8" standalone="no"?>
    <dublin_core schema="dc">
    <dcvalue element="contributor" qualifier="author">Hardy, Lisa</dcvalue>
<dcvalue element="contributor" qualifier="author">White, Tobin</dcvalue>
      <dcvalue element="date" qualifier="accessioned">2017-03-21T12:05:42Z</dcvalue>
      <dcvalue element="date" qualifier="available">2017-03-21T12:05:42Z</dcvalue>
      <dcvalue element="date" qualifier="issued">2016-07</dcvalue>
      <dcvalue element="identifier" qualifier="citation" language="en_US">Hardy, L. &amp; White, T.&#x20;(2016).&#x20;Making Sense of Making Waves: Co-constructing Knowledge and Group Understanding Without Conceptual Convergence&#x20;In&#x20;Looi,&#x20;C.&#x20;K.,&#x20;Polman,&#x20;J.&#x20;L.,&#x20;Cress,&#x20;U.,&#x20;and&#x20;Reimann,&#x20;P.&#x20;(Eds.).&#x20;Transforming&#x20;Learning,&#x20;Empowering&#x20;Learners:&#x20;The&#x20;International&#x20;Conference&#x20;of&#x20;the&#x20;Learning&#x20;Sciences&#x20;(ICLS)&#x20;2016,&#x20;Volume&#x20;1.&#x20;Singapore:&#x20;International&#x20;Society&#x20;of&#x20;the&#x20;Learning&#x20;Sciences,&#x20;pp.&#x20;35-43.</dcvalue>
      <dcvalue element="identifier" qualifier="uri">info:doi&#x2F;10.22318&#x2F;icls2016.92</dcvalue>
      <dcvalue element="description" qualifier="abstract" language="en_US">In this paper we argue that collaborative learning doesn’t necessarily have to culminate in convergent conceptual change in order to be a success—that divergent perspectives can maintain tensions that are productive for learning even if they don’t get reconciled. We analyze the individual perspectival understandings demonstrated by students during and after a collaborative task, and argue that this lens provides mechanisms for showing how collaboration can be productive even in the absence of convergence. We discuss some implications for theories of group understanding, and designing face-to-face CSCL environments and activities.</dcvalue>
      <dcvalue element="language" qualifier="iso" language="en_US">en</dcvalue>
      <dcvalue element="publisher" qualifier="none" language="en_US">Singapore:&#x20;International&#x20;Society&#x20;of&#x20;the&#x20;Learning&#x20;Sciences</dcvalue>
      <dcvalue element="title" qualifier="none" language="en_US">Making Sense of Making Waves: Co-constructing Knowledge and Group Understanding Without Conceptual Convergence</dcvalue>
      <dcvalue element="type" qualifier="none" language="en_US">Book&#x20;chapter</dcvalue>
      &lt;dc:subject xml:lang="en"&gt;collaborative learning&lt;/dc:subject&gt;
&lt;dc:subject xml:lang="en"&gt;conceptual convergence&lt;/dc:subject&gt;
&lt;dc:subject xml:lang="en"&gt;group understanding&lt;/dc:subject&gt;
&lt;dc:subject xml:lang="en"&gt;perspectival understandings&lt;/dc:subject&gt;
    </dublin_core>