<?xml version="1.0" encoding="utf-8" standalone="no"?>
    <dublin_core schema="dc">
    <dcvalue element="contributor" qualifier="author">Lee, Victor R.</dcvalue>
<dcvalue element="contributor" qualifier="author">Tzou, Carrie</dcvalue>
<dcvalue element="contributor" qualifier="author">Bang, Megan</dcvalue>
<dcvalue element="contributor" qualifier="author">Bell, Philip</dcvalue>
<dcvalue element="contributor" qualifier="author">Stromholt, Shelley</dcvalue>
<dcvalue element="contributor" qualifier="author">Price, Nancy</dcvalue>
<dcvalue element="contributor" qualifier="author">Ng, Meixi</dcvalue>
<dcvalue element="contributor" qualifier="author">Kafai, Yasmin</dcvalue>
<dcvalue element="contributor" qualifier="author">Telhan, Orkan</dcvalue>
<dcvalue element="contributor" qualifier="author">Davis, Richard</dcvalue>
<dcvalue element="contributor" qualifier="author">Steele, K-Fai</dcvalue>
<dcvalue element="contributor" qualifier="author">Adleberg, Barrie</dcvalue>
<dcvalue element="contributor" qualifier="author">Kahn, Jennifer</dcvalue>
<dcvalue element="contributor" qualifier="author">Hall, Rogers</dcvalue>
<dcvalue element="contributor" qualifier="author">Phillips, Abigail</dcvalue>
<dcvalue element="contributor" qualifier="author">Hansen, Jennifer</dcvalue>
<dcvalue element="contributor" qualifier="author">Recker, Mimi</dcvalue>
<dcvalue element="contributor" qualifier="author">Barron, Brigid</dcvalue>
      <dcvalue element="date" qualifier="accessioned">2017-06-19T10:53:01Z</dcvalue>
      <dcvalue element="date" qualifier="available">2017-06-19T10:53:01Z</dcvalue>
      <dcvalue element="date" qualifier="issued">2017-07</dcvalue>
      <dcvalue element="identifier" qualifier="citation" language="en_US">Lee, V. R., Tzou, C., Bang, M., Bell, P., Stromholt, S., Price, N., Ng, M., Kafai, Y., Telhan, O., Davis, R., Steele, K., Adleberg, B., Kahn, J., Hall, R., Phillips, A., Hansen, J., Recker, M., &amp; Barron, B.&#x20;(2017).&#x20;Libraries as Emerging Spaces for Computer-Supported Collaborative Learning in Schools and Communities&#x20;In&#x20;Smith,&#x20;B.&#x20;K.,&#x20;Borge,&#x20;M.,&#x20;Mercier,&#x20;E.,&#x20;and&#x20;Lim,&#x20;K.&#x20;Y.&#x20;(Eds.).&#x20;(2017).&#x20;Making&#x20;a&#x20;Difference:&#x20;Prioritizing&#x20;Equity&#x20;and&#x20;Access&#x20;in&#x20;CSCL,&#x20;12th&#x20;International&#x20;Conference&#x20;on&#x20;Computer&#x20;Supported&#x20;Collaborative&#x20;Learning&#x20;(CSCL)&#x20;2017,&#x20;Volume&#x20;2.&#x20;Philadelphia,&#x20;PA:&#x20;International&#x20;Society&#x20;of&#x20;the&#x20;Learning&#x20;Sciences.</dcvalue>
      <dcvalue element="identifier" qualifier="uri">https:dx.doi.org&#x2F;10.22318&#x2F;cscl2017.117</dcvalue>
      <dcvalue element="description" qualifier="abstract" language="en_US">Libraries are undergoing a reconceptualization in their roles as lifelong learning centers for local communities, with STEM content areas and Maker activities receiving special emphasis. This represents a critical and unique research, design, and partnership opportunity for learning scientists and computer-supported collaborative learning scholars. This symposium brings together project teams from four different locales in the United States that have partnered with libraries to bring about new resources and activities that emphasize computer-supported collaborative learning. These projects represent major urban libraries, special collections, community branch libraries, and school libraries. By bringing together these different teams, this symposium aims to promote dialogue about the affordances and constraints associated with CSCL-oriented activity design in libraries, identify commonalities and differences across region and library types, and ground-truth what specific challenges and solutions have been identified in researcher-library partnerships.</dcvalue>
      <dcvalue element="language" qualifier="iso" language="en_US">en</dcvalue>
      <dcvalue element="publisher" qualifier="none" language="en_US">Philadelphia,&#x20;PA:&#x20;International&#x20;Society&#x20;of&#x20;the&#x20;Learning&#x20;Sciences.</dcvalue>
      <dcvalue element="title" qualifier="none" language="en_US">Libraries as Emerging Spaces for Computer-Supported Collaborative Learning in Schools and Communities</dcvalue>
      <dcvalue element="type" qualifier="none" language="en_US">Book&#x20;chapter</dcvalue>
      <dc:subject xml:lang="en"></dc:subject>
    </dublin_core>