<?xml version="1.0" encoding="utf-8" standalone="no"?>
    <dublin_core schema="dc">
    <dcvalue element="contributor" qualifier="author">Emara, Mona</dcvalue>
<dcvalue element="contributor" qualifier="author">Tscholl, Michael</dcvalue>
<dcvalue element="contributor" qualifier="author">Dong, Yi</dcvalue>
<dcvalue element="contributor" qualifier="author">Biswas, Gautam</dcvalue>
      <dcvalue element="date" qualifier="accessioned">2017-06-19T10:50:27Z</dcvalue>
      <dcvalue element="date" qualifier="available">2017-06-19T10:50:27Z</dcvalue>
      <dcvalue element="date" qualifier="issued">2017-07</dcvalue>
      <dcvalue element="identifier" qualifier="citation" language="en_US">Emara, M., Tscholl, M., Dong, Y., &amp; Biswas, G.&#x20;(2017).&#x20;Analyzing Students’ Collaborative Regulation Behaviors in a Classroom-Integrated Open Ended Learning Environment&#x20;In&#x20;Smith,&#x20;B.&#x20;K.,&#x20;Borge,&#x20;M.,&#x20;Mercier,&#x20;E.,&#x20;and&#x20;Lim,&#x20;K.&#x20;Y.&#x20;(Eds.).&#x20;(2017).&#x20;Making&#x20;a&#x20;Difference:&#x20;Prioritizing&#x20;Equity&#x20;and&#x20;Access&#x20;in&#x20;CSCL,&#x20;12th&#x20;International&#x20;Conference&#x20;on&#x20;Computer&#x20;Supported&#x20;Collaborative&#x20;Learning&#x20;(CSCL)&#x20;2017,&#x20;Volume&#x20;1.&#x20;Philadelphia,&#x20;PA:&#x20;International&#x20;Society&#x20;of&#x20;the&#x20;Learning&#x20;Sciences.</dcvalue>
      <dcvalue element="identifier" qualifier="uri">https:dx.doi.org&#x2F;10.22318&#x2F;cscl2017.44</dcvalue>
      <dcvalue element="description" qualifier="abstract" language="en_US">Identifying the effects of students’ collaborative regulation behavior when working on a task is an important step towards a better understanding of how collaboration supports learning. We discuss a study where we combined analysis of students’ dialogues with an automated analysis of their action patterns as they constructed science models in an open-ended learning environment. Our results show that students use different types of collaborative regulation be-haviors, and that these behaviors affect their performance on the system as well as their pre-post learning gains. We also showed that groups, which adopt more shared regulation used different learning strategies than groups that did not.</dcvalue>
      <dcvalue element="language" qualifier="iso" language="en_US">en</dcvalue>
      <dcvalue element="publisher" qualifier="none" language="en_US">Philadelphia,&#x20;PA:&#x20;International&#x20;Society&#x20;of&#x20;the&#x20;Learning&#x20;Sciences.</dcvalue>
      <dcvalue element="title" qualifier="none" language="en_US">Analyzing Students’ Collaborative Regulation Behaviors in a Classroom-Integrated Open Ended Learning Environment</dcvalue>
      <dcvalue element="type" qualifier="none" language="en_US">Book&#x20;chapter</dcvalue>
      <dc:subject xml:lang="en">Creativity</dc:subject>
<dc:subject xml:lang="en">Project-Based Instruction</dc:subject>
<dc:subject xml:lang="en">Problem Solving Tool</dc:subject>
<dc:subject xml:lang="en">Core Competencies</dc:subject>
    </dublin_core>