<?xml version="1.0" encoding="utf-8" standalone="no"?>
    <dublin_core schema="dc">
    <dcvalue element="contributor" qualifier="author">Rodríguez, Fernando J.</dcvalue>
<dcvalue element="contributor" qualifier="author">Price, Kimberly Michelle</dcvalue>
<dcvalue element="contributor" qualifier="author">Boyer, Kristy Elizabeth</dcvalue>
      <dcvalue element="date" qualifier="accessioned">2017-06-19T10:50:27Z</dcvalue>
      <dcvalue element="date" qualifier="available">2017-06-19T10:50:27Z</dcvalue>
      <dcvalue element="date" qualifier="issued">2017-07</dcvalue>
      <dcvalue element="identifier" qualifier="citation" language="en_US">Rodríguez, F. J., Price, K. M., &amp; Boyer, K. E.&#x20;(2017).&#x20;Expressing and Addressing Uncertainty: A Study of Collaborative Problem-Solving Dialogues&#x20;In&#x20;Smith,&#x20;B.&#x20;K.,&#x20;Borge,&#x20;M.,&#x20;Mercier,&#x20;E.,&#x20;and&#x20;Lim,&#x20;K.&#x20;Y.&#x20;(Eds.).&#x20;(2017).&#x20;Making&#x20;a&#x20;Difference:&#x20;Prioritizing&#x20;Equity&#x20;and&#x20;Access&#x20;in&#x20;CSCL,&#x20;12th&#x20;International&#x20;Conference&#x20;on&#x20;Computer&#x20;Supported&#x20;Collaborative&#x20;Learning&#x20;(CSCL)&#x20;2017,&#x20;Volume&#x20;1.&#x20;Philadelphia,&#x20;PA:&#x20;International&#x20;Society&#x20;of&#x20;the&#x20;Learning&#x20;Sciences.</dcvalue>
      <dcvalue element="identifier" qualifier="uri">https:dx.doi.org&#x2F;10.22318&#x2F;cscl2017.30</dcvalue>
      <dcvalue element="description" qualifier="abstract" language="en_US">To support learners during collaborative problem solving, developing a deeper understanding of collaborative dialogue is essential. This paper focuses on one important aspect of collaborative dialogue: expressions of uncertainty. In a study of undergraduate novice computer science students working in pairs, we observed that the students who produced the lowest quality solutions expressed uncertainty more often than those who produced middle-quality solutions. Perhaps surprisingly, pairs with the highest quality solutions also expressed more uncertainty than the middle performers. Examining the ways in which students expressed and then followed up on uncertainty revealed that higher-performing pairs utilized emerging learning opportunities when uncertainty was expressed, and remained focused on one task at a time. In contrast, the lower-performing pairs often did not resolve their uncertainty before moving on, attempting to work with multiple incomplete pieces of the solution simultaneously. These findings provide insight into how best to support collaborative learning during uncertainty.</dcvalue>
      <dcvalue element="language" qualifier="iso" language="en_US">en</dcvalue>
      <dcvalue element="publisher" qualifier="none" language="en_US">Philadelphia,&#x20;PA:&#x20;International&#x20;Society&#x20;of&#x20;the&#x20;Learning&#x20;Sciences.</dcvalue>
      <dcvalue element="title" qualifier="none" language="en_US">Expressing and Addressing Uncertainty: A Study of Collaborative Problem-Solving Dialogues</dcvalue>
      <dcvalue element="type" qualifier="none" language="en_US">Book&#x20;chapter</dcvalue>
      <dc:subject xml:lang="en">Innovative Design Approach</dc:subject>
<dc:subject xml:lang="en">Project-Based Instruction</dc:subject>
<dc:subject xml:lang="en">Scaffolding</dc:subject>
<dc:subject xml:lang="en">Authoring Tool</dc:subject>
    </dublin_core>