<?xml version="1.0" encoding="utf-8" standalone="no"?>
    <dublin_core schema="dc">
    <dcvalue element="contributor" qualifier="author">Rau, Martina</dcvalue>
<dcvalue element="contributor" qualifier="author">Wu, Sally</dcvalue>
      <dcvalue element="date" qualifier="accessioned">2017-06-19T10:50:27Z</dcvalue>
      <dcvalue element="date" qualifier="available">2017-06-19T10:50:27Z</dcvalue>
      <dcvalue element="date" qualifier="issued">2017-07</dcvalue>
      <dcvalue element="identifier" qualifier="citation" language="en_US">Rau, M. &amp; Wu, S.&#x20;(2017).&#x20;Educational Technology Support for Collaborative Learning With Multiple Visual Representations in Chemistry&#x20;In&#x20;Smith,&#x20;B.&#x20;K.,&#x20;Borge,&#x20;M.,&#x20;Mercier,&#x20;E.,&#x20;and&#x20;Lim,&#x20;K.&#x20;Y.&#x20;(Eds.).&#x20;(2017).&#x20;Making&#x20;a&#x20;Difference:&#x20;Prioritizing&#x20;Equity&#x20;and&#x20;Access&#x20;in&#x20;CSCL,&#x20;12th&#x20;International&#x20;Conference&#x20;on&#x20;Computer&#x20;Supported&#x20;Collaborative&#x20;Learning&#x20;(CSCL)&#x20;2017,&#x20;Volume&#x20;1.&#x20;Philadelphia,&#x20;PA:&#x20;International&#x20;Society&#x20;of&#x20;the&#x20;Learning&#x20;Sciences.</dcvalue>
      <dcvalue element="identifier" qualifier="uri">https:dx.doi.org&#x2F;10.22318&#x2F;cscl2017.14</dcvalue>
      <dcvalue element="description" qualifier="abstract" language="en_US">Educational technologies have two features that can enhance collaborative learning. First, they can provide collaboration scripts that adaptively react to student actions and prompt them to engage in effective collaborative behaviors. Second, collaboration often involves multiple visual representations. But many students have difficulties in making sense of representations. Educational technologies can support students in doing so by adapting to how they construct, interpret, and connect representations. We conducted a quasi-experiment with 61 undergraduate chemistry students to test the effectiveness of an adaptive collaboration script that prompts students to discuss visual representations. A control condition collaboratively solved worksheet problems with multiple visual representations without a collaboration script. An experimental condition solved the same problems using an educational technology with the script. The experimental condition showed significantly higher learning gains on a transfer posttest and on complex questions on a midterm exam three weeks later.</dcvalue>
      <dcvalue element="language" qualifier="iso" language="en_US">en</dcvalue>
      <dcvalue element="publisher" qualifier="none" language="en_US">Philadelphia,&#x20;PA:&#x20;International&#x20;Society&#x20;of&#x20;the&#x20;Learning&#x20;Sciences.</dcvalue>
      <dcvalue element="title" qualifier="none" language="en_US">Educational Technology Support for Collaborative Learning With Multiple Visual Representations in Chemistry</dcvalue>
      <dcvalue element="type" qualifier="none" language="en_US">Book&#x20;chapter</dcvalue>
      <dc:subject xml:lang="en">Design-Based Research</dc:subject>
<dc:subject xml:lang="en">Learning Management Systems</dc:subject>
<dc:subject xml:lang="en">Collaboration Skills</dc:subject>
<dc:subject xml:lang="en">Computing Education</dc:subject>
    </dublin_core>