<?xml version="1.0" encoding="utf-8" standalone="no"?>
    <dublin_core schema="dc">
    <dcvalue element="contributor" qualifier="author">Hartmann, Christian</dcvalue>
<dcvalue element="contributor" qualifier="author">Olsen, Jennifer K.</dcvalue>
<dcvalue element="contributor" qualifier="author">Brand, Charleen</dcvalue>
<dcvalue element="contributor" qualifier="author">Aleven, Vincent</dcvalue>
<dcvalue element="contributor" qualifier="author">Rummel, Nikol</dcvalue>
      <dcvalue element="date" qualifier="accessioned">2017-06-19T10:52:18Z</dcvalue>
      <dcvalue element="date" qualifier="available">2017-06-19T10:52:18Z</dcvalue>
      <dcvalue element="date" qualifier="issued">2017-07</dcvalue>
      <dcvalue element="identifier" qualifier="citation" language="en_US">Hartmann, C., Olsen, J. K., Brand, C., Aleven, V., &amp; Rummel, N.&#x20;(2017).&#x20;Examining Positive and Negative Interdependence in an Elementary School CSCL Setting&#x20;In&#x20;Smith,&#x20;B.&#x20;K.,&#x20;Borge,&#x20;M.,&#x20;Mercier,&#x20;E.,&#x20;and&#x20;Lim,&#x20;K.&#x20;Y.&#x20;(Eds.).&#x20;(2017).&#x20;Making&#x20;a&#x20;Difference:&#x20;Prioritizing&#x20;Equity&#x20;and&#x20;Access&#x20;in&#x20;CSCL,&#x20;12th&#x20;International&#x20;Conference&#x20;on&#x20;Computer&#x20;Supported&#x20;Collaborative&#x20;Learning&#x20;(CSCL)&#x20;2017,&#x20;Volume&#x20;2.&#x20;Philadelphia,&#x20;PA:&#x20;International&#x20;Society&#x20;of&#x20;the&#x20;Learning&#x20;Sciences.</dcvalue>
      <dcvalue element="identifier" qualifier="uri">https:dx.doi.org&#x2F;10.22318&#x2F;cscl2017.96</dcvalue>
      <dcvalue element="description" qualifier="abstract" language="en_US">Social interdependence is a key concept in CSCL research. However, investigations of students’ positive and negative interdependence during collaborative activities have often relied on self-report, rather than dialogue analysis. Bringing together politeness and social interdependence theory, we assessed dialogue indicators of positive and negative interdependence from behavioral data (namely, face-saving and face-threatening dialogue moves) and compared the results with those of self-report scales. We analyzed a data set of 30 elementary students learning fractions with an intelligent tutoring system (ITS). Our initial analyses focus on the link between use of language that is face-saving (e.g., marking identity with statements such as “we are great”) or face-threatening (e.g., insulting), and students’ preferences to collaborate and compete. We found only non-significant correlations between these two broad categories, but found significant correlations between dialogue indicators, such as the use of identity markers and joking, that suggest directions for subsequent studies.</dcvalue>
      <dcvalue element="language" qualifier="iso" language="en_US">en</dcvalue>
      <dcvalue element="publisher" qualifier="none" language="en_US">Philadelphia,&#x20;PA:&#x20;International&#x20;Society&#x20;of&#x20;the&#x20;Learning&#x20;Sciences.</dcvalue>
      <dcvalue element="title" qualifier="none" language="en_US">Examining Positive and Negative Interdependence in an Elementary School CSCL Setting</dcvalue>
      <dcvalue element="type" qualifier="none" language="en_US">Book&#x20;chapter</dcvalue>
      <dc:subject xml:lang="en">Innovative Design Approach</dc:subject>
<dc:subject xml:lang="en">Descriptive Studies</dc:subject>
<dc:subject xml:lang="en">Participatory Design</dc:subject>
<dc:subject xml:lang="en">Contextual Design</dc:subject>
    </dublin_core>