<?xml version="1.0" encoding="utf-8" standalone="no"?>
    <dublin_core schema="dc">
    <dcvalue element="contributor" qualifier="author">Dornfeld, Catherine</dcvalue>
<dcvalue element="contributor" qualifier="author">Zhao, Naxin</dcvalue>
<dcvalue element="contributor" qualifier="author">Puntambekar, Sadhana</dcvalue>
      <dcvalue element="date" qualifier="accessioned">2017-06-19T10:50:27Z</dcvalue>
      <dcvalue element="date" qualifier="available">2017-06-19T10:50:27Z</dcvalue>
      <dcvalue element="date" qualifier="issued">2017-07</dcvalue>
      <dcvalue element="identifier" qualifier="citation" language="en_US">Dornfeld, C., Zhao, N., &amp; Puntambekar, S.&#x20;(2017).&#x20;A Mixed-Methods Approach for Studying Collaborative Learning Processes at Individual and Group Levels&#x20;In&#x20;Smith,&#x20;B.&#x20;K.,&#x20;Borge,&#x20;M.,&#x20;Mercier,&#x20;E.,&#x20;and&#x20;Lim,&#x20;K.&#x20;Y.&#x20;(Eds.).&#x20;(2017).&#x20;Making&#x20;a&#x20;Difference:&#x20;Prioritizing&#x20;Equity&#x20;and&#x20;Access&#x20;in&#x20;CSCL,&#x20;12th&#x20;International&#x20;Conference&#x20;on&#x20;Computer&#x20;Supported&#x20;Collaborative&#x20;Learning&#x20;(CSCL)&#x20;2017,&#x20;Volume&#x20;1.&#x20;Philadelphia,&#x20;PA:&#x20;International&#x20;Society&#x20;of&#x20;the&#x20;Learning&#x20;Sciences.</dcvalue>
      <dcvalue element="identifier" qualifier="uri">https:dx.doi.org&#x2F;10.22318&#x2F;cscl2017.28</dcvalue>
      <dcvalue element="description" qualifier="abstract" language="en_US">Learning processes that unfold during small-group collaboration may impact conceptual outcomes for individual students. To study how learning processes unfolded for eighth grade students collaborating in an e-textbook research activity, we analyzed data sources at individual and group levels using multiple methods, including nonparametric tests, text mining, Markov modeling, and quantitative discourse analysis. Individual measures revealed learning gains on content tests and documentation of shared ideas during collaboration. Group measures revealed increased conceptual discourse over time and streamlining of the research process. Measures at each level indicated distinct paths of inquiry for students and groups; however, these differences were not associated with negative conceptual outcomes. These findings have implications for how we understand how collaborative learning processes unfold, especially between the individual and the group, and how we design support for collaboration and knowledge sharing. </dcvalue>
      <dcvalue element="language" qualifier="iso" language="en_US">en</dcvalue>
      <dcvalue element="publisher" qualifier="none" language="en_US">Philadelphia,&#x20;PA:&#x20;International&#x20;Society&#x20;of&#x20;the&#x20;Learning&#x20;Sciences.</dcvalue>
      <dcvalue element="title" qualifier="none" language="en_US">A Mixed-Methods Approach for Studying Collaborative Learning Processes at Individual and Group Levels</dcvalue>
      <dcvalue element="type" qualifier="none" language="en_US">Book&#x20;chapter</dcvalue>
      <dc:subject xml:lang="en">Surveys and Questionnaires</dc:subject>
<dc:subject xml:lang="en">Participatory Simulations</dc:subject>
<dc:subject xml:lang="en">Workplace</dc:subject>
<dc:subject xml:lang="en">Competence/Expertise</dc:subject>
<dc:subject xml:lang="en">Education Technology</dc:subject>
<dc:subject xml:lang="en">Computing Education</dc:subject>
<dc:subject xml:lang="en">Stakeholder Analysis</dc:subject>
<dc:subject xml:lang="en">Information Analysis</dc:subject>
<dc:subject xml:lang="en">Process Support</dc:subject>
<dc:subject xml:lang="en">Skill Development</dc:subject>
    </dublin_core>