<?xml version="1.0" encoding="utf-8" standalone="no"?>
    <dublin_core schema="dc">
    <dcvalue element="contributor" qualifier="author">Taylor, Katie Headrick</dcvalue>
<dcvalue element="contributor" qualifier="author">Silvis, Deborah</dcvalue>
      <dcvalue element="date" qualifier="accessioned">2017-06-19T10:50:27Z</dcvalue>
      <dcvalue element="date" qualifier="available">2017-06-19T10:50:27Z</dcvalue>
      <dcvalue element="date" qualifier="issued">2017-07</dcvalue>
      <dcvalue element="identifier" qualifier="citation" language="en_US">Taylor, K. H. &amp; Silvis, D.&#x20;(2017).&#x20;Mobile City Science: Technology-Supported Collaborative Learning at Community Scale&#x20;In&#x20;Smith,&#x20;B.&#x20;K.,&#x20;Borge,&#x20;M.,&#x20;Mercier,&#x20;E.,&#x20;and&#x20;Lim,&#x20;K.&#x20;Y.&#x20;(Eds.).&#x20;(2017).&#x20;Making&#x20;a&#x20;Difference:&#x20;Prioritizing&#x20;Equity&#x20;and&#x20;Access&#x20;in&#x20;CSCL,&#x20;12th&#x20;International&#x20;Conference&#x20;on&#x20;Computer&#x20;Supported&#x20;Collaborative&#x20;Learning&#x20;(CSCL)&#x20;2017,&#x20;Volume&#x20;1.&#x20;Philadelphia,&#x20;PA:&#x20;International&#x20;Society&#x20;of&#x20;the&#x20;Learning&#x20;Sciences.</dcvalue>
      <dcvalue element="identifier" qualifier="uri">https:dx.doi.org&#x2F;10.22318&#x2F;cscl2017.53</dcvalue>
      <dcvalue element="description" qualifier="abstract" language="en_US">In a new era of digital media and democracy, there is widespread concern that technologies have incapacitated us from learning and teaching across diverse communities and perspectives. While this notion may ring true in certain contexts, this paper describes a study, “Mobile City Science,” that designed a novel learning experience in which educators and young people used mobile and place-based technologies to document and analyze the diverse perspectives of community members living in rapidly changing urban areas. The objective of this work was to teach young people digital literacies associated with “city science,” an emerging interdisciplinary field that creates data-driven approaches to complicated community issues. Participants were videotaped as they collected and analyzed information about a specific neighborhood using wearable cameras, GPS devices, heart rate monitors, and a GIS software. Early findings show that Mobile City Science uses technology to engage people with diverse perspectives around a community scale problem. </dcvalue>
      <dcvalue element="language" qualifier="iso" language="en_US">en</dcvalue>
      <dcvalue element="publisher" qualifier="none" language="en_US">Philadelphia,&#x20;PA:&#x20;International&#x20;Society&#x20;of&#x20;the&#x20;Learning&#x20;Sciences.</dcvalue>
      <dcvalue element="title" qualifier="none" language="en_US">Mobile City Science: Technology-Supported Collaborative Learning at Community Scale</dcvalue>
      <dcvalue element="type" qualifier="none" language="en_US">Book&#x20;chapter</dcvalue>
      <dc:subject xml:lang="en">Portable/Ubiquitous Collaboration</dc:subject>
<dc:subject xml:lang="en">Didactics</dc:subject>
<dc:subject xml:lang="en">Innovative Software/Artifacts</dc:subject>
<dc:subject xml:lang="en">Education Technology</dc:subject>
    </dublin_core>