<?xml version="1.0" encoding="utf-8" standalone="no"?>
    <dublin_core schema="dc">
    <dcvalue element="contributor" qualifier="author">Pier, Elizabeth L.</dcvalue>
<dcvalue element="contributor" qualifier="author">Raclaw, Joshua</dcvalue>
<dcvalue element="contributor" qualifier="author">Ford, Cecilia E.</dcvalue>
<dcvalue element="contributor" qualifier="author">Kaatz, Anna</dcvalue>
<dcvalue element="contributor" qualifier="author">Carnes, Molly</dcvalue>
<dcvalue element="contributor" qualifier="author">Nathan, Mitchell J.</dcvalue>
      <dcvalue element="date" qualifier="accessioned">2017-06-19T10:52:18Z</dcvalue>
      <dcvalue element="date" qualifier="available">2017-06-19T10:52:18Z</dcvalue>
      <dcvalue element="date" qualifier="issued">2017-07</dcvalue>
      <dcvalue element="identifier" qualifier="citation" language="en_US">Pier, E. L., Raclaw, J., Ford, C. E., Kaatz, A., Carnes, M., &amp; Nathan, M. J.&#x20;(2017).&#x20;Videoconferencing in Peer Review: Exploring Differences in Efficiency and Outcomes&#x20;In&#x20;Smith,&#x20;B.&#x20;K.,&#x20;Borge,&#x20;M.,&#x20;Mercier,&#x20;E.,&#x20;and&#x20;Lim,&#x20;K.&#x20;Y.&#x20;(Eds.).&#x20;(2017).&#x20;Making&#x20;a&#x20;Difference:&#x20;Prioritizing&#x20;Equity&#x20;and&#x20;Access&#x20;in&#x20;CSCL,&#x20;12th&#x20;International&#x20;Conference&#x20;on&#x20;Computer&#x20;Supported&#x20;Collaborative&#x20;Learning&#x20;(CSCL)&#x20;2017,&#x20;Volume&#x20;2.&#x20;Philadelphia,&#x20;PA:&#x20;International&#x20;Society&#x20;of&#x20;the&#x20;Learning&#x20;Sciences.</dcvalue>
      <dcvalue element="identifier" qualifier="uri">https:dx.doi.org&#x2F;10.22318&#x2F;cscl2017.75</dcvalue>
      <dcvalue element="description" qualifier="abstract" language="en_US">Technology-mediated communication, such as teleconference and videoconference, has been found to affect group decision-making processes compared to face-to-face settings. Scientific peer review panels offer a site of authentic, collaborative decision making among expert scientists, yet no research has examined the impact of videoconferencing on such decision-making practices. We assigned real, de-identified grant applications submitted to the National Institutes of Health (NIH) to four panels of experienced NIH reviewers, one of which met via videoconference. The videoconference panel was slightly more efficient than the face- to-face panels, but the outcomes of their decision making (i.e., the scores assigned to grant applications) did not differ. However, preliminary analyses suggest there are differences in the nature of the collaborative discussion among reviewers between the two meeting formats. We discuss implications for research into technology-mediated collaborative decision making, as well as for the scientific grant peer review process broadly.</dcvalue>
      <dcvalue element="language" qualifier="iso" language="en_US">en</dcvalue>
      <dcvalue element="publisher" qualifier="none" language="en_US">Philadelphia,&#x20;PA:&#x20;International&#x20;Society&#x20;of&#x20;the&#x20;Learning&#x20;Sciences.</dcvalue>
      <dcvalue element="title" qualifier="none" language="en_US">Videoconferencing in Peer Review: Exploring Differences in Efficiency and Outcomes</dcvalue>
      <dcvalue element="type" qualifier="none" language="en_US">Book&#x20;chapter</dcvalue>
      <dc:subject xml:lang="en">Participatory Design</dc:subject>
<dc:subject xml:lang="en">Learning Outcomes</dc:subject>
<dc:subject xml:lang="en">Secondary School</dc:subject>
<dc:subject xml:lang="en">Situated Learning</dc:subject>
<dc:subject xml:lang="en">Science Education</dc:subject>
<dc:subject xml:lang="en">Interaction Tool</dc:subject>
<dc:subject xml:lang="en">Design-Based Research</dc:subject>
<dc:subject xml:lang="en">Education Technology</dc:subject>
<dc:subject xml:lang="en">Gaming</dc:subject>
<dc:subject xml:lang="en">Skill Development</dc:subject>
    </dublin_core>