<?xml version="1.0" encoding="utf-8" standalone="no"?>
    <dublin_core schema="dc">
    <dcvalue element="contributor" qualifier="author">Bereiter, Carl</dcvalue>
<dcvalue element="contributor" qualifier="author">Cress, Ulrike</dcvalue>
<dcvalue element="contributor" qualifier="author">Fischer, Frank</dcvalue>
<dcvalue element="contributor" qualifier="author">Hakkarainen, Kai</dcvalue>
<dcvalue element="contributor" qualifier="author">Scardamalia, Marlene</dcvalue>
<dcvalue element="contributor" qualifier="author">Vogel, Freydis</dcvalue>
      <dcvalue element="date" qualifier="accessioned">2017-06-19T10:53:01Z</dcvalue>
      <dcvalue element="date" qualifier="available">2017-06-19T10:53:01Z</dcvalue>
      <dcvalue element="date" qualifier="issued">2017-07</dcvalue>
      <dcvalue element="identifier" qualifier="citation" language="en_US">Bereiter, C., Cress, U., Fischer, F., Hakkarainen, K., Scardamalia, M., &amp; Vogel, F.&#x20;(2017).&#x20;Scripted and Unscripted Aspects of Creative Work With Knowledge&#x20;In&#x20;Smith,&#x20;B.&#x20;K.,&#x20;Borge,&#x20;M.,&#x20;Mercier,&#x20;E.,&#x20;and&#x20;Lim,&#x20;K.&#x20;Y.&#x20;(Eds.).&#x20;(2017).&#x20;Making&#x20;a&#x20;Difference:&#x20;Prioritizing&#x20;Equity&#x20;and&#x20;Access&#x20;in&#x20;CSCL,&#x20;12th&#x20;International&#x20;Conference&#x20;on&#x20;Computer&#x20;Supported&#x20;Collaborative&#x20;Learning&#x20;(CSCL)&#x20;2017,&#x20;Volume&#x20;2.&#x20;Philadelphia,&#x20;PA:&#x20;International&#x20;Society&#x20;of&#x20;the&#x20;Learning&#x20;Sciences.</dcvalue>
      <dcvalue element="identifier" qualifier="uri">https:dx.doi.org&#x2F;10.22318&#x2F;cscl2017.119</dcvalue>
      <dcvalue element="description" qualifier="abstract" language="en_US">Advances in scripting theory and advances in support for student-driven knowledge construction call for a reconsideration of long-standing issues of guidance, control, and agency. This symposium undertakes a fresh analysis based on the relations between two widely adopted approaches that may be poles apart but arguably viewed as variations within a common applied epistemological framework. The two approaches are scripted collaboration and Knowledge Building. Rather than focusing on similarities and differences, the symposium will address deeper problems such as reconciling external supports of all kinds with the self-organizing character of knowledge construction and integrating such supports into classrooms viewed as knowledge-creating communities. The centerpiece of the symposium is a panel discussion that includes experts who provide different theoretical viewpoints. In its synthesis the symposium will capture and make sense of what is strongest in the two approaches and provide a broad conceptual basis for next-generation initiatives.</dcvalue>
      <dcvalue element="language" qualifier="iso" language="en_US">en</dcvalue>
      <dcvalue element="publisher" qualifier="none" language="en_US">Philadelphia,&#x20;PA:&#x20;International&#x20;Society&#x20;of&#x20;the&#x20;Learning&#x20;Sciences.</dcvalue>
      <dcvalue element="title" qualifier="none" language="en_US">Scripted and Unscripted Aspects of Creative Work With Knowledge</dcvalue>
      <dcvalue element="type" qualifier="none" language="en_US">Book&#x20;chapter</dcvalue>
      <dc:subject xml:lang="en"></dc:subject>
    </dublin_core>