<?xml version="1.0" encoding="utf-8" standalone="no"?>
    <dublin_core schema="dc">
    <dcvalue element="contributor" qualifier="author">Vogel, Freydis</dcvalue>
<dcvalue element="contributor" qualifier="author">Kollar, Ingo</dcvalue>
<dcvalue element="contributor" qualifier="author">Ufer, Stefan</dcvalue>
<dcvalue element="contributor" qualifier="author">Reichersdorfer, Elisabeth</dcvalue>
<dcvalue element="contributor" qualifier="author">Reiss, Kristina</dcvalue>
<dcvalue element="contributor" qualifier="author">Fischer, Frank</dcvalue>
      <dcvalue element="date" qualifier="accessioned">2017-06-19T14:51:54Z</dcvalue>
      <dcvalue element="date" qualifier="available">2017-06-19T14:51:54Z</dcvalue>
      <dcvalue element="date" qualifier="issued">2015-07</dcvalue>
      <dcvalue element="identifier" qualifier="citation" language="en_US">Vogel, F., Kollar, I., Ufer, S., Reichersdorfer, E., Reiss, K., &amp; Fischer, F.&#x20;(2015).&#x20;Fostering Argumentation Skills in Mathematics with Adaptable Collaboration Scripts: Only Viable for Good Self-Regulators?&#x20;In&#x20; Lindwall,&#x20;O.,&#x20;Häkkinen,&#x20;P.,&#x20;Koschman,&#x20;T.&#x20;Tchounikine,&#x20;P.&#x20;&#x20;Ludvigsen,&#x20;S.&#x20;(Eds.)&#x20;(2015).&#x20;Exploring&#x20;the&#x20;Material&#x20;Conditions&#x20;of&#x20;Learning:&#x20;The&#x20;Computer&#x20;Supported&#x20;Collaborative&#x20;Learning&#x20;(CSCL)&#x20;Conference&#x20;2015,&#x20;Volume&#x20;2.&#x20;Gothenburg,&#x20;Sweden:&#x20;The&#x20;International&#x20;Society&#x20;of&#x20;the&#x20;Learning&#x20;Sciences.</dcvalue>
      <dcvalue element="identifier" qualifier="uri">https://doi.dx.org&#x2F;10.22318&#x2F;cscl2015.373</dcvalue>
      <dcvalue element="description" qualifier="abstract" language="en_US">Argumentation scripts have been proposed as an effective means to structure students’ argumentation and to support their acquisition of argumentation skills. Yet, argumentation scripts run the danger of overscripting students’ argumentation. A possible solution might be to offer adaptable argumentation scripts that allow students to adjust the script to their own needs. This study compares the effects of three argumentation scripts (high structured vs. low structured vs. adaptable) on students’ argumentation skills. Furthermore, we investigate to what extent students’ self-regulation skills influence the acquisition of argumentation skills in the three conditions. N = 109 math students were randomized to the three treatment conditions and worked in dyads on mathematical proof tasks in a CSCL environment. Students’ argumentation skills increased between pre- and post-tests with comparable gains in all three conditions. Only for students learning with the adaptable argumentation script, self-regulation skills were a significant positive predictor for argumentation skills. 
</dcvalue>
      <dcvalue element="language" qualifier="iso" language="en_US">en</dcvalue>
      <dcvalue element="publisher" qualifier="none" language="en_US"> International&#x20;Society&#x20;of&#x20;the&#x20;Learning&#x20;Sciences,&#x20;Inc.&#x20;[ISLS].</dcvalue>
      <dcvalue element="title" qualifier="none" language="en_US">Fostering Argumentation Skills in Mathematics with Adaptable Collaboration Scripts: Only Viable for Good Self-Regulators?</dcvalue>
      <dcvalue element="type" qualifier="none" language="en_US">Book&#x20;chapter</dcvalue>
      <dc:subject xml:lang="en">collaboration scripts</dc:subject>
<dc:subject xml:lang="en">argumentation</dc:subject>
<dc:subject xml:lang="en">mathematics</dc:subject>
    </dublin_core>