<?xml version="1.0" encoding="utf-8" standalone="no"?>
    <dublin_core schema="dc">
    <dcvalue element="contributor" qualifier="author">Greenwald, Scott W.</dcvalue>
<dcvalue element="contributor" qualifier="author">Kulik, Alexander</dcvalue>
<dcvalue element="contributor" qualifier="author">Kunert, André</dcvalue>
<dcvalue element="contributor" qualifier="author">Beck, Stephan</dcvalue>
<dcvalue element="contributor" qualifier="author">Fröhlich, Bernd</dcvalue>
<dcvalue element="contributor" qualifier="author">Cobb, Sue</dcvalue>
<dcvalue element="contributor" qualifier="author">Parsons, Sarah</dcvalue>
<dcvalue element="contributor" qualifier="author">Newbutt, Nigel</dcvalue>
<dcvalue element="contributor" qualifier="author">Gouveia, Christine</dcvalue>
<dcvalue element="contributor" qualifier="author">Cook, Claire</dcvalue>
<dcvalue element="contributor" qualifier="author">Snyder, Anne</dcvalue>
<dcvalue element="contributor" qualifier="author">Payne, Scott</dcvalue>
<dcvalue element="contributor" qualifier="author">Holland, Jennifer</dcvalue>
<dcvalue element="contributor" qualifier="author">Buessing, Shawn</dcvalue>
<dcvalue element="contributor" qualifier="author">Fields, Gabriel</dcvalue>
<dcvalue element="contributor" qualifier="author">Corning, Wiley</dcvalue>
<dcvalue element="contributor" qualifier="author">Lee, Victoria</dcvalue>
<dcvalue element="contributor" qualifier="author">Xia, Lei</dcvalue>
<dcvalue element="contributor" qualifier="author">Maes, Pattie</dcvalue>
      <dcvalue element="date" qualifier="accessioned">2017-06-19T10:53:01Z</dcvalue>
      <dcvalue element="date" qualifier="available">2017-06-19T10:53:01Z</dcvalue>
      <dcvalue element="date" qualifier="issued">2017-07</dcvalue>
      <dcvalue element="identifier" qualifier="citation" language="en_US">Greenwald, S. W., Kulik, A., Kunert, A., Beck, S., Fröhlich, B., Cobb, S., Parsons, S., Newbutt, N., Gouveia, C., Cook, C., Snyder, A., Payne, S., Holland, J., Buessing, S., Fields, G., Corning, W., Lee, V., Xia, L., &amp; Maes, P.&#x20;(2017).&#x20;Technology and Applications for Collaborative Learning in Virtual Reality&#x20;In&#x20;Smith,&#x20;B.&#x20;K.,&#x20;Borge,&#x20;M.,&#x20;Mercier,&#x20;E.,&#x20;and&#x20;Lim,&#x20;K.&#x20;Y.&#x20;(Eds.).&#x20;(2017).&#x20;Making&#x20;a&#x20;Difference:&#x20;Prioritizing&#x20;Equity&#x20;and&#x20;Access&#x20;in&#x20;CSCL,&#x20;12th&#x20;International&#x20;Conference&#x20;on&#x20;Computer&#x20;Supported&#x20;Collaborative&#x20;Learning&#x20;(CSCL)&#x20;2017,&#x20;Volume&#x20;2.&#x20;Philadelphia,&#x20;PA:&#x20;International&#x20;Society&#x20;of&#x20;the&#x20;Learning&#x20;Sciences.</dcvalue>
      <dcvalue element="identifier" qualifier="uri">https:dx.doi.org&#x2F;10.22318&#x2F;cscl2017.115</dcvalue>
      <dcvalue element="description" qualifier="abstract" language="en_US">In this symposium we explore the immense potential for virtual reality to be applied in educational settings. We discuss recent technological developments against a backdrop of several decades of research. Six presentations, including four from academic authors and two from the commercial sector, will explore user requirements, new technologies, and practical issues in collaborative VR applications for learning. \ </dcvalue>
      <dcvalue element="language" qualifier="iso" language="en_US">en</dcvalue>
      <dcvalue element="publisher" qualifier="none" language="en_US">Philadelphia,&#x20;PA:&#x20;International&#x20;Society&#x20;of&#x20;the&#x20;Learning&#x20;Sciences.</dcvalue>
      <dcvalue element="title" qualifier="none" language="en_US">Technology and Applications for Collaborative Learning in Virtual Reality</dcvalue>
      <dcvalue element="type" qualifier="none" language="en_US">Book&#x20;chapter</dcvalue>
      <dc:subject xml:lang="en"></dc:subject>
    </dublin_core>