<?xml version="1.0" encoding="utf-8" standalone="no"?>
    <dublin_core schema="dc">
    <dcvalue element="contributor" qualifier="author">Wake, Jo Dugstad</dcvalue>
<dcvalue element="contributor" qualifier="author">Guribye, Frode</dcvalue>
<dcvalue element="contributor" qualifier="author">Wasson, Barbara</dcvalue>
      <dcvalue element="date" qualifier="accessioned">2017-06-19T14:15:51Z</dcvalue>
      <dcvalue element="date" qualifier="available">2017-06-19T14:15:51Z</dcvalue>
      <dcvalue element="date" qualifier="issued">2015-07</dcvalue>
      <dcvalue element="identifier" qualifier="citation" language="en_US">Wake, J. D., Guribye, F., &amp; Wasson, B.&#x20;(2015).&#x20;Students’ Design Decisions in Collaborative Design of Location-Based Games for Learning&#x20;In&#x20; Lindwall,&#x20;O.,&#x20;Häkkinen,&#x20;P.,&#x20;Koschman,&#x20;T.&#x20;Tchounikine,&#x20;P.&#x20;&#x20;Ludvigsen,&#x20;S.&#x20;(Eds.)&#x20;(2015).&#x20;Exploring&#x20;the&#x20;Material&#x20;Conditions&#x20;of&#x20;Learning:&#x20;The&#x20;Computer&#x20;Supported&#x20;Collaborative&#x20;Learning&#x20;(CSCL)&#x20;Conference&#x20;2015,&#x20;Volume&#x20;1.&#x20;Gothenburg,&#x20;Sweden:&#x20;The&#x20;International&#x20;Society&#x20;of&#x20;the&#x20;Learning&#x20;Sciences.</dcvalue>
      <dcvalue element="identifier" qualifier="uri">https://doi.dx.org&#x2F;10.22318&#x2F;cscl2015.309</dcvalue>
      <dcvalue element="description" qualifier="abstract" language="en_US">This paper describes a study of students designing location-based games for each other to learn history. A learning scenario was developed where groups of students create a game, receive and play another group’s game, and create a media product based on their experiences. We analyse the video footage of students collaboratively engaged with designing the games and highlight how the design process involves making practical decisions, and how the notion of the others – the students’ peers – feature in the group’s interaction. Furthermore, the analysis focuses on how the design process is coordinated and collaboratively organised, and involves translation of the source material into game information.
</dcvalue>
      <dcvalue element="language" qualifier="iso" language="en_US">en</dcvalue>
      <dcvalue element="publisher" qualifier="none" language="en_US"> International&#x20;Society&#x20;of&#x20;the&#x20;Learning&#x20;Sciences,&#x20;Inc.&#x20;[ISLS].</dcvalue>
      <dcvalue element="title" qualifier="none" language="en_US">Students’ Design Decisions in Collaborative Design of Location-Based Games for Learning</dcvalue>
      <dcvalue element="type" qualifier="none" language="en_US">Book&#x20;chapter</dcvalue>
      <dc:subject xml:lang="en">Students’ Design Decisions in Collaborative Design of Location-Based Games for Learning</dc:subject>
<dc:subject xml:lang="en">learning through design</dc:subject>
<dc:subject xml:lang="en">location-based games</dc:subject>
<dc:subject xml:lang="en">history learning</dc:subject>
<dc:subject xml:lang="en">video analysis</dc:subject>
    </dublin_core>