<?xml version="1.0" encoding="utf-8" standalone="no"?>
    <dublin_core schema="dc">
    <dcvalue element="contributor" qualifier="author">Vitale, Jonathan</dcvalue>
<dcvalue element="contributor" qualifier="author">Applebaum, Lauren</dcvalue>
<dcvalue element="contributor" qualifier="author">Linn, Marcia</dcvalue>
      <dcvalue element="date" qualifier="accessioned">2017-06-19T10:50:27Z</dcvalue>
      <dcvalue element="date" qualifier="available">2017-06-19T10:50:27Z</dcvalue>
      <dcvalue element="date" qualifier="issued">2017-07</dcvalue>
      <dcvalue element="identifier" qualifier="citation" language="en_US">Vitale, J., Applebaum, L., &amp; Linn, M.&#x20;(2017).&#x20;Individual Versus Shared Design Goals in a Graph Construction Activity&#x20;In&#x20;Smith,&#x20;B.&#x20;K.,&#x20;Borge,&#x20;M.,&#x20;Mercier,&#x20;E.,&#x20;and&#x20;Lim,&#x20;K.&#x20;Y.&#x20;(Eds.).&#x20;(2017).&#x20;Making&#x20;a&#x20;Difference:&#x20;Prioritizing&#x20;Equity&#x20;and&#x20;Access&#x20;in&#x20;CSCL,&#x20;12th&#x20;International&#x20;Conference&#x20;on&#x20;Computer&#x20;Supported&#x20;Collaborative&#x20;Learning&#x20;(CSCL)&#x20;2017,&#x20;Volume&#x20;1.&#x20;Philadelphia,&#x20;PA:&#x20;International&#x20;Society&#x20;of&#x20;the&#x20;Learning&#x20;Sciences.</dcvalue>
      <dcvalue element="identifier" qualifier="uri">https:dx.doi.org&#x2F;10.22318&#x2F;cscl2017.48</dcvalue>
      <dcvalue element="description" qualifier="abstract" language="en_US">Technologies can help foster diverse ideas in collaborative learning activities by taking advantage of group members’ unique ideas and perspectives. Assigning individual group members to specific tasks may promote this diversity. In this paper, we introduce a graphing challenge, in which student pairs construct graphs to represent the motion of an amusement park ride. We assigned pairs to experimental conditions with either individual design goals or shared design goals. Analysis revealed that students with individual design goals demonstrated deeper engagement with one of the design tasks (i.e., to create a “safe” ride), while this goal was relatively neglected when goals were shared. No impact of condition was found on posttest learning; however, students demonstrated overall gains.</dcvalue>
      <dcvalue element="language" qualifier="iso" language="en_US">en</dcvalue>
      <dcvalue element="publisher" qualifier="none" language="en_US">Philadelphia,&#x20;PA:&#x20;International&#x20;Society&#x20;of&#x20;the&#x20;Learning&#x20;Sciences.</dcvalue>
      <dcvalue element="title" qualifier="none" language="en_US">Individual Versus Shared Design Goals in a Graph Construction Activity</dcvalue>
      <dcvalue element="type" qualifier="none" language="en_US">Book&#x20;chapter</dcvalue>
      <dc:subject xml:lang="en">Online Learning</dc:subject>
<dc:subject xml:lang="en">Virtual/3D Environments</dc:subject>
<dc:subject xml:lang="en">Research Methodologies</dc:subject>
    </dublin_core>