<?xml version="1.0" encoding="utf-8" standalone="no"?>
    <dublin_core schema="dc">
    <dcvalue element="contributor" qualifier="author">Seo, JooYoung</dcvalue>
<dcvalue element="contributor" qualifier="author">AlQahtani, Mona</dcvalue>
<dcvalue element="contributor" qualifier="author">Ouyang, Xueying</dcvalue>
<dcvalue element="contributor" qualifier="author">Borge, Marcela</dcvalue>
      <dcvalue element="date" qualifier="accessioned">2017-06-19T10:52:18Z</dcvalue>
      <dcvalue element="date" qualifier="available">2017-06-19T10:52:18Z</dcvalue>
      <dcvalue element="date" qualifier="issued">2017-07</dcvalue>
      <dcvalue element="identifier" qualifier="citation" language="en_US">Seo, J., AlQahtani, M., Ouyang, X., &amp; Borge, M.&#x20;(2017).&#x20;Embracing Learners With Visual Impairments in CSCL&#x20;In&#x20;Smith,&#x20;B.&#x20;K.,&#x20;Borge,&#x20;M.,&#x20;Mercier,&#x20;E.,&#x20;and&#x20;Lim,&#x20;K.&#x20;Y.&#x20;(Eds.).&#x20;(2017).&#x20;Making&#x20;a&#x20;Difference:&#x20;Prioritizing&#x20;Equity&#x20;and&#x20;Access&#x20;in&#x20;CSCL,&#x20;12th&#x20;International&#x20;Conference&#x20;on&#x20;Computer&#x20;Supported&#x20;Collaborative&#x20;Learning&#x20;(CSCL)&#x20;2017,&#x20;Volume&#x20;2.&#x20;Philadelphia,&#x20;PA:&#x20;International&#x20;Society&#x20;of&#x20;the&#x20;Learning&#x20;Sciences.</dcvalue>
      <dcvalue element="identifier" qualifier="uri">https:dx.doi.org&#x2F;10.22318&#x2F;cscl2017.81</dcvalue>
      <dcvalue element="description" qualifier="abstract" language="en_US">This autoethnographic study aims to shed light on the collaborative experience of a learner with a visual impairment in a blended CSCL environment. Through the analysis of personal reflections, this qualitative study captures some emergent themes and challenges in both the face-to-face and virtual environments with the intent to improve diversity, accessibility, and equity in CSCL.</dcvalue>
      <dcvalue element="language" qualifier="iso" language="en_US">en</dcvalue>
      <dcvalue element="publisher" qualifier="none" language="en_US">Philadelphia,&#x20;PA:&#x20;International&#x20;Society&#x20;of&#x20;the&#x20;Learning&#x20;Sciences.</dcvalue>
      <dcvalue element="title" qualifier="none" language="en_US">Embracing Learners With Visual Impairments in CSCL</dcvalue>
      <dcvalue element="type" qualifier="none" language="en_US">Book&#x20;chapter</dcvalue>
      <dc:subject xml:lang="en">Diversity and Inclusion</dc:subject>
<dc:subject xml:lang="en">Descriptive Studies</dc:subject>
<dc:subject xml:lang="en">Surveys and Questionnaires</dc:subject>
<dc:subject xml:lang="en">Assistive Technology</dc:subject>
    </dublin_core>