<?xml version="1.0" encoding="utf-8" standalone="no"?>
    <dublin_core schema="dc">
    <dcvalue element="contributor" qualifier="author">Wagh, Aditi</dcvalue>
<dcvalue element="contributor" qualifier="author">Levy, Sharona</dcvalue>
<dcvalue element="contributor" qualifier="author">Horn, Michael</dcvalue>
<dcvalue element="contributor" qualifier="author">Guo, Yu</dcvalue>
<dcvalue element="contributor" qualifier="author">Brady, Corey</dcvalue>
<dcvalue element="contributor" qualifier="author">Wilensky, Uri</dcvalue>
      <dcvalue element="date" qualifier="accessioned">2017-06-19T10:52:18Z</dcvalue>
      <dcvalue element="date" qualifier="available">2017-06-19T10:52:18Z</dcvalue>
      <dcvalue element="date" qualifier="issued">2017-07</dcvalue>
      <dcvalue element="identifier" qualifier="citation" language="en_US">Wagh, A., Levy, S., Horn, M., Guo, Y., Brady, C., &amp; Wilensky, U.&#x20;(2017).&#x20;Anchor Code: Modularity as Evidence for Conceptual Learning and Computational Practices of Students Using a Code-First Environment&#x20;In&#x20;Smith,&#x20;B.&#x20;K.,&#x20;Borge,&#x20;M.,&#x20;Mercier,&#x20;E.,&#x20;and&#x20;Lim,&#x20;K.&#x20;Y.&#x20;(Eds.).&#x20;(2017).&#x20;Making&#x20;a&#x20;Difference:&#x20;Prioritizing&#x20;Equity&#x20;and&#x20;Access&#x20;in&#x20;CSCL,&#x20;12th&#x20;International&#x20;Conference&#x20;on&#x20;Computer&#x20;Supported&#x20;Collaborative&#x20;Learning&#x20;(CSCL)&#x20;2017,&#x20;Volume&#x20;2.&#x20;Philadelphia,&#x20;PA:&#x20;International&#x20;Society&#x20;of&#x20;the&#x20;Learning&#x20;Sciences.</dcvalue>
      <dcvalue element="identifier" qualifier="uri">https:dx.doi.org&#x2F;10.22318&#x2F;cscl2017.102</dcvalue>
      <dcvalue element="description" qualifier="abstract" language="en_US">In response to increasing calls to include computational thinking (CT) in K-12 education, some researchers have argued for integrating science learning and CT. In that vein, this paper investigates conceptual learning and computational practices through the use of a code-first modeling environment called Frog Pond in a middle school classroom. The environment was designed to enable learners to explore models of evolutionary shifts through domain-specific agent-based visual programming. It was implemented as a curricular unit in seventh grade science class. We analyzed video and log data of two contrasting student pairs. This paper presents one of our findings: Development of modular core functional code-units or what we call anchor code. Anchor code is a body of code that creates a stable base from which further explorations take place. We argue that anchor code is evidence for conceptual learning and computational practices. </dcvalue>
      <dcvalue element="language" qualifier="iso" language="en_US">en</dcvalue>
      <dcvalue element="publisher" qualifier="none" language="en_US">Philadelphia,&#x20;PA:&#x20;International&#x20;Society&#x20;of&#x20;the&#x20;Learning&#x20;Sciences.</dcvalue>
      <dcvalue element="title" qualifier="none" language="en_US">Anchor Code: Modularity as Evidence for Conceptual Learning and Computational Practices of Students Using a Code-First Environment</dcvalue>
      <dcvalue element="type" qualifier="none" language="en_US">Book&#x20;chapter</dcvalue>
      <dc:subject xml:lang="en">Inquiry Learning</dc:subject>
<dc:subject xml:lang="en">Scaffolding</dc:subject>
<dc:subject xml:lang="en">Reflection</dc:subject>
<dc:subject xml:lang="en">Process Support</dc:subject>
    </dublin_core>