<?xml version="1.0" encoding="utf-8" standalone="no"?>
    <dublin_core schema="dc">
    <dcvalue element="contributor" qualifier="author">Fake, Helen</dcvalue>
<dcvalue element="contributor" qualifier="author">Whiteman, Jennifer</dcvalue>
<dcvalue element="contributor" qualifier="author">Bannan, Brenda</dcvalue>
      <dcvalue element="date" qualifier="accessioned">2017-06-19T10:50:27Z</dcvalue>
      <dcvalue element="date" qualifier="available">2017-06-19T10:50:27Z</dcvalue>
      <dcvalue element="date" qualifier="issued">2017-07</dcvalue>
      <dcvalue element="identifier" qualifier="citation" language="en_US">Fake, H., Whiteman, J., &amp; Bannan, B.&#x20;(2017).&#x20;Collaborative Game Design: A Bounded Case Study of Undergraduate Students in a Capstone Course&#x20;In&#x20;Smith,&#x20;B.&#x20;K.,&#x20;Borge,&#x20;M.,&#x20;Mercier,&#x20;E.,&#x20;and&#x20;Lim,&#x20;K.&#x20;Y.&#x20;(Eds.).&#x20;(2017).&#x20;Making&#x20;a&#x20;Difference:&#x20;Prioritizing&#x20;Equity&#x20;and&#x20;Access&#x20;in&#x20;CSCL,&#x20;12th&#x20;International&#x20;Conference&#x20;on&#x20;Computer&#x20;Supported&#x20;Collaborative&#x20;Learning&#x20;(CSCL)&#x20;2017,&#x20;Volume&#x20;1.&#x20;Philadelphia,&#x20;PA:&#x20;International&#x20;Society&#x20;of&#x20;the&#x20;Learning&#x20;Sciences.</dcvalue>
      <dcvalue element="identifier" qualifier="uri">https:dx.doi.org&#x2F;10.22318&#x2F;cscl2017.19</dcvalue>
      <dcvalue element="description" qualifier="abstract" language="en_US">In this deductive qualitative case study, researchers observed the interactions of undergraduate students in a Capstone Game Design Class at a mid-Atlantic University.  Referencing the literature, the researchers found that all facets of the collaborative framework to include governance, administration, organizational autonomy, mutuality, and norms were represented in ethnographic observations and focus group sessions.  Specific findings regarding the collaborative game design process as well the social and cultural dimensions of game design are discussed.     </dcvalue>
      <dcvalue element="language" qualifier="iso" language="en_US">en</dcvalue>
      <dcvalue element="publisher" qualifier="none" language="en_US">Philadelphia,&#x20;PA:&#x20;International&#x20;Society&#x20;of&#x20;the&#x20;Learning&#x20;Sciences.</dcvalue>
      <dcvalue element="title" qualifier="none" language="en_US">Collaborative Game Design: A Bounded Case Study of Undergraduate Students in a Capstone Course</dcvalue>
      <dcvalue element="type" qualifier="none" language="en_US">Book&#x20;chapter</dcvalue>
      <dc:subject xml:lang="en">Social Network Analysis</dc:subject>
<dc:subject xml:lang="en">Computer Science</dc:subject>
<dc:subject xml:lang="en">Learning Analytics and Monitoring Tools</dc:subject>
    </dublin_core>