<?xml version="1.0" encoding="utf-8" standalone="no"?>
    <dublin_core schema="dc">
    <dcvalue element="contributor" qualifier="author">Wise, Alyssa Friend</dcvalue>
<dcvalue element="contributor" qualifier="author">Azevedo, Roger</dcvalue>
<dcvalue element="contributor" qualifier="author">Stegmann, Karsten</dcvalue>
<dcvalue element="contributor" qualifier="author">Malmberg, Jonna</dcvalue>
<dcvalue element="contributor" qualifier="author">Rosé, Carolyn Penstein</dcvalue>
<dcvalue element="contributor" qualifier="author">Mudrick, Nicholas</dcvalue>
<dcvalue element="contributor" qualifier="author">Taub, Michelle</dcvalue>
<dcvalue element="contributor" qualifier="author">Martin, Seth A.</dcvalue>
<dcvalue element="contributor" qualifier="author">Farnsworth, Jesse</dcvalue>
<dcvalue element="contributor" qualifier="author">Mu, Jin</dcvalue>
<dcvalue element="contributor" qualifier="author">Järvenoja, Hanna</dcvalue>
<dcvalue element="contributor" qualifier="author">Järvelä, Sanna</dcvalue>
<dcvalue element="contributor" qualifier="author">Wen, Miaomiao</dcvalue>
<dcvalue element="contributor" qualifier="author">Yang, Diyi</dcvalue>
<dcvalue element="contributor" qualifier="author">Fischer, Frank</dcvalue>
      <dcvalue element="date" qualifier="accessioned">2017-06-19T14:51:54Z</dcvalue>
      <dcvalue element="date" qualifier="available">2017-06-19T14:51:54Z</dcvalue>
      <dcvalue element="date" qualifier="issued">2015-07</dcvalue>
      <dcvalue element="identifier" qualifier="citation" language="en_US">Wise, A. F., Azevedo, R., Stegmann, K., Malmberg, J., Rosé, C. P., Mudrick, N., Taub, M., Martin, S. A., Farnsworth, J., Mu, J., Järvenoja, H., Järvelä, S., Wen, M., Yang, D., &amp; Fischer, F.&#x20;(2015).&#x20;CSCL and Learning Analytics: Opportunities to Support Social Interaction, Self-Regulation and Socially Shared Regulation&#x20;In&#x20; Lindwall,&#x20;O.,&#x20;Häkkinen,&#x20;P.,&#x20;Koschman,&#x20;T.&#x20;Tchounikine,&#x20;P.&#x20;&#x20;Ludvigsen,&#x20;S.&#x20;(Eds.)&#x20;(2015).&#x20;Exploring&#x20;the&#x20;Material&#x20;Conditions&#x20;of&#x20;Learning:&#x20;The&#x20;Computer&#x20;Supported&#x20;Collaborative&#x20;Learning&#x20;(CSCL)&#x20;Conference&#x20;2015,&#x20;Volume&#x20;2.&#x20;Gothenburg,&#x20;Sweden:&#x20;The&#x20;International&#x20;Society&#x20;of&#x20;the&#x20;Learning&#x20;Sciences.</dcvalue>
      <dcvalue element="identifier" qualifier="uri">https://doi.dx.org&#x2F;10.22318&#x2F;cscl2015.1107</dcvalue>
      <dcvalue element="description" qualifier="abstract" language="en_US">Research has generated deep insights into computer-supported collaborative learning (CSCL), but the cycle of impact on practice is relatively lengthy and slow. In contrast, work in learning analytics attempts to leverage the collection and analysis of data to improve learning processes and outcomes in-situ. Developing learning analytics to support CSCL thus offers the opportunity to make our research actionable in an immediate way by using data collected on collaborative processes in-progress to inform their future trajectories. Efforts in this direction are specifically promising in support of students’ self- and socially shared- regulation of their learning. Data on collaborative and metacognitive activities can inform collaborating groups and help them to improve future joint efforts. In this symposium we bring together a collection of five papers that are exploring the space of connection between CSCL, learning analytics and self-regulation to advance thinking around these issues.
</dcvalue>
      <dcvalue element="language" qualifier="iso" language="en_US">en</dcvalue>
      <dcvalue element="publisher" qualifier="none" language="en_US"> International&#x20;Society&#x20;of&#x20;the&#x20;Learning&#x20;Sciences,&#x20;Inc.&#x20;[ISLS].</dcvalue>
      <dcvalue element="title" qualifier="none" language="en_US">CSCL and Learning Analytics: Opportunities to Support Social Interaction, Self-Regulation and Socially Shared Regulation</dcvalue>
      <dcvalue element="type" qualifier="none" language="en_US">Book&#x20;chapter</dcvalue>
      <dc:subject xml:lang="en">learning analytics</dc:subject>
<dc:subject xml:lang="en">socially shared regulation of learning</dc:subject>
<dc:subject xml:lang="en">prompting</dc:subject>
<dc:subject xml:lang="en">scaffolding</dc:subject>
    </dublin_core>