<?xml version="1.0" encoding="utf-8" standalone="no"?>
    <dublin_core schema="dc">
    <dcvalue element="contributor" qualifier="author">Popov, Vitaliy</dcvalue>
<dcvalue element="contributor" qualifier="author">van Leeuwen, Anouschka</dcvalue>
<dcvalue element="contributor" qualifier="author">Buis, Stan C. A.</dcvalue>
      <dcvalue element="date" qualifier="accessioned">2017-03-21T12:05:42Z</dcvalue>
      <dcvalue element="date" qualifier="available">2017-03-21T12:05:42Z</dcvalue>
      <dcvalue element="date" qualifier="issued">2016-07</dcvalue>
      <dcvalue element="identifier" qualifier="citation" language="en_US">Popov, V., van Leeuwen, A., &amp; Buis, S. C.&#x20;(2016).&#x20;Process and Output: Relation Between Transactivity, Temporal Synchronicity, and Quality of Group Work During CSCL&#x20;In&#x20;Looi,&#x20;C.&#x20;K.,&#x20;Polman,&#x20;J.&#x20;L.,&#x20;Cress,&#x20;U.,&#x20;and&#x20;Reimann,&#x20;P.&#x20;(Eds.).&#x20;Transforming&#x20;Learning,&#x20;Empowering&#x20;Learners:&#x20;The&#x20;International&#x20;Conference&#x20;of&#x20;the&#x20;Learning&#x20;Sciences&#x20;(ICLS)&#x20;2016,&#x20;Volume&#x20;1.&#x20;Singapore:&#x20;International&#x20;Society&#x20;of&#x20;the&#x20;Learning&#x20;Sciences,&#x20;pp.&#x20;35-43.</dcvalue>
      <dcvalue element="identifier" qualifier="uri">info:doi&#x2F;10.22318&#x2F;icls2016.47</dcvalue>
      <dcvalue element="description" qualifier="abstract" language="en_US">Do the simultaneous alignment of student activities (temporal synchronicity) and students successively building on each other's reasoning (transactivity) predict the quality of collaborative learning products? A mixed method approach was used to study 74 first year university students who were randomly assigned to work in dyads on an ill-defined problem of biodiversity collapse in tropical forests within a CSCL setting. The study results revealed that neither temporal synchronicity nor transactivity correlated with the quality of group products. The qualitative analysis of chat transcripts showed the variability between the groups can be explained by group dynamics, students’ prior knowledge, confidence in managing the learning task, collaborative strategy, and communication skills.</dcvalue>
      <dcvalue element="language" qualifier="iso" language="en_US">en</dcvalue>
      <dcvalue element="publisher" qualifier="none" language="en_US">Singapore:&#x20;International&#x20;Society&#x20;of&#x20;the&#x20;Learning&#x20;Sciences</dcvalue>
      <dcvalue element="title" qualifier="none" language="en_US">Process and Output: Relation Between Transactivity, Temporal Synchronicity, and Quality of Group Work During CSCL</dcvalue>
      <dcvalue element="type" qualifier="none" language="en_US">Book&#x20;chapter</dcvalue>
      &lt;dc:subject xml:lang="en"&gt;CSCL&lt;/dc:subject&gt;
&lt;dc:subject xml:lang="en"&gt;transactivity&lt;/dc:subject&gt;
&lt;dc:subject xml:lang="en"&gt;temporal synchronicity&lt;/dc:subject&gt;
&lt;dc:subject xml:lang="en"&gt;group products&lt;/dc:subject&gt;
    </dublin_core>