<?xml version="1.0" encoding="utf-8" standalone="no"?>
    <dublin_core schema="dc">
    <dcvalue element="contributor" qualifier="author">Olsen, Jennifer K.</dcvalue>
<dcvalue element="contributor" qualifier="author">Finkelstein, Samantha</dcvalue>
      <dcvalue element="date" qualifier="accessioned">2017-06-19T10:50:27Z</dcvalue>
      <dcvalue element="date" qualifier="available">2017-06-19T10:50:27Z</dcvalue>
      <dcvalue element="date" qualifier="issued">2017-07</dcvalue>
      <dcvalue element="identifier" qualifier="citation" language="en_US">Olsen, J. K. &amp; Finkelstein, S.&#x20;(2017).&#x20;Through the (Thin-Slice) Looking Glass: An Initial Look at Rapport and Co-Construction Within Peer Collaboration&#x20;In&#x20;Smith,&#x20;B.&#x20;K.,&#x20;Borge,&#x20;M.,&#x20;Mercier,&#x20;E.,&#x20;and&#x20;Lim,&#x20;K.&#x20;Y.&#x20;(Eds.).&#x20;(2017).&#x20;Making&#x20;a&#x20;Difference:&#x20;Prioritizing&#x20;Equity&#x20;and&#x20;Access&#x20;in&#x20;CSCL,&#x20;12th&#x20;International&#x20;Conference&#x20;on&#x20;Computer&#x20;Supported&#x20;Collaborative&#x20;Learning&#x20;(CSCL)&#x20;2017,&#x20;Volume&#x20;1.&#x20;Philadelphia,&#x20;PA:&#x20;International&#x20;Society&#x20;of&#x20;the&#x20;Learning&#x20;Sciences.</dcvalue>
      <dcvalue element="identifier" qualifier="uri">https:dx.doi.org&#x2F;10.22318&#x2F;cscl2017.68</dcvalue>
      <dcvalue element="description" qualifier="abstract" language="en_US">Within peer collaboration, both cognitive and social phenomena have been identified as important components for success, though little is known about the relationship between these factors. In this work, we examined math collaboration discourse between 11 4th grade dyads in 30-second slices to investigate the relationship between rapport state and reasoning state. Prior to collaboration, students watched one of three instructional videos modeling either domain knowledge, collaborate reasoning, or both. There was no impact of video type on student talk behaviors, nor posttest scores. However, we found a correlation between high rapport states and strong reasoning states, as well as a marginal effect of more co-constructive reasoning leading to improved posttest scores. This work demonstrates that students’ rapport states may play a role in students’ reasoning states, and thus calls for a deeper investigation within the CSCL community about the role of rapport in peer learning.</dcvalue>
      <dcvalue element="language" qualifier="iso" language="en_US">en</dcvalue>
      <dcvalue element="publisher" qualifier="none" language="en_US">Philadelphia,&#x20;PA:&#x20;International&#x20;Society&#x20;of&#x20;the&#x20;Learning&#x20;Sciences.</dcvalue>
      <dcvalue element="title" qualifier="none" language="en_US">Through the (Thin-Slice) Looking Glass: An Initial Look at Rapport and Co-Construction Within Peer Collaboration</dcvalue>
      <dcvalue element="type" qualifier="none" language="en_US">Book&#x20;chapter</dcvalue>
      <dc:subject xml:lang="en">Case Studies</dc:subject>
<dc:subject xml:lang="en">Video Analysis</dc:subject>
<dc:subject xml:lang="en">Representational Affordances</dc:subject>
<dc:subject xml:lang="en">Handheld/Mobile Devices</dc:subject>
<dc:subject xml:lang="en">Representational Tools</dc:subject>
<dc:subject xml:lang="en">Simulations</dc:subject>
<dc:subject xml:lang="en">Virtual/3D Environments</dc:subject>
<dc:subject xml:lang="en">University</dc:subject>
<dc:subject xml:lang="en">Science Education</dc:subject>
<dc:subject xml:lang="en">Innovative Software/Artifacts</dc:subject>
<dc:subject xml:lang="en">Innovative Design Approach</dc:subject>
<dc:subject xml:lang="en">Interaction Tool</dc:subject>
<dc:subject xml:lang="en">Design-Based Research</dc:subject>
<dc:subject xml:lang="en">Interaction Analysis</dc:subject>
<dc:subject xml:lang="en">Education Technology</dc:subject>
<dc:subject xml:lang="en">Social Constructivism</dc:subject>
<dc:subject xml:lang="en">Engagement</dc:subject>
    </dublin_core>