<?xml version="1.0" encoding="utf-8" standalone="no"?>
    <dublin_core schema="dc">
    <dcvalue element="contributor" qualifier="author">Pal, Joyojeet</dcvalue>
<dcvalue element="contributor" qualifier="author">Viswanathan, Anandhi</dcvalue>
<dcvalue element="contributor" qualifier="author">Johri, Aditya</dcvalue>
      <dcvalue element="date" qualifier="accessioned">2017-06-19T10:50:27Z</dcvalue>
      <dcvalue element="date" qualifier="available">2017-06-19T10:50:27Z</dcvalue>
      <dcvalue element="date" qualifier="issued">2017-07</dcvalue>
      <dcvalue element="identifier" qualifier="citation" language="en_US">Pal, J., Viswanathan, A., &amp; Johri, A.&#x20;(2017).&#x20;Mediating Access: How Visually Impaired Users Leverage Collaborative Learning to Keep Up With Mobile Phone Innovations&#x20;In&#x20;Smith,&#x20;B.&#x20;K.,&#x20;Borge,&#x20;M.,&#x20;Mercier,&#x20;E.,&#x20;and&#x20;Lim,&#x20;K.&#x20;Y.&#x20;(Eds.).&#x20;(2017).&#x20;Making&#x20;a&#x20;Difference:&#x20;Prioritizing&#x20;Equity&#x20;and&#x20;Access&#x20;in&#x20;CSCL,&#x20;12th&#x20;International&#x20;Conference&#x20;on&#x20;Computer&#x20;Supported&#x20;Collaborative&#x20;Learning&#x20;(CSCL)&#x20;2017,&#x20;Volume&#x20;1.&#x20;Philadelphia,&#x20;PA:&#x20;International&#x20;Society&#x20;of&#x20;the&#x20;Learning&#x20;Sciences.</dcvalue>
      <dcvalue element="identifier" qualifier="uri">https:dx.doi.org&#x2F;10.22318&#x2F;cscl2017.64</dcvalue>
      <dcvalue element="description" qualifier="abstract" language="en_US">We illustrate learning strategies used by visually impaired mobile phone users to support device information gathering and troubleshooting. Observing experiences of adult mobile users in Bangalore, India, we find that functional access and device familiarity is acquired through a range of digital and interpersonal consultations. We find that generic smartphones are increasingly becoming primary digital assistive devices due to their in-built accessibility features, yet the available information and user guides on these devices is biased towards sighted users. Consequently, device users rely on collaboratively learning from peers for general device familiarity and troubleshooting.  We propose that collaborative learning will likely be a central to technology adoption and maintenance as artifacts and interfaces evolve constantly, forcing people for whose needs the devices may not have originally been designed, to learn and adapt constantly. </dcvalue>
      <dcvalue element="language" qualifier="iso" language="en_US">en</dcvalue>
      <dcvalue element="publisher" qualifier="none" language="en_US">Philadelphia,&#x20;PA:&#x20;International&#x20;Society&#x20;of&#x20;the&#x20;Learning&#x20;Sciences.</dcvalue>
      <dcvalue element="title" qualifier="none" language="en_US">Mediating Access: How Visually Impaired Users Leverage Collaborative Learning to Keep Up With Mobile Phone Innovations</dcvalue>
      <dcvalue element="type" qualifier="none" language="en_US">Book&#x20;chapter</dcvalue>
      <dc:subject xml:lang="en">Design Experiments</dc:subject>
<dc:subject xml:lang="en">Inquiry Learning</dc:subject>
<dc:subject xml:lang="en">Competence/Expertise</dc:subject>
<dc:subject xml:lang="en">Science Education</dc:subject>
    </dublin_core>