<?xml version="1.0" encoding="utf-8" standalone="no"?>
    <dublin_core schema="dc">
    <dcvalue element="contributor" qualifier="author">Perera, Nishan</dcvalue>
<dcvalue element="contributor" qualifier="author">Wise, Alyssa Friend</dcvalue>
      <dcvalue element="date" qualifier="accessioned">2017-06-19T10:50:27Z</dcvalue>
      <dcvalue element="date" qualifier="available">2017-06-19T10:50:27Z</dcvalue>
      <dcvalue element="date" qualifier="issued">2017-07</dcvalue>
      <dcvalue element="identifier" qualifier="citation" language="en_US">Perera, N. &amp; Wise, A. F.&#x20;(2017).&#x20;Beyond Demographic Boxes: Relationships Between Students’ Cultural Orientations and Collaborative Communication&#x20;In&#x20;Smith,&#x20;B.&#x20;K.,&#x20;Borge,&#x20;M.,&#x20;Mercier,&#x20;E.,&#x20;and&#x20;Lim,&#x20;K.&#x20;Y.&#x20;(Eds.).&#x20;(2017).&#x20;Making&#x20;a&#x20;Difference:&#x20;Prioritizing&#x20;Equity&#x20;and&#x20;Access&#x20;in&#x20;CSCL,&#x20;12th&#x20;International&#x20;Conference&#x20;on&#x20;Computer&#x20;Supported&#x20;Collaborative&#x20;Learning&#x20;(CSCL)&#x20;2017,&#x20;Volume&#x20;1.&#x20;Philadelphia,&#x20;PA:&#x20;International&#x20;Society&#x20;of&#x20;the&#x20;Learning&#x20;Sciences.</dcvalue>
      <dcvalue element="identifier" qualifier="uri">https:dx.doi.org&#x2F;10.22318&#x2F;cscl2017.24</dcvalue>
      <dcvalue element="description" qualifier="abstract" language="en_US">This study investigated relationships between students’ cultural orientations and the ways in which they communicated with their peers in collaborative online discussions. 211 undergraduate business students from diverse backgrounds completed questionnaires directly assessing their cultural orientations along four dimensions (individualism, collectivism, power-distance and cultural-context). Scales were input into mixed multi-level models to predict 12 aspects of the way students communicated in their course-based collaborative discussions of business cases. Results based on a sample of 1565 posts showed that students with weaker context-based orientations posted messages that showed greater levels of reasoning, hard evidence use, autonomous tone and linear argument structures. In addition, the local discussion group context moderated the relationship between students’ degree of collectivistic orientation and how they referred to and agreed with each other, as well as their expressions of social presence. Findings highlight the group/individual interplay in understanding relationships between cultural orientations and collaborative communication.  </dcvalue>
      <dcvalue element="language" qualifier="iso" language="en_US">en</dcvalue>
      <dcvalue element="publisher" qualifier="none" language="en_US">Philadelphia,&#x20;PA:&#x20;International&#x20;Society&#x20;of&#x20;the&#x20;Learning&#x20;Sciences.</dcvalue>
      <dcvalue element="title" qualifier="none" language="en_US">Beyond Demographic Boxes: Relationships Between Students’ Cultural Orientations and Collaborative Communication</dcvalue>
      <dcvalue element="type" qualifier="none" language="en_US">Book&#x20;chapter</dcvalue>
      <dc:subject xml:lang="en">Inquiry Learning</dc:subject>
<dc:subject xml:lang="en">Science Education</dc:subject>
    </dublin_core>