<?xml version="1.0" encoding="utf-8" standalone="no"?>
    <dublin_core schema="dc">
    <dcvalue element="contributor" qualifier="author">Sommer, Stephen</dcvalue>
<dcvalue element="contributor" qualifier="author">Hinojosa, Leighanna</dcvalue>
<dcvalue element="contributor" qualifier="author">Traut, Hilary</dcvalue>
<dcvalue element="contributor" qualifier="author">Polman, Joseph</dcvalue>
<dcvalue element="contributor" qualifier="author">Weidler-Lewis, Joanna</dcvalue>
      <dcvalue element="date" qualifier="accessioned">2017-06-19T10:52:18Z</dcvalue>
      <dcvalue element="date" qualifier="available">2017-06-19T10:52:18Z</dcvalue>
      <dcvalue element="date" qualifier="issued">2017-07</dcvalue>
      <dcvalue element="identifier" qualifier="citation" language="en_US">Sommer, S., Hinojosa, L., Traut, H., Polman, J., &amp; Weidler-Lewis, J.&#x20;(2017).&#x20;Integrating Eye-Tracking Activities Into a Learning Environment to Promote Collaborative Meta-Semiotic Reflection and Discourse&#x20;In&#x20;Smith,&#x20;B.&#x20;K.,&#x20;Borge,&#x20;M.,&#x20;Mercier,&#x20;E.,&#x20;and&#x20;Lim,&#x20;K.&#x20;Y.&#x20;(Eds.).&#x20;(2017).&#x20;Making&#x20;a&#x20;Difference:&#x20;Prioritizing&#x20;Equity&#x20;and&#x20;Access&#x20;in&#x20;CSCL,&#x20;12th&#x20;International&#x20;Conference&#x20;on&#x20;Computer&#x20;Supported&#x20;Collaborative&#x20;Learning&#x20;(CSCL)&#x20;2017,&#x20;Volume&#x20;2.&#x20;Philadelphia,&#x20;PA:&#x20;International&#x20;Society&#x20;of&#x20;the&#x20;Learning&#x20;Sciences.</dcvalue>
      <dcvalue element="identifier" qualifier="uri">https:dx.doi.org&#x2F;10.22318&#x2F;cscl2017.100</dcvalue>
      <dcvalue element="description" qualifier="abstract" language="en_US">At the beginning of a one week science summer camp designed to promote student visual, scientific and data literacy, participants were recorded viewing infographics by an eye tracking-machine. Data were shared with participants the following day as fodder for discussion about data literacy, visual representations, and information processing. The eye-tracking activities helped make visible and public students' private visual strategies. Utilizing these data and other multi-modal representations, students participated in a collaborative, metacognitive, reflective process regarding their own visual strategies, the mental processes of others, and comparisons within. This activity was one of an ensemble of technological activities and artifacts that afforded students a way to collaboratively engage with otherwise private, and often tacit thoughts. Results of this work in progress suggest that this sort of computer-supported intervention could be used productively to enhance student multi-semiotic discourse and collaborative reflective inquiry.</dcvalue>
      <dcvalue element="language" qualifier="iso" language="en_US">en</dcvalue>
      <dcvalue element="publisher" qualifier="none" language="en_US">Philadelphia,&#x20;PA:&#x20;International&#x20;Society&#x20;of&#x20;the&#x20;Learning&#x20;Sciences.</dcvalue>
      <dcvalue element="title" qualifier="none" language="en_US">Integrating Eye-Tracking Activities Into a Learning Environment to Promote Collaborative Meta-Semiotic Reflection and Discourse</dcvalue>
      <dcvalue element="type" qualifier="none" language="en_US">Book&#x20;chapter</dcvalue>
      <dc:subject xml:lang="en">Secondary School</dc:subject>
<dc:subject xml:lang="en">Case Studies</dc:subject>
<dc:subject xml:lang="en">Cognitive Psychology</dc:subject>
<dc:subject xml:lang="en">Conceptual Change</dc:subject>
<dc:subject xml:lang="en">Inquiry Learning</dc:subject>
<dc:subject xml:lang="en">Scaffolding</dc:subject>
<dc:subject xml:lang="en">Social Constructivism</dc:subject>
<dc:subject xml:lang="en">Collective Regulation/Socio-Metacognition</dc:subject>
<dc:subject xml:lang="en">Reflection</dc:subject>
<dc:subject xml:lang="en">Scaffolding</dc:subject>
    </dublin_core>