<?xml version="1.0" encoding="utf-8" standalone="no"?>
    <dublin_core schema="dc">
    <dcvalue element="contributor" qualifier="author">Xie, Kui</dcvalue>
<dcvalue element="contributor" qualifier="author">Sun, Zhiru</dcvalue>
<dcvalue element="contributor" qualifier="author">Lu, Lin</dcvalue>
      <dcvalue element="date" qualifier="accessioned">2017-06-19T14:15:51Z</dcvalue>
      <dcvalue element="date" qualifier="available">2017-06-19T14:15:51Z</dcvalue>
      <dcvalue element="date" qualifier="issued">2015-07</dcvalue>
      <dcvalue element="identifier" qualifier="citation" language="en_US">Xie, K., Sun, Z., &amp; Lu, L.&#x20;(2015).&#x20;The Role of Time, Engagement, and Self-Perceived Leadership on Peer-Nominated Emergent Leadership in Small Group Online Collaborative Learning&#x20;In&#x20; Lindwall,&#x20;O.,&#x20;Häkkinen,&#x20;P.,&#x20;Koschman,&#x20;T.&#x20;Tchounikine,&#x20;P.&#x20;&#x20;Ludvigsen,&#x20;S.&#x20;(Eds.)&#x20;(2015).&#x20;Exploring&#x20;the&#x20;Material&#x20;Conditions&#x20;of&#x20;Learning:&#x20;The&#x20;Computer&#x20;Supported&#x20;Collaborative&#x20;Learning&#x20;(CSCL)&#x20;Conference&#x20;2015,&#x20;Volume&#x20;1.&#x20;Gothenburg,&#x20;Sweden:&#x20;The&#x20;International&#x20;Society&#x20;of&#x20;the&#x20;Learning&#x20;Sciences.</dcvalue>
      <dcvalue element="identifier" qualifier="uri">https://doi.dx.org&#x2F;10.22318&#x2F;cscl2015.197</dcvalue>
      <dcvalue element="description" qualifier="abstract" language="en_US">The study investigated the nature of leadership emergence in small group online collaborative activities. The study tested the effects of time, engagement, and self-perceived leadership on peer-nominated leadership. Results indicated that emergent leadership perceived by peers in a group not only required individuals’ active engagement and self-perception of their leadership role, but also required the leadership to be developed over time. High levels of perceived task leadership and active engagement would lead to more likelihood for individuals to be perceived by peers as emergent leaders in a group. Qualitative analysis revealed that quality of posts, active facilitation, quantity and diversity of posts, significant contribution, initiation of interaction, and motivating promotion were primary characteristics of emergent leaders.
</dcvalue>
      <dcvalue element="language" qualifier="iso" language="en_US">en</dcvalue>
      <dcvalue element="publisher" qualifier="none" language="en_US"> International&#x20;Society&#x20;of&#x20;the&#x20;Learning&#x20;Sciences,&#x20;Inc.&#x20;[ISLS].</dcvalue>
      <dcvalue element="title" qualifier="none" language="en_US">The Role of Time, Engagement, and Self-Perceived Leadership on Peer-Nominated Emergent Leadership in Small Group Online Collaborative Learning</dcvalue>
      <dcvalue element="type" qualifier="none" language="en_US">Book&#x20;chapter</dcvalue>
      <dc:subject xml:lang="en">The Role of Time, Engagement, and Self-Perceived Leadership on Peer-Nominated Emergent Leadership in Small Group Online Collaborative Learning</dc:subject>
<dc:subject xml:lang="en">emergent leadership</dc:subject>
<dc:subject xml:lang="en">small group online learning</dc:subject>
<dc:subject xml:lang="en">collaborative learning</dc:subject>
    </dublin_core>