<?xml version="1.0" encoding="utf-8" standalone="no"?>
    <dublin_core schema="dc">
    <dcvalue element="contributor" qualifier="author">Gutiérrez, José Francisco</dcvalue>
      <dcvalue element="date" qualifier="accessioned">2017-03-21T12:05:42Z</dcvalue>
      <dcvalue element="date" qualifier="available">2017-03-21T12:05:42Z</dcvalue>
      <dcvalue element="date" qualifier="issued">2016-07</dcvalue>
      <dcvalue element="identifier" qualifier="citation" language="en_US">Gutiérrez, J. F.&#x20;(2016).&#x20;The Obj–Subj Dialectic and the Co-Construction of Hierarchical Positional Identities During a Collaborative Generalization Task&#x20;In&#x20;Looi,&#x20;C.&#x20;K.,&#x20;Polman,&#x20;J.&#x20;L.,&#x20;Cress,&#x20;U.,&#x20;and&#x20;Reimann,&#x20;P.&#x20;(Eds.).&#x20;Transforming&#x20;Learning,&#x20;Empowering&#x20;Learners:&#x20;The&#x20;International&#x20;Conference&#x20;of&#x20;the&#x20;Learning&#x20;Sciences&#x20;(ICLS)&#x20;2016,&#x20;Volume&#x20;1.&#x20;Singapore:&#x20;International&#x20;Society&#x20;of&#x20;the&#x20;Learning&#x20;Sciences,&#x20;pp.&#x20;35-43.</dcvalue>
      <dcvalue element="identifier" qualifier="uri">info:doi&#x2F;10.22318&#x2F;icls2016.89</dcvalue>
      <dcvalue element="description" qualifier="abstract" language="en_US">This paper presents a theoretical model of mathematics teaching and learning that captures the reflexive relationship between processes of objectification and subjectification inherent in classroom discourse. I call this model the “obj–subj dialectic,” and ultimately I posit that students’ respective semiotic means of objectification also function, simultaneously, as semiotic means of subjectification. I use this model to analyze and describe the individual student learning of three high school students engaged in a generalization task and the emergent social power dynamics. Findings show that whereas students made statements that positioned themselves as having the correct answer (i.e., as mathematical authorities), some students resorted to a broader arsenal of semiotic resources to make their point, which resulted in differentiated status positions. Thus some students gained “mathematical ascendency” over others, which refers to the co-construction of hierarchical positional identities emerging from the obj–subj dialectic during multimodal interactions.</dcvalue>
      <dcvalue element="language" qualifier="iso" language="en_US">en</dcvalue>
      <dcvalue element="publisher" qualifier="none" language="en_US">Singapore:&#x20;International&#x20;Society&#x20;of&#x20;the&#x20;Learning&#x20;Sciences</dcvalue>
      <dcvalue element="title" qualifier="none" language="en_US">The Obj–Subj Dialectic and the Co-Construction of Hierarchical Positional Identities During a Collaborative Generalization Task</dcvalue>
      <dcvalue element="type" qualifier="none" language="en_US">Book&#x20;chapter</dcvalue>
      &lt;dc:subject xml:lang="en"&gt;discourse&lt;/dc:subject&gt;
&lt;dc:subject xml:lang="en"&gt;objectification&lt;/dc:subject&gt;
&lt;dc:subject xml:lang="en"&gt;mathematical cognition&lt;/dc:subject&gt;
&lt;dc:subject xml:lang="en"&gt;power dynamic&lt;/dc:subject&gt;
    </dublin_core>