<?xml version="1.0" encoding="utf-8" standalone="no"?>
    <dublin_core schema="dc">
    <dcvalue element="contributor" qualifier="author">Tarimo, William T.</dcvalue>
<dcvalue element="contributor" qualifier="author">Hickey, Timothy J.</dcvalue>
      <dcvalue element="date" qualifier="accessioned">2017-06-19T10:50:27Z</dcvalue>
      <dcvalue element="date" qualifier="available">2017-06-19T10:50:27Z</dcvalue>
      <dcvalue element="date" qualifier="issued">2017-07</dcvalue>
      <dcvalue element="identifier" qualifier="citation" language="en_US">Tarimo, W. T. &amp; Hickey, T. J.&#x20;(2017).&#x20;GroupWork: Learning During Collaborative Assessment Activities&#x20;In&#x20;Smith,&#x20;B.&#x20;K.,&#x20;Borge,&#x20;M.,&#x20;Mercier,&#x20;E.,&#x20;and&#x20;Lim,&#x20;K.&#x20;Y.&#x20;(Eds.).&#x20;(2017).&#x20;Making&#x20;a&#x20;Difference:&#x20;Prioritizing&#x20;Equity&#x20;and&#x20;Access&#x20;in&#x20;CSCL,&#x20;12th&#x20;International&#x20;Conference&#x20;on&#x20;Computer&#x20;Supported&#x20;Collaborative&#x20;Learning&#x20;(CSCL)&#x20;2017,&#x20;Volume&#x20;1.&#x20;Philadelphia,&#x20;PA:&#x20;International&#x20;Society&#x20;of&#x20;the&#x20;Learning&#x20;Sciences.</dcvalue>
      <dcvalue element="identifier" qualifier="uri">https:dx.doi.org&#x2F;10.22318&#x2F;cscl2017.62</dcvalue>
      <dcvalue element="description" qualifier="abstract" language="en_US">The positive benefits of collaborative and cooperative learning are well documented in educational literature and research. In this paper, we present GroupWork - a group-based assessment tool within TeachBack, and an evaluation of our experience in using it as part of an interactive flipped classroom. GroupWork was used to facilitate real-time group-based formative assessment and other problem-based activities in the classroom. Specifically, we examine the short-term and long-term impact of this implementation on students’ learning outcomes and experiences compared to performing formative assessments where students work individually. Results show significant performance improvement for each student and for each assessment question when students are allowed to discuss their solutions with peers. The formative assessment grades after collaborative problem solving are shown to have a strong correlation with final course grades, suggesting that collaborative problem solving may have a lasting benefit.</dcvalue>
      <dcvalue element="language" qualifier="iso" language="en_US">en</dcvalue>
      <dcvalue element="publisher" qualifier="none" language="en_US">Philadelphia,&#x20;PA:&#x20;International&#x20;Society&#x20;of&#x20;the&#x20;Learning&#x20;Sciences.</dcvalue>
      <dcvalue element="title" qualifier="none" language="en_US">GroupWork: Learning During Collaborative Assessment Activities</dcvalue>
      <dcvalue element="type" qualifier="none" language="en_US">Book&#x20;chapter</dcvalue>
      <dc:subject xml:lang="en">Knowledge Building</dc:subject>
<dc:subject xml:lang="en">Case Studies</dc:subject>
<dc:subject xml:lang="en">Communication Studies</dc:subject>
<dc:subject xml:lang="en">Adoption of Technologies</dc:subject>
<dc:subject xml:lang="en">Culture</dc:subject>
<dc:subject xml:lang="en">Student Achievement</dc:subject>
<dc:subject xml:lang="en">Community Settings</dc:subject>
<dc:subject xml:lang="en">Life Long Learning</dc:subject>
<dc:subject xml:lang="en">Portable/Ubiquitous Collaboration</dc:subject>
<dc:subject xml:lang="en">Workplace</dc:subject>
<dc:subject xml:lang="en">Collaboration Skills</dc:subject>
<dc:subject xml:lang="en">Teacher Education</dc:subject>
<dc:subject xml:lang="en">Education Technology</dc:subject>
<dc:subject xml:lang="en">Social Constructivism</dc:subject>
<dc:subject xml:lang="en">Online Learning</dc:subject>
<dc:subject xml:lang="en">Community Building</dc:subject>
<dc:subject xml:lang="en">Engagement</dc:subject>
<dc:subject xml:lang="en">Reflection</dc:subject>
    </dublin_core>