<?xml version="1.0" encoding="utf-8" standalone="no"?>
    <dublin_core schema="dc">
    <dcvalue element="contributor" qualifier="author">Oshima, Jun</dcvalue>
<dcvalue element="contributor" qualifier="author">Oshima, Ritsuko</dcvalue>
<dcvalue element="contributor" qualifier="author">Fujita, Wataru</dcvalue>
      <dcvalue element="date" qualifier="accessioned">2017-06-19T14:15:51Z</dcvalue>
      <dcvalue element="date" qualifier="available">2017-06-19T14:15:51Z</dcvalue>
      <dcvalue element="date" qualifier="issued">2015-07</dcvalue>
      <dcvalue element="identifier" qualifier="citation" language="en_US">Oshima, J., Oshima, R., &amp; Fujita, W.&#x20;(2015).&#x20;A Multivocality Approach to Epistemic Agency in Collaborative Learning&#x20;In&#x20; Lindwall,&#x20;O.,&#x20;Häkkinen,&#x20;P.,&#x20;Koschman,&#x20;T.&#x20;Tchounikine,&#x20;P.&#x20;&#x20;Ludvigsen,&#x20;S.&#x20;(Eds.)&#x20;(2015).&#x20;Exploring&#x20;the&#x20;Material&#x20;Conditions&#x20;of&#x20;Learning:&#x20;The&#x20;Computer&#x20;Supported&#x20;Collaborative&#x20;Learning&#x20;(CSCL)&#x20;Conference&#x20;2015,&#x20;Volume&#x20;1.&#x20;Gothenburg,&#x20;Sweden:&#x20;The&#x20;International&#x20;Society&#x20;of&#x20;the&#x20;Learning&#x20;Sciences.</dcvalue>
      <dcvalue element="identifier" qualifier="uri">https://doi.dx.org&#x2F;10.22318&#x2F;cscl2015.146</dcvalue>
      <dcvalue element="description" qualifier="abstract" language="en_US">The purpose of this study was to propose a multivocality approach to analyzing shared epistemic agency in collaborative learning and to test its effectiveness by examining actual datasets. We proposed the combination of social network analysis (SNA) and in-depth dialogical analysis as a multivocality approach and analyzed discourse transcriptions of collaborative reading comprehension by university students as datasets. First, we identified pivotal points of discourse where students might engage in an epistemic action toward alleviating a lack of knowledge. Then, we conducted in-depth analysis of discourse segments around the pivotal points. Results revealed that pivotal points identified by SNA were confirmed as alleviating lack of knowledge by further in-depth dialogical analysis. We further succeeded in identifying dialogical patterns in the shared epistemic agency and each individual student’s contribution to them.
</dcvalue>
      <dcvalue element="language" qualifier="iso" language="en_US">en</dcvalue>
      <dcvalue element="publisher" qualifier="none" language="en_US"> International&#x20;Society&#x20;of&#x20;the&#x20;Learning&#x20;Sciences,&#x20;Inc.&#x20;[ISLS].</dcvalue>
      <dcvalue element="title" qualifier="none" language="en_US">A Multivocality Approach to Epistemic Agency in Collaborative Learning</dcvalue>
      <dcvalue element="type" qualifier="none" language="en_US">Book&#x20;chapter</dcvalue>
      <dc:subject xml:lang="en">A Multivocality Approach to Epistemic Agency in Collaborative Learning</dc:subject>
<dc:subject xml:lang="en">shared epistemic agency</dc:subject>
<dc:subject xml:lang="en">multivocality approach</dc:subject>
<dc:subject xml:lang="en">social network analysis</dc:subject>
<dc:subject xml:lang="en">in-depth dialogical analysis</dc:subject>
    </dublin_core>