<?xml version="1.0" encoding="utf-8" standalone="no"?>
    <dublin_core schema="dc">
    <dcvalue element="contributor" qualifier="author">Shapiro, Ben Rydal</dcvalue>
<dcvalue element="contributor" qualifier="author">Hall, Rogers</dcvalue>
      <dcvalue element="date" qualifier="accessioned">2017-06-19T10:50:27Z</dcvalue>
      <dcvalue element="date" qualifier="available">2017-06-19T10:50:27Z</dcvalue>
      <dcvalue element="date" qualifier="issued">2017-07</dcvalue>
      <dcvalue element="identifier" qualifier="citation" language="en_US">Shapiro, B. R. &amp; Hall, R.&#x20;(2017).&#x20;Making Engagement Visible: The Use of Mondrian Transcripts in a Museum&#x20;In&#x20;Smith,&#x20;B.&#x20;K.,&#x20;Borge,&#x20;M.,&#x20;Mercier,&#x20;E.,&#x20;and&#x20;Lim,&#x20;K.&#x20;Y.&#x20;(Eds.).&#x20;(2017).&#x20;Making&#x20;a&#x20;Difference:&#x20;Prioritizing&#x20;Equity&#x20;and&#x20;Access&#x20;in&#x20;CSCL,&#x20;12th&#x20;International&#x20;Conference&#x20;on&#x20;Computer&#x20;Supported&#x20;Collaborative&#x20;Learning&#x20;(CSCL)&#x20;2017,&#x20;Volume&#x20;1.&#x20;Philadelphia,&#x20;PA:&#x20;International&#x20;Society&#x20;of&#x20;the&#x20;Learning&#x20;Sciences.</dcvalue>
      <dcvalue element="identifier" qualifier="uri">https:dx.doi.org&#x2F;10.22318&#x2F;cscl2017.8</dcvalue>
      <dcvalue element="description" qualifier="abstract" language="en_US">Four visible areas of growth include (i) growth in number and connectedness of teachers in practice; (ii) growth in the dimensions of teaching and learning involved in the innovation; (iii) growth in ownership of practice; (iv) growth in research considerations; (v) growth in the role of the researcher.</dcvalue>
      <dcvalue element="language" qualifier="iso" language="en_US">en</dcvalue>
      <dcvalue element="publisher" qualifier="none" language="en_US">Philadelphia,&#x20;PA:&#x20;International&#x20;Society&#x20;of&#x20;the&#x20;Learning&#x20;Sciences.</dcvalue>
      <dcvalue element="title" qualifier="none" language="en_US">Making Engagement Visible: The Use of Mondrian Transcripts in a Museum</dcvalue>
      <dcvalue element="type" qualifier="none" language="en_US">Book&#x20;chapter</dcvalue>
      <dc:subject xml:lang="en">Science Education</dc:subject>
<dc:subject xml:lang="en">Simulations</dc:subject>
<dc:subject xml:lang="en">Constructivism/Constructionism</dc:subject>
<dc:subject xml:lang="en">Computing Education</dc:subject>
    </dublin_core>