<?xml version="1.0" encoding="utf-8" standalone="no"?>
    <dublin_core schema="dc">
    <dcvalue element="contributor" qualifier="author">Mochizuki, Toshio</dcvalue>
<dcvalue element="contributor" qualifier="author">Hirayama, Ryoya</dcvalue>
<dcvalue element="contributor" qualifier="author">Wakimoto, Takehiro</dcvalue>
<dcvalue element="contributor" qualifier="author">Sasaki, Hiroshi</dcvalue>
<dcvalue element="contributor" qualifier="author">Kubota, Yoshihiko</dcvalue>
<dcvalue element="contributor" qualifier="author">Suzuki, Hideyuki</dcvalue>
      <dcvalue element="date" qualifier="accessioned">2017-06-19T14:51:54Z</dcvalue>
      <dcvalue element="date" qualifier="available">2017-06-19T14:51:54Z</dcvalue>
      <dcvalue element="date" qualifier="issued">2015-07</dcvalue>
      <dcvalue element="identifier" qualifier="citation" language="en_US">Mochizuki, T., Hirayama, R., Wakimoto, T., Sasaki, H., Kubota, Y., &amp; Suzuki, H.&#x20;(2015).&#x20;Fostering and Reflecting on Diverse Perspective-Taking in Role-Play Utilizing Puppets as the Catalyst Material under CSCL&#x20;In&#x20; Lindwall,&#x20;O.,&#x20;Häkkinen,&#x20;P.,&#x20;Koschman,&#x20;T.&#x20;Tchounikine,&#x20;P.&#x20;&#x20;Ludvigsen,&#x20;S.&#x20;(Eds.)&#x20;(2015).&#x20;Exploring&#x20;the&#x20;Material&#x20;Conditions&#x20;of&#x20;Learning:&#x20;The&#x20;Computer&#x20;Supported&#x20;Collaborative&#x20;Learning&#x20;(CSCL)&#x20;Conference&#x20;2015,&#x20;Volume&#x20;2.&#x20;Gothenburg,&#x20;Sweden:&#x20;The&#x20;International&#x20;Society&#x20;of&#x20;the&#x20;Learning&#x20;Sciences.</dcvalue>
      <dcvalue element="identifier" qualifier="uri">https://doi.dx.org&#x2F;10.22318&#x2F;cscl2015.218</dcvalue>
      <dcvalue element="description" qualifier="abstract" language="en_US">Role-play is a powerful strategy that helps learners broaden their perspectives in a given subject area through communication. As a vehicle of role-play, puppetry achieves this benefit while creating a psychological distance from the role-player’s actual identity, meaning that the player’s anxiety or apprehension toward evaluation is reduced. EduceBoard is a tangible system that enables participants to conduct role-play using puppets and foster reflection based on the diverse perspectives of the characters in the role-play. Preliminary evaluation of EduceBoard demonstrated that it allowed participants to play various roles in role-play and helped them reflect on their role-play from a variety of perspectives. In this paper, we also discuss how we can foster successful transfer of what they have learned to their self-performance in role-play or in real-life context.
</dcvalue>
      <dcvalue element="language" qualifier="iso" language="en_US">en</dcvalue>
      <dcvalue element="publisher" qualifier="none" language="en_US"> International&#x20;Society&#x20;of&#x20;the&#x20;Learning&#x20;Sciences,&#x20;Inc.&#x20;[ISLS].</dcvalue>
      <dcvalue element="title" qualifier="none" language="en_US">Fostering and Reflecting on Diverse Perspective-Taking in Role-Play Utilizing Puppets as the Catalyst Material under CSCL</dcvalue>
      <dcvalue element="type" qualifier="none" language="en_US">Book&#x20;chapter</dcvalue>
      <dc:subject xml:lang="en">role-play</dc:subject>
<dc:subject xml:lang="en">puppetry</dc:subject>
<dc:subject xml:lang="en">perspective-taking</dc:subject>
<dc:subject xml:lang="en">reflection</dc:subject>
    </dublin_core>