<?xml version="1.0" encoding="utf-8" standalone="no"?>
    <dublin_core schema="dc">
    <dcvalue element="contributor" qualifier="author">Duckles, Joyce M.</dcvalue>
<dcvalue element="contributor" qualifier="author">Moses, George</dcvalue>
<dcvalue element="contributor" qualifier="author">Van Alstyne, Ryan</dcvalue>
<dcvalue element="contributor" qualifier="author">Stroud, Brandon</dcvalue>
      <dcvalue element="date" qualifier="accessioned">2017-03-21T12:05:42Z</dcvalue>
      <dcvalue element="date" qualifier="available">2017-03-21T12:05:42Z</dcvalue>
      <dcvalue element="date" qualifier="issued">2016-07</dcvalue>
      <dcvalue element="identifier" qualifier="citation" language="en_US">Duckles, J. M., Moses, G., Van Alstyne, R., &amp; Stroud, B.&#x20;(2016).&#x20;“Doing Double Dutch”: Becoming Attuned to Rhythms of Pathways In and Through Community Spaces&#x20;In&#x20;Looi,&#x20;C.&#x20;K.,&#x20;Polman,&#x20;J.&#x20;L.,&#x20;Cress,&#x20;U.,&#x20;and&#x20;Reimann,&#x20;P.&#x20;(Eds.).&#x20;Transforming&#x20;Learning,&#x20;Empowering&#x20;Learners:&#x20;The&#x20;International&#x20;Conference&#x20;of&#x20;the&#x20;Learning&#x20;Sciences&#x20;(ICLS)&#x20;2016,&#x20;Volume&#x20;1.&#x20;Singapore:&#x20;International&#x20;Society&#x20;of&#x20;the&#x20;Learning&#x20;Sciences,&#x20;pp.&#x20;35-43.</dcvalue>
      <dcvalue element="identifier" qualifier="uri">info:doi&#x2F;10.22318&#x2F;icls2016.34</dcvalue>
      <dcvalue element="description" qualifier="abstract" language="en_US">As activists and co-researchers from the university and the Cedarwood community, we have engaged in a long-term participatory ethnography to uncover and inform the transformation of an urban community. Our research focuses on understanding relationships and pathways within and across “hubs” emerging in the neighborhood that lead to authentic and meaningful change. This paper presents our current analytic attention to the boundaries, pathways and spaces between hubs. Adopting the metaphor of “doing Double Dutch” emerging from team analysis, we develop the themes of “pathways in” as opening doors; “pathways through” as feeling the rhythms; and the learning and dexterity that energizes trajectories beyond the hubs in the neighborhood. We propose the constructs of rhythm, attunement and dexterity as conceptual and analytic tools to inform our understandings of pathways and boundaries as “hidden energies” for community development and their generative potential for learning. We conclude that stagnation is not an option.</dcvalue>
      <dcvalue element="language" qualifier="iso" language="en_US">en</dcvalue>
      <dcvalue element="publisher" qualifier="none" language="en_US">Singapore:&#x20;International&#x20;Society&#x20;of&#x20;the&#x20;Learning&#x20;Sciences</dcvalue>
      <dcvalue element="title" qualifier="none" language="en_US">“Doing Double Dutch”: Becoming Attuned to Rhythms of Pathways In and Through Community Spaces</dcvalue>
      <dcvalue element="type" qualifier="none" language="en_US">Book&#x20;chapter</dcvalue>
      &lt;dc:subject xml:lang="en"&gt;boundaries; community transformation; pathways; rhythms&lt;/dc:subject&gt;
    </dublin_core>