<?xml version="1.0" encoding="utf-8" standalone="no"?>
    <dublin_core schema="dc">
    <dcvalue element="contributor" qualifier="author">Csanadi, Andras</dcvalue>
<dcvalue element="contributor" qualifier="author">Kollar, Ingo</dcvalue>
<dcvalue element="contributor" qualifier="author">Fischer, Frank</dcvalue>
      <dcvalue element="date" qualifier="accessioned">2017-03-21T12:05:42Z</dcvalue>
      <dcvalue element="date" qualifier="available">2017-03-21T12:05:42Z</dcvalue>
      <dcvalue element="date" qualifier="issued">2016-07</dcvalue>
      <dcvalue element="identifier" qualifier="citation" language="en_US">Csanadi, A., Kollar, I., &amp; Fischer, F.&#x20;(2016).&#x20;Scientific Reasoning and Problem Solving in a Practical Domain: Are Two Heads Better Than One?&#x20;In&#x20;Looi,&#x20;C.&#x20;K.,&#x20;Polman,&#x20;J.&#x20;L.,&#x20;Cress,&#x20;U.,&#x20;and&#x20;Reimann,&#x20;P.&#x20;(Eds.).&#x20;Transforming&#x20;Learning,&#x20;Empowering&#x20;Learners:&#x20;The&#x20;International&#x20;Conference&#x20;of&#x20;the&#x20;Learning&#x20;Sciences&#x20;(ICLS)&#x20;2016,&#x20;Volume&#x20;1.&#x20;Singapore:&#x20;International&#x20;Society&#x20;of&#x20;the&#x20;Learning&#x20;Sciences,&#x20;pp.&#x20;35-43.</dcvalue>
      <dcvalue element="identifier" qualifier="uri">info:doi&#x2F;10.22318&#x2F;icls2016.9</dcvalue>
      <dcvalue element="description" qualifier="abstract" language="en_US">To meet high-level problem solving standards, practitioners should optimally solve problems in an evidence-based manner: by using scientific knowledge while engaging in scientific reasoning processes. It can be argued that professionals do this better in groups than individually. Also, heterogeneous groups might have more potential to engage in higher levels of scientific reasoning than homogeneous groups or individuals. The present study investigated these questions in the context of teacher education. 76 teacher students solved a problem case from their future practice either individually or in dyads that were homo- or heterogeneous with respect to their members’ problem solving scripts. The results show that although dyads have an advantage on generating hypotheses to explain the problem; individuals engage more in generating solutions. Moreover, especially heterogeneous dyads seem to differ from individuals’ approaches. Future studies could investigate further how to use groups’ potential in generating hypotheses to facilitate them in generating solutions. </dcvalue>
      <dcvalue element="language" qualifier="iso" language="en_US">en</dcvalue>
      <dcvalue element="publisher" qualifier="none" language="en_US">Singapore:&#x20;International&#x20;Society&#x20;of&#x20;the&#x20;Learning&#x20;Sciences</dcvalue>
      <dcvalue element="title" qualifier="none" language="en_US">Scientific Reasoning and Problem Solving in a Practical Domain: Are Two Heads Better Than One?</dcvalue>
      <dcvalue element="type" qualifier="none" language="en_US">Book&#x20;chapter</dcvalue>
      &lt;dc:subject xml:lang="en"&gt;scientific reasoning&lt;/dc:subject&gt;
&lt;dc:subject xml:lang="en"&gt;collaborative problem solving&lt;/dc:subject&gt;
&lt;dc:subject xml:lang="en"&gt;group composition&lt;/dc:subject&gt;
    </dublin_core>