<?xml version="1.0" encoding="utf-8" standalone="no"?>
    <dublin_core schema="dc">
    <dcvalue element="contributor" qualifier="author">Allen, Carrie D.</dcvalue>
<dcvalue element="contributor" qualifier="author">Eisenhart, Margaret</dcvalue>
      <dcvalue element="date" qualifier="accessioned">2017-03-21T12:05:42Z</dcvalue>
      <dcvalue element="date" qualifier="available">2017-03-21T12:05:42Z</dcvalue>
      <dcvalue element="date" qualifier="issued">2016-07</dcvalue>
      <dcvalue element="identifier" qualifier="citation" language="en_US">Allen, C. D. &amp; Eisenhart, M.&#x20;(2016).&#x20;Fighting for Desired Versions of a Future Self: Young African American Women's STEM-related Identity Negotiations in High School&#x20;In&#x20;Looi,&#x20;C.&#x20;K.,&#x20;Polman,&#x20;J.&#x20;L.,&#x20;Cress,&#x20;U.,&#x20;and&#x20;Reimann,&#x20;P.&#x20;(Eds.).&#x20;Transforming&#x20;Learning,&#x20;Empowering&#x20;Learners:&#x20;The&#x20;International&#x20;Conference&#x20;of&#x20;the&#x20;Learning&#x20;Sciences&#x20;(ICLS)&#x20;2016,&#x20;Volume&#x20;1.&#x20;Singapore:&#x20;International&#x20;Society&#x20;of&#x20;the&#x20;Learning&#x20;Sciences,&#x20;pp.&#x20;35-43.</dcvalue>
      <dcvalue element="identifier" qualifier="uri">info:doi&#x2F;10.22318&#x2F;icls2016.58</dcvalue>
      <dcvalue element="description" qualifier="abstract" language="en_US">In this paper, we investigate how the national narrative of increasing opportunities for and broadening participation of young women of color in STEM was taken up locally at one racially-diverse, urban high school. Using ethnographic and longitudinal data, we focus on two young women of color as they negotiated and maintained STEM-related identities in the discursive and practice contexts of their lives at school. Using Holland and Lave’s concept of history-in-person (2001), we view the young women as fighting for particular versions of a future self, while entangled in discursive and social relations that threatened to position them differently than they wished to be. Our findings suggest a need for an explicit naming and examination of the “double bind” that young women of color experience as they move through school environments and special support to prepare them for the challenges they may face in STEM-related college programs or workplaces. </dcvalue>
      <dcvalue element="language" qualifier="iso" language="en_US">en</dcvalue>
      <dcvalue element="publisher" qualifier="none" language="en_US">Singapore:&#x20;International&#x20;Society&#x20;of&#x20;the&#x20;Learning&#x20;Sciences</dcvalue>
      <dcvalue element="title" qualifier="none" language="en_US">Fighting for Desired Versions of a Future Self: Young African American Women's STEM-related Identity Negotiations in High School</dcvalue>
      <dcvalue element="type" qualifier="none" language="en_US">Book&#x20;chapter</dcvalue>
      &lt;dc:subject xml:lang="en"&gt;youth identities&lt;/dc:subject&gt;
&lt;dc:subject xml:lang="en"&gt;STEM education&lt;/dc:subject&gt;
&lt;dc:subject xml:lang="en"&gt;urban education&lt;/dc:subject&gt;
&lt;dc:subject xml:lang="en"&gt;social practice&lt;/dc:subject&gt;
    </dublin_core>