<?xml version="1.0" encoding="utf-8" standalone="no"?>
    <dublin_core schema="dc">
    <dcvalue element="contributor" qualifier="author">Jung, Yong Ju</dcvalue>
<dcvalue element="contributor" qualifier="author">Toprani, Dhvani</dcvalue>
<dcvalue element="contributor" qualifier="author">Yan, Shulong</dcvalue>
<dcvalue element="contributor" qualifier="author">Borge, Marcela</dcvalue>
      <dcvalue element="date" qualifier="accessioned">2017-06-19T10:52:18Z</dcvalue>
      <dcvalue element="date" qualifier="available">2017-06-19T10:52:18Z</dcvalue>
      <dcvalue element="date" qualifier="issued">2017-07</dcvalue>
      <dcvalue element="identifier" qualifier="citation" language="en_US">Jung, Y. J., Toprani, D., Yan, S., &amp; Borge, M.&#x20;(2017).&#x20;Children’s Participation in Rulemaking to Mitigate Process Problems in CSCL&#x20;In&#x20;Smith,&#x20;B.&#x20;K.,&#x20;Borge,&#x20;M.,&#x20;Mercier,&#x20;E.,&#x20;and&#x20;Lim,&#x20;K.&#x20;Y.&#x20;(Eds.).&#x20;(2017).&#x20;Making&#x20;a&#x20;Difference:&#x20;Prioritizing&#x20;Equity&#x20;and&#x20;Access&#x20;in&#x20;CSCL,&#x20;12th&#x20;International&#x20;Conference&#x20;on&#x20;Computer&#x20;Supported&#x20;Collaborative&#x20;Learning&#x20;(CSCL)&#x20;2017,&#x20;Volume&#x20;2.&#x20;Philadelphia,&#x20;PA:&#x20;International&#x20;Society&#x20;of&#x20;the&#x20;Learning&#x20;Sciences.</dcvalue>
      <dcvalue element="identifier" qualifier="uri">https:dx.doi.org&#x2F;10.22318&#x2F;cscl2017.101</dcvalue>
      <dcvalue element="description" qualifier="abstract" language="en_US">In CSCL studies, children have been largely excluded from decision-making processes around orchestration by being required to follow predetermined scripts for collaboration. However, opportunities to acknowledge issues surrounding the process of collaboration (i.e., shared resources) and resolve related problems are important for the development of higher-order collective cognitive processes. Thus, considering cognitive apprenticeship, this case study illustrates a session at an afterschool club where children worked on collaborative design projects with Minecraft and were empowered to participate in decision-making processes surrounding classroom rules and orchestration of activities. </dcvalue>
      <dcvalue element="language" qualifier="iso" language="en_US">en</dcvalue>
      <dcvalue element="publisher" qualifier="none" language="en_US">Philadelphia,&#x20;PA:&#x20;International&#x20;Society&#x20;of&#x20;the&#x20;Learning&#x20;Sciences.</dcvalue>
      <dcvalue element="title" qualifier="none" language="en_US">Children’s Participation in Rulemaking to Mitigate Process Problems in CSCL</dcvalue>
      <dcvalue element="type" qualifier="none" language="en_US">Book&#x20;chapter</dcvalue>
      <dc:subject xml:lang="en">Collaborative Problem Solving Skills</dc:subject>
<dc:subject xml:lang="en">Social Network Analysis</dc:subject>
<dc:subject xml:lang="en">Education Technology</dc:subject>
<dc:subject xml:lang="en">Gaming</dc:subject>
    </dublin_core>