<?xml version="1.0" encoding="utf-8" standalone="no"?>
    <dublin_core schema="dc">
    <dcvalue element="contributor" qualifier="author">Adanır, Gülgün Afacan</dcvalue>
<dcvalue element="contributor" qualifier="author">Çakır, Murat Perit</dcvalue>
      <dcvalue element="date" qualifier="accessioned">2017-06-19T14:15:51Z</dcvalue>
      <dcvalue element="date" qualifier="available">2017-06-19T14:15:51Z</dcvalue>
      <dcvalue element="date" qualifier="issued">2015-07</dcvalue>
      <dcvalue element="identifier" qualifier="citation" language="en_US">Adanır, G. A. &amp; Çakır, M. P.&#x20;(2015).&#x20;Tools for Tracing the Development of Concepts through Discussions Mediated by a CSCL Environment: A Case Study&#x20;In&#x20; Lindwall,&#x20;O.,&#x20;Häkkinen,&#x20;P.,&#x20;Koschman,&#x20;T.&#x20;Tchounikine,&#x20;P.&#x20;&#x20;Ludvigsen,&#x20;S.&#x20;(Eds.)&#x20;(2015).&#x20;Exploring&#x20;the&#x20;Material&#x20;Conditions&#x20;of&#x20;Learning:&#x20;The&#x20;Computer&#x20;Supported&#x20;Collaborative&#x20;Learning&#x20;(CSCL)&#x20;Conference&#x20;2015,&#x20;Volume&#x20;1.&#x20;Gothenburg,&#x20;Sweden:&#x20;The&#x20;International&#x20;Society&#x20;of&#x20;the&#x20;Learning&#x20;Sciences.</dcvalue>
      <dcvalue element="identifier" qualifier="uri">https://doi.dx.org&#x2F;10.22318&#x2F;cscl2015.407</dcvalue>
      <dcvalue element="description" qualifier="abstract" language="en_US">This case study explores the use of learning analytics techniques to monitor students’ conceptual development evidenced in time-stamped logs of a CSCL environment that provides chat, shared whiteboard, and wiki features. The study was conducted in a graduate level research methods course, which included online assignments that required students to collaboratively discuss questions related to statistical methods in chat sessions and submit their answers through co-authored wiki documents. This paper demonstrates the use of some of the existing learning analytics techniques to develop practical strategies and interfaces for helping instructors to effectively monitor the collaborative knowledge building processes taking place at micro and macro levels. In particular, we demonstrate the use of topic segmentation, tag clouds and concordance analysis for the identification of excerpts where key concepts are discussed by the students. 
</dcvalue>
      <dcvalue element="language" qualifier="iso" language="en_US">en</dcvalue>
      <dcvalue element="publisher" qualifier="none" language="en_US"> International&#x20;Society&#x20;of&#x20;the&#x20;Learning&#x20;Sciences,&#x20;Inc.&#x20;[ISLS].</dcvalue>
      <dcvalue element="title" qualifier="none" language="en_US">Tools for Tracing the Development of Concepts through Discussions Mediated by a CSCL Environment: A Case Study</dcvalue>
      <dcvalue element="type" qualifier="none" language="en_US">Book&#x20;chapter</dcvalue>
      <dc:subject xml:lang="en">Tools for Tracing the Development of Concepts through Discussions Mediated by a CSCL Environment: A Case Study</dc:subject>
<dc:subject xml:lang="en">learning analytics</dc:subject>
<dc:subject xml:lang="en">knowledge building</dc:subject>
<dc:subject xml:lang="en">chat</dc:subject>
<dc:subject xml:lang="en">wiki</dc:subject>
    </dublin_core>