<?xml version="1.0" encoding="utf-8" standalone="no"?>
    <dublin_core schema="dc">
    <dcvalue element="contributor" qualifier="author">Roberts, Jessica</dcvalue>
<dcvalue element="contributor" qualifier="author">Lyons, Leilah</dcvalue>
      <dcvalue element="date" qualifier="accessioned">2017-06-19T10:50:27Z</dcvalue>
      <dcvalue element="date" qualifier="available">2017-06-19T10:50:27Z</dcvalue>
      <dcvalue element="date" qualifier="issued">2017-07</dcvalue>
      <dcvalue element="identifier" qualifier="citation" language="en_US">Roberts, J. &amp; Lyons, L.&#x20;(2017).&#x20;Scoring Qualitative Informal Learning Dialogue: The SQuILD Method for Measuring Museum Learning Talk&#x20;In&#x20;Smith,&#x20;B.&#x20;K.,&#x20;Borge,&#x20;M.,&#x20;Mercier,&#x20;E.,&#x20;and&#x20;Lim,&#x20;K.&#x20;Y.&#x20;(Eds.).&#x20;(2017).&#x20;Making&#x20;a&#x20;Difference:&#x20;Prioritizing&#x20;Equity&#x20;and&#x20;Access&#x20;in&#x20;CSCL,&#x20;12th&#x20;International&#x20;Conference&#x20;on&#x20;Computer&#x20;Supported&#x20;Collaborative&#x20;Learning&#x20;(CSCL)&#x20;2017,&#x20;Volume&#x20;1.&#x20;Philadelphia,&#x20;PA:&#x20;International&#x20;Society&#x20;of&#x20;the&#x20;Learning&#x20;Sciences.</dcvalue>
      <dcvalue element="identifier" qualifier="uri">https:dx.doi.org&#x2F;10.22318&#x2F;cscl2017.65</dcvalue>
      <dcvalue element="description" qualifier="abstract" language="en_US">Museums are increasingly developing computer-supported collaborative learning experiences and are in need of methods for evaluating the educational value of such exhibits. Exhibit designers, like web interaction designers, have long been employing A/B testing of exhibit elements in order to understand the affordances of competing designs in situ. When the exhibit elements being tested are intended to support open-ended group exploration and dialogue, existing knowledge-based metrics like measuring the amount of content recalled don’t quite apply. Visitor groups can explore the educational content in idiosyncratic ways, meaning that not all groups have the same exposure to content, and the learning arises from the visitors’ conversations. In order to evaluate learning outcomes for CSCL exhibits, we present a method for quantifying idiosyncratic social learning, Scoring Qualitative Informal Learning Dialogue (SQuILD), and demonstrate how it was applied to A/B testing of a collaborative data visualization exhibit in a metropolitan museum.</dcvalue>
      <dcvalue element="language" qualifier="iso" language="en_US">en</dcvalue>
      <dcvalue element="publisher" qualifier="none" language="en_US">Philadelphia,&#x20;PA:&#x20;International&#x20;Society&#x20;of&#x20;the&#x20;Learning&#x20;Sciences.</dcvalue>
      <dcvalue element="title" qualifier="none" language="en_US">Scoring Qualitative Informal Learning Dialogue: The SQuILD Method for Measuring Museum Learning Talk</dcvalue>
      <dcvalue element="type" qualifier="none" language="en_US">Book&#x20;chapter</dcvalue>
      <dc:subject xml:lang="en">Computing Education</dc:subject>
<dc:subject xml:lang="en">Augmented/Virtual Reality</dc:subject>
<dc:subject xml:lang="en">Reflection</dc:subject>
    </dublin_core>