<?xml version="1.0" encoding="utf-8" standalone="no"?>
    <dublin_core schema="dc">
    <dcvalue element="contributor" qualifier="author">Siebert-Evenstone, Amanda L.</dcvalue>
<dcvalue element="contributor" qualifier="author">Arastoopour, Golnaz</dcvalue>
<dcvalue element="contributor" qualifier="author">Collier, Wesley</dcvalue>
<dcvalue element="contributor" qualifier="author">Swiecki, Zachari</dcvalue>
<dcvalue element="contributor" qualifier="author">Ruis, Andrew R.</dcvalue>
<dcvalue element="contributor" qualifier="author">Shaffer, David Williamson</dcvalue>
      <dcvalue element="date" qualifier="accessioned">2017-03-21T12:05:42Z</dcvalue>
      <dcvalue element="date" qualifier="available">2017-03-21T12:05:42Z</dcvalue>
      <dcvalue element="date" qualifier="issued">2016-07</dcvalue>
      <dcvalue element="identifier" qualifier="citation" language="en_US">Siebert-Evenstone, A. L., Arastoopour, G., Collier, W., Swiecki, Z., Ruis, A. R., &amp; Shaffer, D. W.&#x20;(2016).&#x20;In Search of Conversational Grain Size:  Modeling Semantic Structure Using Moving Stanza Windows&#x20;In&#x20;Looi,&#x20;C.&#x20;K.,&#x20;Polman,&#x20;J.&#x20;L.,&#x20;Cress,&#x20;U.,&#x20;and&#x20;Reimann,&#x20;P.&#x20;(Eds.).&#x20;Transforming&#x20;Learning,&#x20;Empowering&#x20;Learners:&#x20;The&#x20;International&#x20;Conference&#x20;of&#x20;the&#x20;Learning&#x20;Sciences&#x20;(ICLS)&#x20;2016,&#x20;Volume&#x20;1.&#x20;Singapore:&#x20;International&#x20;Society&#x20;of&#x20;the&#x20;Learning&#x20;Sciences,&#x20;pp.&#x20;35-43.</dcvalue>
      <dcvalue element="identifier" qualifier="uri">info:doi&#x2F;10.22318&#x2F;icls2016.82</dcvalue>
      <dcvalue element="description" qualifier="abstract" language="en_US">Analyses of learning based on student discourse need to account not only for the content of the utterances but also for the ways in which students make connections across turns of talk. This requires segmentation of the discourse data to define when connections are likely to be meaningful. In this paper, we present a novel approach to segmenting data for the purposes of modeling connections in discourse. Specifically, we use epistemic network analysis to model connections in student discourse using a temporal segmentation method adapted from recent work in the learning sciences. We compare the results to a purely topic-based segmentation method to examine the affordances of temporal segmentation for modeling connections in discourse.</dcvalue>
      <dcvalue element="language" qualifier="iso" language="en_US">en</dcvalue>
      <dcvalue element="publisher" qualifier="none" language="en_US">Singapore:&#x20;International&#x20;Society&#x20;of&#x20;the&#x20;Learning&#x20;Sciences</dcvalue>
      <dcvalue element="title" qualifier="none" language="en_US">In Search of Conversational Grain Size:  Modeling Semantic Structure Using Moving Stanza Windows</dcvalue>
      <dcvalue element="type" qualifier="none" language="en_US">Book&#x20;chapter</dcvalue>
      &lt;dc:subject xml:lang="en"&gt;sliding window&lt;/dc:subject&gt;
&lt;dc:subject xml:lang="en"&gt;epistemic network analysis&lt;/dc:subject&gt;
&lt;dc:subject xml:lang="en"&gt;segmentation&lt;/dc:subject&gt;
&lt;dc:subject xml:lang="en"&gt;discourse analysis&lt;/dc:subject&gt;
    </dublin_core>