<?xml version="1.0" encoding="utf-8" standalone="no"?>
    <dublin_core schema="dc">
    <dcvalue element="contributor" qualifier="author">Healion, Donal</dcvalue>
<dcvalue element="contributor" qualifier="author">Russell, Sam</dcvalue>
<dcvalue element="contributor" qualifier="author">Cukurova, Mutlu</dcvalue>
<dcvalue element="contributor" qualifier="author">Spikol, Daniel</dcvalue>
      <dcvalue element="date" qualifier="accessioned">2017-06-19T10:52:18Z</dcvalue>
      <dcvalue element="date" qualifier="available">2017-06-19T10:52:18Z</dcvalue>
      <dcvalue element="date" qualifier="issued">2017-07</dcvalue>
      <dcvalue element="identifier" qualifier="citation" language="en_US">Healion, D., Russell, S., Cukurova, M., &amp; Spikol, D.&#x20;(2017).&#x20;Designing Spaces for Collaboration in Practice-Based Learning&#x20;In&#x20;Smith,&#x20;B.&#x20;K.,&#x20;Borge,&#x20;M.,&#x20;Mercier,&#x20;E.,&#x20;and&#x20;Lim,&#x20;K.&#x20;Y.&#x20;(Eds.).&#x20;(2017).&#x20;Making&#x20;a&#x20;Difference:&#x20;Prioritizing&#x20;Equity&#x20;and&#x20;Access&#x20;in&#x20;CSCL,&#x20;12th&#x20;International&#x20;Conference&#x20;on&#x20;Computer&#x20;Supported&#x20;Collaborative&#x20;Learning&#x20;(CSCL)&#x20;2017,&#x20;Volume&#x20;2.&#x20;Philadelphia,&#x20;PA:&#x20;International&#x20;Society&#x20;of&#x20;the&#x20;Learning&#x20;Sciences.</dcvalue>
      <dcvalue element="identifier" qualifier="uri">https:dx.doi.org&#x2F;10.22318&#x2F;cscl2017.79</dcvalue>
      <dcvalue element="description" qualifier="abstract" language="en_US">In order to support equity and access in collaborative learning, it is important to understand the nature of collaborative learning itself. One approach is to look at the physical aspects of how students collaborate while engaged in open-ended group-work during Practice-Based Learning (PBL) activities. By analysing how students and teachers move and interact in relation to each other, the space they are in and the objects within it, we can gain a greater understanding of the physical nature of collaborative group-work. This understanding can help us to create a learning environment that intrinsically but unobtrusively supports access by all user profiles who seek to engage with it, thus promoting equity of engagement and participation. Using the example of the design of a Learning Analytics System (LAS) and the educational furniture in which it is implemented, we will show how the physical design of a CSCL implementation can support increased collaboration.</dcvalue>
      <dcvalue element="language" qualifier="iso" language="en_US">en</dcvalue>
      <dcvalue element="publisher" qualifier="none" language="en_US">Philadelphia,&#x20;PA:&#x20;International&#x20;Society&#x20;of&#x20;the&#x20;Learning&#x20;Sciences.</dcvalue>
      <dcvalue element="title" qualifier="none" language="en_US">Designing Spaces for Collaboration in Practice-Based Learning</dcvalue>
      <dcvalue element="type" qualifier="none" language="en_US">Book&#x20;chapter</dcvalue>
      <dc:subject xml:lang="en">Competence/Expertise</dc:subject>
<dc:subject xml:lang="en">Case Studies</dc:subject>
<dc:subject xml:lang="en">Participatory Design</dc:subject>
<dc:subject xml:lang="en">Adoption of Technologies</dc:subject>
<dc:subject xml:lang="en">Secondary School</dc:subject>
<dc:subject xml:lang="en">Collaboration Skills</dc:subject>
<dc:subject xml:lang="en">Teacher Education</dc:subject>
<dc:subject xml:lang="en">Social Constructivism</dc:subject>
<dc:subject xml:lang="en">Process Support</dc:subject>
    </dublin_core>