<?xml version="1.0" encoding="utf-8" standalone="no"?>
    <dublin_core schema="dc">
    <dcvalue element="contributor" qualifier="author">Lui, Michelle</dcvalue>
<dcvalue element="contributor" qualifier="author">Moher, Tom</dcvalue>
      <dcvalue element="date" qualifier="accessioned">2017-06-19T10:50:27Z</dcvalue>
      <dcvalue element="date" qualifier="available">2017-06-19T10:50:27Z</dcvalue>
      <dcvalue element="date" qualifier="issued">2017-07</dcvalue>
      <dcvalue element="identifier" qualifier="citation" language="en_US">Lui, M. &amp; Moher, T.&#x20;(2017).&#x20;Learning to Model Ecosystems With Interaction Food Webs in Middle School Classrooms&#x20;In&#x20;Smith,&#x20;B.&#x20;K.,&#x20;Borge,&#x20;M.,&#x20;Mercier,&#x20;E.,&#x20;and&#x20;Lim,&#x20;K.&#x20;Y.&#x20;(Eds.).&#x20;(2017).&#x20;Making&#x20;a&#x20;Difference:&#x20;Prioritizing&#x20;Equity&#x20;and&#x20;Access&#x20;in&#x20;CSCL,&#x20;12th&#x20;International&#x20;Conference&#x20;on&#x20;Computer&#x20;Supported&#x20;Collaborative&#x20;Learning&#x20;(CSCL)&#x20;2017,&#x20;Volume&#x20;1.&#x20;Philadelphia,&#x20;PA:&#x20;International&#x20;Society&#x20;of&#x20;the&#x20;Learning&#x20;Sciences.</dcvalue>
      <dcvalue element="identifier" qualifier="uri">https:dx.doi.org&#x2F;10.22318&#x2F;cscl2017.66</dcvalue>
      <dcvalue element="description" qualifier="abstract" language="en_US">Modeling is an important part of scientific practice that represents phenomenon but also allows for prediction and reasoning about systems. While students typically do not have issues with understanding simple linear relationships, difficulties arise when more complex relationships are introduced. Richer representational diagrams make visible the complexities within ecosystems and can help students better understand interacting forces. We co-designed an instructional sequence with software applications to support middle school students building interaction food webs as models of ecosystems. 48 students participated in the lessons and used the applications in groups of three to four students. 87% of groups were able to successfully produce an interaction food web. Posttests found that over 80% of students gave a completely or partially correct explanation, demonstrating reasonable proficiency in understanding interaction food webs. The results from each step of the instructional sequence are discussed with respect to the curriculum and technology design. </dcvalue>
      <dcvalue element="language" qualifier="iso" language="en_US">en</dcvalue>
      <dcvalue element="publisher" qualifier="none" language="en_US">Philadelphia,&#x20;PA:&#x20;International&#x20;Society&#x20;of&#x20;the&#x20;Learning&#x20;Sciences.</dcvalue>
      <dcvalue element="title" qualifier="none" language="en_US">Learning to Model Ecosystems With Interaction Food Webs in Middle School Classrooms</dcvalue>
      <dcvalue element="type" qualifier="none" language="en_US">Book&#x20;chapter</dcvalue>
      <dc:subject xml:lang="en">Representational Tools</dc:subject>
<dc:subject xml:lang="en">Representational Affordances</dc:subject>
<dc:subject xml:lang="en">Science Education</dc:subject>
<dc:subject xml:lang="en">Scaffolding</dc:subject>
    </dublin_core>