<?xml version="1.0" encoding="utf-8" standalone="no"?>
    <dublin_core schema="dc">
    <dcvalue element="contributor" qualifier="author">Martin, Nicole</dcvalue>
<dcvalue element="contributor" qualifier="author">Gnesdilow, Dana</dcvalue>
<dcvalue element="contributor" qualifier="author">Puntambekar, Sadhana</dcvalue>
      <dcvalue element="date" qualifier="accessioned">2017-06-19T10:50:27Z</dcvalue>
      <dcvalue element="date" qualifier="available">2017-06-19T10:50:27Z</dcvalue>
      <dcvalue element="date" qualifier="issued">2017-07</dcvalue>
      <dcvalue element="identifier" qualifier="citation" language="en_US">Martin, N., Gnesdilow, D., &amp; Puntambekar, S.&#x20;(2017).&#x20;Integrating Physical and Virtual Models in Biology: A Study of Students’ Reasoning While Solving a Design Challenge&#x20;In&#x20;Smith,&#x20;B.&#x20;K.,&#x20;Borge,&#x20;M.,&#x20;Mercier,&#x20;E.,&#x20;and&#x20;Lim,&#x20;K.&#x20;Y.&#x20;(Eds.).&#x20;(2017).&#x20;Making&#x20;a&#x20;Difference:&#x20;Prioritizing&#x20;Equity&#x20;and&#x20;Access&#x20;in&#x20;CSCL,&#x20;12th&#x20;International&#x20;Conference&#x20;on&#x20;Computer&#x20;Supported&#x20;Collaborative&#x20;Learning&#x20;(CSCL)&#x20;2017,&#x20;Volume&#x20;1.&#x20;Philadelphia,&#x20;PA:&#x20;International&#x20;Society&#x20;of&#x20;the&#x20;Learning&#x20;Sciences.</dcvalue>
      <dcvalue element="identifier" qualifier="uri">https:dx.doi.org&#x2F;10.22318&#x2F;cscl2017.45</dcvalue>
      <dcvalue element="description" qualifier="abstract" language="en_US">Using models to explain phenomena is important in science. Virtual and physical models have different affordances that can be integrated to foster students’ learning. Integrating evidence from multiple models to justify explanations is challenging, and we know little about how students coordinate such information, especially in biology. This study investigated how students’ integrated information from virtual and physical models in a design-based, biology curriculum. Some students used information from virtual simulations in written explanations of changes they would make to their physical models. However, one-third of students did not use the virtual model to justify their revisions, despite prompts from instructional materials, the teacher, and other group members. Even some students who integrated these different models did not initially do this without support from external prompts. This study provided deeper understanding of how students integrated physical and virtual models, which can help identify the kinds of support students may need.  </dcvalue>
      <dcvalue element="language" qualifier="iso" language="en_US">en</dcvalue>
      <dcvalue element="publisher" qualifier="none" language="en_US">Philadelphia,&#x20;PA:&#x20;International&#x20;Society&#x20;of&#x20;the&#x20;Learning&#x20;Sciences.</dcvalue>
      <dcvalue element="title" qualifier="none" language="en_US">Integrating Physical and Virtual Models in Biology: A Study of Students’ Reasoning While Solving a Design Challenge</dcvalue>
      <dcvalue element="type" qualifier="none" language="en_US">Book&#x20;chapter</dcvalue>
      <dc:subject xml:lang="en">Design-Based Research</dc:subject>
<dc:subject xml:lang="en">Inquiry Learning</dc:subject>
<dc:subject xml:lang="en">Learning Analytics and Monitoring Tools</dc:subject>
<dc:subject xml:lang="en">Science Education</dc:subject>
    </dublin_core>