<?xml version="1.0" encoding="utf-8" standalone="no"?>
    <dublin_core schema="dc">
    <dcvalue element="contributor" qualifier="author">Bishara, Sarah</dcvalue>
<dcvalue element="contributor" qualifier="author">Baltes, Jennifer</dcvalue>
<dcvalue element="contributor" qualifier="author">Hamid, Taha</dcvalue>
<dcvalue element="contributor" qualifier="author">Li, Taihua</dcvalue>
<dcvalue element="contributor" qualifier="author">Nacu, Denise C.</dcvalue>
<dcvalue element="contributor" qualifier="author">K.Martin, Caitlin</dcvalue>
<dcvalue element="contributor" qualifier="author">Gemmell, Jonathan</dcvalue>
<dcvalue element="contributor" qualifier="author">MacArthur, Chris</dcvalue>
<dcvalue element="contributor" qualifier="author">Raicu, Daniela</dcvalue>
<dcvalue element="contributor" qualifier="author">Pinkard, Nichole</dcvalue>
      <dcvalue element="date" qualifier="accessioned">2017-06-19T10:50:27Z</dcvalue>
      <dcvalue element="date" qualifier="available">2017-06-19T10:50:27Z</dcvalue>
      <dcvalue element="date" qualifier="issued">2017-07</dcvalue>
      <dcvalue element="identifier" qualifier="citation" language="en_US">Bishara, S., Baltes, J., Hamid, T., Li, T., Nacu, D. C., K.Martin, C., Gemmell, J., MacArthur, C., Raicu, D., &amp; Pinkard, N.&#x20;(2017).&#x20;Revealing Interaction Patterns Among Youth in an Online Social Learning Network Using Markov Chain Principles&#x20;In&#x20;Smith,&#x20;B.&#x20;K.,&#x20;Borge,&#x20;M.,&#x20;Mercier,&#x20;E.,&#x20;and&#x20;Lim,&#x20;K.&#x20;Y.&#x20;(Eds.).&#x20;(2017).&#x20;Making&#x20;a&#x20;Difference:&#x20;Prioritizing&#x20;Equity&#x20;and&#x20;Access&#x20;in&#x20;CSCL,&#x20;12th&#x20;International&#x20;Conference&#x20;on&#x20;Computer&#x20;Supported&#x20;Collaborative&#x20;Learning&#x20;(CSCL)&#x20;2017,&#x20;Volume&#x20;1.&#x20;Philadelphia,&#x20;PA:&#x20;International&#x20;Society&#x20;of&#x20;the&#x20;Learning&#x20;Sciences.</dcvalue>
      <dcvalue element="identifier" qualifier="uri">https:dx.doi.org&#x2F;10.22318&#x2F;cscl2017.43</dcvalue>
      <dcvalue element="description" qualifier="abstract" language="en_US">The problem of the digital divide has shifted attention from access to inequities of participation and opportunities to develop 21st century skills in online learning platforms. In this paper, we explore Markov chain principles in a time-based probabilistic graphical approach to analyze a multi-year data set of log data generated by students from one urban middle school and coded using a framework aligned with 21st century learning activities. Results showed the efficacy of applying Markov chain principles in helping reveal similar and distinct usage patterns of the learners in this community across different time spans. This work has implications for the design and analysis of online learning platforms and for creating opportunities to help youth build 21st century skills using online learning platforms.</dcvalue>
      <dcvalue element="language" qualifier="iso" language="en_US">en</dcvalue>
      <dcvalue element="publisher" qualifier="none" language="en_US">Philadelphia,&#x20;PA:&#x20;International&#x20;Society&#x20;of&#x20;the&#x20;Learning&#x20;Sciences.</dcvalue>
      <dcvalue element="title" qualifier="none" language="en_US">Revealing Interaction Patterns Among Youth in an Online Social Learning Network Using Markov Chain Principles</dcvalue>
      <dcvalue element="type" qualifier="none" language="en_US">Book&#x20;chapter</dcvalue>
      <dc:subject xml:lang="en">Informal Learning Settings</dc:subject>
<dc:subject xml:lang="en">Case Studies</dc:subject>
<dc:subject xml:lang="en">Computer Science</dc:subject>
<dc:subject xml:lang="en">Equity and Gender</dc:subject>
<dc:subject xml:lang="en">Computing Education</dc:subject>
    </dublin_core>