<?xml version="1.0" encoding="utf-8" standalone="no"?>
    <dublin_core schema="dc">
    <dcvalue element="contributor" qualifier="author">Basu, Satabdi</dcvalue>
<dcvalue element="contributor" qualifier="author">Biswas, Gautam</dcvalue>
      <dcvalue element="date" qualifier="accessioned">2017-03-21T12:05:42Z</dcvalue>
      <dcvalue element="date" qualifier="available">2017-03-21T12:05:42Z</dcvalue>
      <dcvalue element="date" qualifier="issued">2016-07</dcvalue>
      <dcvalue element="identifier" qualifier="citation" language="en_US">Basu, S. &amp; Biswas, G.&#x20;(2016).&#x20;Providing Adaptive Scaffolds and Measuring Their Effectiveness in Open Ended Learning Environments&#x20;In&#x20;Looi,&#x20;C.&#x20;K.,&#x20;Polman,&#x20;J.&#x20;L.,&#x20;Cress,&#x20;U.,&#x20;and&#x20;Reimann,&#x20;P.&#x20;(Eds.).&#x20;Transforming&#x20;Learning,&#x20;Empowering&#x20;Learners:&#x20;The&#x20;International&#x20;Conference&#x20;of&#x20;the&#x20;Learning&#x20;Sciences&#x20;(ICLS)&#x20;2016,&#x20;Volume&#x20;1.&#x20;Singapore:&#x20;International&#x20;Society&#x20;of&#x20;the&#x20;Learning&#x20;Sciences,&#x20;pp.&#x20;35-43.</dcvalue>
      <dcvalue element="identifier" qualifier="uri">info:doi&#x2F;10.22318&#x2F;icls2016.72</dcvalue>
      <dcvalue element="description" qualifier="abstract" language="en_US">Open ended learning environments (OELEs) offer students powerful learning opportunities, but managing the available tools and choices is challenging for novice learners. Adaptive scaffolding can support learners, but it requires understanding and responding to learner actions and strategies. We discuss a generalized adaptive scaffolding framework for OELEs based on a task and strategy model, and effectiveness and coherence measures for evaluating learner proficiencies for tasks and strategies. We apply this framework to support learners in CTSiM (Computational Thinking using Simulation and Modeling), a learning-by-modeling OELE for synergistic learning of science and computational thinking (CT). The effectiveness of our approach is demonstrated by a classroom study with two conditions. Students in the adaptive scaffolding condition showed a better understanding of science and CT concepts, built more accurate models, used better modeling strategies, and transferred modeling skills better to new scenarios than students in the control condition who received no adaptive scaffolding.</dcvalue>
      <dcvalue element="language" qualifier="iso" language="en_US">en</dcvalue>
      <dcvalue element="publisher" qualifier="none" language="en_US">Singapore:&#x20;International&#x20;Society&#x20;of&#x20;the&#x20;Learning&#x20;Sciences</dcvalue>
      <dcvalue element="title" qualifier="none" language="en_US">Providing Adaptive Scaffolds and Measuring Their Effectiveness in Open Ended Learning Environments</dcvalue>
      <dcvalue element="type" qualifier="none" language="en_US">Book&#x20;chapter</dcvalue>
      &lt;dc:subject xml:lang="en"&gt;Open ended learning environments&lt;/dc:subject&gt;
&lt;dc:subject xml:lang="en"&gt;Learning by modeling&lt;/dc:subject&gt;
&lt;dc:subject xml:lang="en"&gt;Science education&lt;/dc:subject&gt;
&lt;dc:subject xml:lang="en"&gt;Adaptive scaffolding&lt;/dc:subject&gt;
    </dublin_core>