<?xml version="1.0" encoding="utf-8" standalone="no"?>
    <dublin_core schema="dc">
    <dcvalue element="contributor" qualifier="author">Almatrafi, Omaima</dcvalue>
<dcvalue element="contributor" qualifier="author">Johri, Aditya</dcvalue>
      <dcvalue element="date" qualifier="accessioned">2017-06-19T10:52:18Z</dcvalue>
      <dcvalue element="date" qualifier="available">2017-06-19T10:52:18Z</dcvalue>
      <dcvalue element="date" qualifier="issued">2017-07</dcvalue>
      <dcvalue element="identifier" qualifier="citation" language="en_US">Almatrafi, O. &amp; Johri, A.&#x20;(2017).&#x20;Showing and Telling:  Response Dynamics in an Online Community of Makers&#x20;In&#x20;Smith,&#x20;B.&#x20;K.,&#x20;Borge,&#x20;M.,&#x20;Mercier,&#x20;E.,&#x20;and&#x20;Lim,&#x20;K.&#x20;Y.&#x20;(Eds.).&#x20;(2017).&#x20;Making&#x20;a&#x20;Difference:&#x20;Prioritizing&#x20;Equity&#x20;and&#x20;Access&#x20;in&#x20;CSCL,&#x20;12th&#x20;International&#x20;Conference&#x20;on&#x20;Computer&#x20;Supported&#x20;Collaborative&#x20;Learning&#x20;(CSCL)&#x20;2017,&#x20;Volume&#x20;2.&#x20;Philadelphia,&#x20;PA:&#x20;International&#x20;Society&#x20;of&#x20;the&#x20;Learning&#x20;Sciences.</dcvalue>
      <dcvalue element="identifier" qualifier="uri">https:dx.doi.org&#x2F;10.22318&#x2F;cscl2017.89</dcvalue>
      <dcvalue element="description" qualifier="abstract" language="en_US">Online communities are an important learning resource across domains. For learners in Makers, Making, and 3D printing online communities are vital as most knowledge sharing and problem-solving occurs online. In this study, we examine one online Maker community called SoliForum to better understand how an emphasis on producing physical objects shapes online interaction. Specifically, we investigate what kinds of messages elicit useful responses for those seeking help. We found that, compared to posts that contained only text, posts that contained media elements such as images and videos had a higher response rate and more resolved problems. Based on our analysis we attribute this to the more descriptive and explanatory power of multimedia elements and their ability to represent physical objects. The findings suggest that guidance for crafting messages using multimedia can lead to more equitable participation and learning in online Maker communities. </dcvalue>
      <dcvalue element="language" qualifier="iso" language="en_US">en</dcvalue>
      <dcvalue element="publisher" qualifier="none" language="en_US">Philadelphia,&#x20;PA:&#x20;International&#x20;Society&#x20;of&#x20;the&#x20;Learning&#x20;Sciences.</dcvalue>
      <dcvalue element="title" qualifier="none" language="en_US">Showing and Telling:  Response Dynamics in an Online Community of Makers</dcvalue>
      <dcvalue element="type" qualifier="none" language="en_US">Book&#x20;chapter</dcvalue>
      <dc:subject xml:lang="en">Science Education</dc:subject>
<dc:subject xml:lang="en">Shared Knowledge</dc:subject>
<dc:subject xml:lang="en">Inquiry Learning</dc:subject>
<dc:subject xml:lang="en">Education Technology</dc:subject>
    </dublin_core>