<?xml version="1.0" encoding="utf-8" standalone="no"?>
    <dublin_core schema="dc">
    <dcvalue element="contributor" qualifier="author">Ma, Leanne</dcvalue>
<dcvalue element="contributor" qualifier="author">Tan, Samuel</dcvalue>
<dcvalue element="contributor" qualifier="author">Teo, Chew Lee</dcvalue>
<dcvalue element="contributor" qualifier="author">Kamsan, Muhamad Ansar B.</dcvalue>
      <dcvalue element="date" qualifier="accessioned">2017-06-19T10:50:27Z</dcvalue>
      <dcvalue element="date" qualifier="available">2017-06-19T10:50:27Z</dcvalue>
      <dcvalue element="date" qualifier="issued">2017-07</dcvalue>
      <dcvalue element="identifier" qualifier="citation" language="en_US">Ma, L., Tan, S., Teo, C. L., &amp; Kamsan, M. A.&#x20;(2017).&#x20;Using Rotating Leadership to Visualize Students’ Epistemic Agency and Collective Responsibility for Knowledge Advancement&#x20;In&#x20;Smith,&#x20;B.&#x20;K.,&#x20;Borge,&#x20;M.,&#x20;Mercier,&#x20;E.,&#x20;and&#x20;Lim,&#x20;K.&#x20;Y.&#x20;(Eds.).&#x20;(2017).&#x20;Making&#x20;a&#x20;Difference:&#x20;Prioritizing&#x20;Equity&#x20;and&#x20;Access&#x20;in&#x20;CSCL,&#x20;12th&#x20;International&#x20;Conference&#x20;on&#x20;Computer&#x20;Supported&#x20;Collaborative&#x20;Learning&#x20;(CSCL)&#x20;2017,&#x20;Volume&#x20;1.&#x20;Philadelphia,&#x20;PA:&#x20;International&#x20;Society&#x20;of&#x20;the&#x20;Learning&#x20;Sciences.</dcvalue>
      <dcvalue element="identifier" qualifier="uri">https:dx.doi.org&#x2F;10.22318&#x2F;cscl2017.61</dcvalue>
      <dcvalue element="description" qualifier="abstract" language="en_US">As in knowledge-creating organizations and Collaborative Innovation Networks (COINs), students in Knowledge Building classrooms work creatively with ideas in a self-organized fashion, with all members engaged in advancing emergent community goals. In this study, we examined the online knowledge work of 9-year-olds studying light and shadows. Data triangulation at multiple levels of analysis (e.g., community, students, teacher) was used to validate the COIN concept of rotating leadership to assess students’ collective responsibility for knowledge advancement. Overall, we found many students leading the group at different points in time, facilitating the spread of diverse ideas that enhanced the breadth of community knowledge and the depth of individual learning. Teacher perceptions of classroom dynamics uncovered additional details of student leaders, such as their level of engagement and their learning outcomes. The practical implications of rotating leadership for assessing Knowledge Building community dynamics – such as epistemic agency and collective responsibility – are discussed.</dcvalue>
      <dcvalue element="language" qualifier="iso" language="en_US">en</dcvalue>
      <dcvalue element="publisher" qualifier="none" language="en_US">Philadelphia,&#x20;PA:&#x20;International&#x20;Society&#x20;of&#x20;the&#x20;Learning&#x20;Sciences.</dcvalue>
      <dcvalue element="title" qualifier="none" language="en_US">Using Rotating Leadership to Visualize Students’ Epistemic Agency and Collective Responsibility for Knowledge Advancement</dcvalue>
      <dcvalue element="type" qualifier="none" language="en_US">Book&#x20;chapter</dcvalue>
      <dc:subject xml:lang="en">Participatory Design</dc:subject>
<dc:subject xml:lang="en">Constructivism/Constructionism</dc:subject>
<dc:subject xml:lang="en">Community Building</dc:subject>
    </dublin_core>