<?xml version="1.0" encoding="utf-8" standalone="no"?>
    <dublin_core schema="dc">
    <dcvalue element="contributor" qualifier="author">Uk, Irina</dcvalue>
<dcvalue element="contributor" qualifier="author">Matuk, Camillia</dcvalue>
<dcvalue element="contributor" qualifier="author">Linn, Marcia C.</dcvalue>
      <dcvalue element="date" qualifier="accessioned">2017-03-21T12:05:42Z</dcvalue>
      <dcvalue element="date" qualifier="available">2017-03-21T12:05:42Z</dcvalue>
      <dcvalue element="date" qualifier="issued">2016-07</dcvalue>
      <dcvalue element="identifier" qualifier="citation" language="en_US">Uk, I., Matuk, C., &amp; Linn, M. C.&#x20;(2016).&#x20;Students Using Graphs to Understand the Process of Cancer Treatment&#x20;In&#x20;Looi,&#x20;C.&#x20;K.,&#x20;Polman,&#x20;J.&#x20;L.,&#x20;Cress,&#x20;U.,&#x20;and&#x20;Reimann,&#x20;P.&#x20;(Eds.).&#x20;Transforming&#x20;Learning,&#x20;Empowering&#x20;Learners:&#x20;The&#x20;International&#x20;Conference&#x20;of&#x20;the&#x20;Learning&#x20;Sciences&#x20;(ICLS)&#x20;2016,&#x20;Volume&#x20;1.&#x20;Singapore:&#x20;International&#x20;Society&#x20;of&#x20;the&#x20;Learning&#x20;Sciences,&#x20;pp.&#x20;35-43.</dcvalue>
      <dcvalue element="identifier" qualifier="uri">info:doi&#x2F;10.22318&#x2F;icls2016.93</dcvalue>
      <dcvalue element="description" qualifier="abstract" language="en_US">Scientists rely on graphs to make predictions, interpret data, and articulate arguments about the phenomena they investigate. Yet, students’ initial formal experiences with graphs are limited, and often restricted to their mathematics classes. We describe how we integrated graphs into a middle school science inquiry unit on cell biology. We report on findings from a classroom implementation with 30 middle school students. We describe students’ learning gains and characterize the kinds of graphs they generate in terms of the graphical and scientific understanding demonstrated. This study contributes an example of how curriculum can be designed to simultaneously support students’ science and graph understanding. It also demonstrates how graphs can be used as expressive tools that both limit and enable students’ explanations of complex scientific processes.</dcvalue>
      <dcvalue element="language" qualifier="iso" language="en_US">en</dcvalue>
      <dcvalue element="publisher" qualifier="none" language="en_US">Singapore:&#x20;International&#x20;Society&#x20;of&#x20;the&#x20;Learning&#x20;Sciences</dcvalue>
      <dcvalue element="title" qualifier="none" language="en_US">Students Using Graphs to Understand the Process of Cancer Treatment</dcvalue>
      <dcvalue element="type" qualifier="none" language="en_US">Book&#x20;chapter</dcvalue>
      &lt;dc:subject xml:lang="en"&gt;cell biology&lt;/dc:subject&gt;
&lt;dc:subject xml:lang="en"&gt;middle school&lt;/dc:subject&gt;
&lt;dc:subject xml:lang="en"&gt;graphs&lt;/dc:subject&gt;
&lt;dc:subject xml:lang="en"&gt;technology&lt;/dc:subject&gt;
&lt;dc:subject xml:lang="en"&gt;student learning&lt;/dc:subject&gt;
&lt;dc:subject xml:lang="en"&gt;design&lt;/dc:subject&gt;
    </dublin_core>