<?xml version="1.0" encoding="utf-8" standalone="no"?>
    <dublin_core schema="dc">
    <dcvalue element="contributor" qualifier="author">Viswanathan, Sree Aurovindh</dcvalue>
<dcvalue element="contributor" qualifier="author">Vanlehn, Kurt</dcvalue>
      <dcvalue element="date" qualifier="accessioned">2017-06-19T10:50:27Z</dcvalue>
      <dcvalue element="date" qualifier="available">2017-06-19T10:50:27Z</dcvalue>
      <dcvalue element="date" qualifier="issued">2017-07</dcvalue>
      <dcvalue element="identifier" qualifier="citation" language="en_US">Viswanathan, S. A. &amp; Vanlehn, K.&#x20;(2017).&#x20;High Accuracy Detection of Collaboration From Log Data and Superficial Speech Features&#x20;In&#x20;Smith,&#x20;B.&#x20;K.,&#x20;Borge,&#x20;M.,&#x20;Mercier,&#x20;E.,&#x20;and&#x20;Lim,&#x20;K.&#x20;Y.&#x20;(Eds.).&#x20;(2017).&#x20;Making&#x20;a&#x20;Difference:&#x20;Prioritizing&#x20;Equity&#x20;and&#x20;Access&#x20;in&#x20;CSCL,&#x20;12th&#x20;International&#x20;Conference&#x20;on&#x20;Computer&#x20;Supported&#x20;Collaborative&#x20;Learning&#x20;(CSCL)&#x20;2017,&#x20;Volume&#x20;1.&#x20;Philadelphia,&#x20;PA:&#x20;International&#x20;Society&#x20;of&#x20;the&#x20;Learning&#x20;Sciences.</dcvalue>
      <dcvalue element="identifier" qualifier="uri">https:dx.doi.org&#x2F;10.22318&#x2F;cscl2017.46</dcvalue>
      <dcvalue element="description" qualifier="abstract" language="en_US">Effective collaborative behavior between students is neither spontaneous nor continuous. A system that can measure collaboration in real-time may be useful.  For instance, it could alert an instructor that a group needs attention. We tested whether superficial measures of speech and user interactions of students would suffice for measuring collaboration. As pairs of students solved complex math problems on tablets, their speech and tablet gestures were recorded. These data and multi-camera videos were used by humans to code episodes as collaborative vs. various kinds of non-collaboration.  Using just the speech and tablet log data, several detectors were machine learned. The best had an overall accuracy of 96% (Kappa=0.92), which is higher than earlier attempts to use speech and log data for detecting collaboration. The improved accuracy appears to be due both to our analytic methods and to the particular mathematical task, which involves moving objects.  </dcvalue>
      <dcvalue element="language" qualifier="iso" language="en_US">en</dcvalue>
      <dcvalue element="publisher" qualifier="none" language="en_US">Philadelphia,&#x20;PA:&#x20;International&#x20;Society&#x20;of&#x20;the&#x20;Learning&#x20;Sciences.</dcvalue>
      <dcvalue element="title" qualifier="none" language="en_US">High Accuracy Detection of Collaboration From Log Data and Superficial Speech Features</dcvalue>
      <dcvalue element="type" qualifier="none" language="en_US">Book&#x20;chapter</dcvalue>
      <dc:subject xml:lang="en">Conversation Analysis</dc:subject>
<dc:subject xml:lang="en">Communication Studies</dc:subject>
<dc:subject xml:lang="en">Social Psychology</dc:subject>
    </dublin_core>