<?xml version="1.0" encoding="utf-8" standalone="no"?>
    <dublin_core schema="dc">
    <dcvalue element="contributor" qualifier="author">M.Vitale, Jonathan</dcvalue>
<dcvalue element="contributor" qualifier="author">Madhok, Jacqueline</dcvalue>
<dcvalue element="contributor" qualifier="author">Linn, Marcia C.</dcvalue>
      <dcvalue element="date" qualifier="accessioned">2017-03-21T12:05:42Z</dcvalue>
      <dcvalue element="date" qualifier="available">2017-03-21T12:05:42Z</dcvalue>
      <dcvalue element="date" qualifier="issued">2016-07</dcvalue>
      <dcvalue element="identifier" qualifier="citation" language="en_US">M.Vitale, J., Madhok, J., &amp; Linn, M. C.&#x20;(2016).&#x20;Designing a Data-Centered Approach to Inquiry Practices With Virtual Models of Density&#x20;In&#x20;Looi,&#x20;C.&#x20;K.,&#x20;Polman,&#x20;J.&#x20;L.,&#x20;Cress,&#x20;U.,&#x20;and&#x20;Reimann,&#x20;P.&#x20;(Eds.).&#x20;Transforming&#x20;Learning,&#x20;Empowering&#x20;Learners:&#x20;The&#x20;International&#x20;Conference&#x20;of&#x20;the&#x20;Learning&#x20;Sciences&#x20;(ICLS)&#x20;2016,&#x20;Volume&#x20;1.&#x20;Singapore:&#x20;International&#x20;Society&#x20;of&#x20;the&#x20;Learning&#x20;Sciences,&#x20;pp.&#x20;35-43.</dcvalue>
      <dcvalue element="identifier" qualifier="uri">info:doi&#x2F;10.22318&#x2F;icls2016.77</dcvalue>
      <dcvalue element="description" qualifier="abstract" language="en_US">New standards advocate for instruction that combines disciplinary knowledge and science and engineering practices. In this study we explore the design of an 8th grade science curriculum featuring interactive virtual models and guided graph construction exercises to support learning about density and inquiry practices. We apply observations about students’ difficulties in the 1st iteration to the redesign of the curriculum. In particular, we observed that students’ often misinterpreted the virtual models or used them inappropriately to confirm prior ideas. Similarly, even when guided to construct appropriate graphs, students were unable to conceptually link the abstract representation to concrete conceptual knowledge. On the other hand, by centering student thinking on the data in the 2nd iteration and using the models to illustrate abstract concepts conveyed in graphs, students were more likely to perform appropriate investigations and develop coherent, integrated explanations.</dcvalue>
      <dcvalue element="language" qualifier="iso" language="en_US">en</dcvalue>
      <dcvalue element="publisher" qualifier="none" language="en_US">Singapore:&#x20;International&#x20;Society&#x20;of&#x20;the&#x20;Learning&#x20;Sciences</dcvalue>
      <dcvalue element="title" qualifier="none" language="en_US">Designing a Data-Centered Approach to Inquiry Practices With Virtual Models of Density</dcvalue>
      <dcvalue element="type" qualifier="none" language="en_US">Book&#x20;chapter</dcvalue>
      &lt;dc:subject xml:lang="en"&gt;science practices&lt;/dc:subject&gt;
&lt;dc:subject xml:lang="en"&gt;inquiry&lt;/dc:subject&gt;
&lt;dc:subject xml:lang="en"&gt;educational technology&lt;/dc:subject&gt;
&lt;dc:subject xml:lang="en"&gt;graphing&lt;/dc:subject&gt;
    </dublin_core>