<?xml version="1.0" encoding="utf-8" standalone="no"?>
    <dublin_core schema="dc">
    <dcvalue element="contributor" qualifier="author">Azevedo, Flávio S.</dcvalue>
<dcvalue element="contributor" qualifier="author">Mann, Michele J.</dcvalue>
      <dcvalue element="date" qualifier="accessioned">2017-03-21T12:05:42Z</dcvalue>
      <dcvalue element="date" qualifier="available">2017-03-21T12:05:42Z</dcvalue>
      <dcvalue element="date" qualifier="issued">2016-07</dcvalue>
      <dcvalue element="identifier" qualifier="citation" language="en_US">Azevedo, F. S. &amp; Mann, M. J.&#x20;(2016).&#x20;Embodied Cognition in Observational Amateur Astronomy&#x20;In&#x20;Looi,&#x20;C.&#x20;K.,&#x20;Polman,&#x20;J.&#x20;L.,&#x20;Cress,&#x20;U.,&#x20;and&#x20;Reimann,&#x20;P.&#x20;(Eds.).&#x20;Transforming&#x20;Learning,&#x20;Empowering&#x20;Learners:&#x20;The&#x20;International&#x20;Conference&#x20;of&#x20;the&#x20;Learning&#x20;Sciences&#x20;(ICLS)&#x20;2016,&#x20;Volume&#x20;1.&#x20;Singapore:&#x20;International&#x20;Society&#x20;of&#x20;the&#x20;Learning&#x20;Sciences,&#x20;pp.&#x20;35-43.</dcvalue>
      <dcvalue element="identifier" qualifier="uri">info:doi&#x2F;10.22318&#x2F;icls2016.76</dcvalue>
      <dcvalue element="description" qualifier="abstract" language="en_US">We investigate the embodied cognitive practices of amateur astronomers, as they engage in observational routines in the field. In particular, we take an “interactionist” perspective to the problem and address the question: How is the body used as a resource for practical, conceptual, and communicative purposes in the process of planning, searching for, and sighting celestial objects? The basis for our analysis is a set of ethnographic video and field note records collected over several years of fieldwork. We scrutinize the moment-by-moment interactions among practitioners for episodes in which different modalities of embodied action are recruited and coordinated to produce and communicate complex meanings in the practice. As a whole, therefore, we seek to empower learners—as the ICLS 2016 calls for—by bringing insight into foundational aspects of knowing and learning.</dcvalue>
      <dcvalue element="language" qualifier="iso" language="en_US">en</dcvalue>
      <dcvalue element="publisher" qualifier="none" language="en_US">Singapore:&#x20;International&#x20;Society&#x20;of&#x20;the&#x20;Learning&#x20;Sciences</dcvalue>
      <dcvalue element="title" qualifier="none" language="en_US">Embodied Cognition in Observational Amateur Astronomy</dcvalue>
      <dcvalue element="type" qualifier="none" language="en_US">Book&#x20;chapter</dcvalue>
      &lt;dc:subject xml:lang="en"&gt;embodied cognition&lt;/dc:subject&gt;
&lt;dc:subject xml:lang="en"&gt;amateur astronomy&lt;/dc:subject&gt;
&lt;dc:subject xml:lang="en"&gt;hobbies&lt;/dc:subject&gt;
&lt;dc:subject xml:lang="en"&gt;out-of-school learning&lt;/dc:subject&gt;
    </dublin_core>