<?xml version="1.0" encoding="utf-8" standalone="no"?>
    <dublin_core schema="dc">
    <dcvalue element="contributor" qualifier="author">Jiang, Shiyan</dcvalue>
<dcvalue element="contributor" qualifier="author">Shen, Ji</dcvalue>
<dcvalue element="contributor" qualifier="author">Smith, Blaine Elizabeth</dcvalue>
      <dcvalue element="date" qualifier="accessioned">2017-03-21T12:05:42Z</dcvalue>
      <dcvalue element="date" qualifier="available">2017-03-21T12:05:42Z</dcvalue>
      <dcvalue element="date" qualifier="issued">2016-07</dcvalue>
      <dcvalue element="identifier" qualifier="citation" language="en_US">Jiang, S., Shen, J., &amp; Smith, B. E.&#x20;(2016).&#x20;Integrating Science and Writing in Multimedia Science Fictions: Investigating Student Interactions in Role-taking&#x20;In&#x20;Looi,&#x20;C.&#x20;K.,&#x20;Polman,&#x20;J.&#x20;L.,&#x20;Cress,&#x20;U.,&#x20;and&#x20;Reimann,&#x20;P.&#x20;(Eds.).&#x20;Transforming&#x20;Learning,&#x20;Empowering&#x20;Learners:&#x20;The&#x20;International&#x20;Conference&#x20;of&#x20;the&#x20;Learning&#x20;Sciences&#x20;(ICLS)&#x20;2016,&#x20;Volume&#x20;1.&#x20;Singapore:&#x20;International&#x20;Society&#x20;of&#x20;the&#x20;Learning&#x20;Sciences,&#x20;pp.&#x20;35-43.</dcvalue>
      <dcvalue element="identifier" qualifier="uri">info:doi&#x2F;10.22318&#x2F;icls2016.46</dcvalue>
      <dcvalue element="description" qualifier="abstract" language="en_US">Abstract: We explore characteristics of group interactions in an afterschool program designed for middle school students to practice integrated STEM learning and digital literacies. In the program, students self-selected roles (e.g., writers, scientists, artists, and engineers) and worked in small groups to create multimedia science fictions. In order to understand the high integration level between science and writing in one focus group’s final product, this study examines students’ collaborative learning processes, the characteristics of their interactions, and their role-changing patterns. We found that the high integration level between science and writing may be explained by (a) the interactions between the writer and the scientist during discussion and multimodal composing, and (b) the catalyst role of the artist in the group discussion.</dcvalue>
      <dcvalue element="language" qualifier="iso" language="en_US">en</dcvalue>
      <dcvalue element="publisher" qualifier="none" language="en_US">Singapore:&#x20;International&#x20;Society&#x20;of&#x20;the&#x20;Learning&#x20;Sciences</dcvalue>
      <dcvalue element="title" qualifier="none" language="en_US">Integrating Science and Writing in Multimedia Science Fictions: Investigating Student Interactions in Role-taking</dcvalue>
      <dcvalue element="type" qualifier="none" language="en_US">Book&#x20;chapter</dcvalue>
      &lt;dc:subject xml:lang="en"&gt;science literacy&lt;/dc:subject&gt;
&lt;dc:subject xml:lang="en"&gt;multimodality&lt;/dc:subject&gt;
&lt;dc:subject xml:lang="en"&gt;collaborative learning&lt;/dc:subject&gt;
&lt;dc:subject xml:lang="en"&gt;interaction analysis&lt;/dc:subject&gt;
    </dublin_core>