<?xml version="1.0" encoding="utf-8" standalone="no"?>
    <dublin_core schema="dc">
    <dcvalue element="contributor" qualifier="author">Tan, Edna</dcvalue>
<dcvalue element="contributor" qualifier="author">Barton, Angela Calabrese</dcvalue>
      <dcvalue element="date" qualifier="accessioned">2017-03-21T12:05:42Z</dcvalue>
      <dcvalue element="date" qualifier="available">2017-03-21T12:05:42Z</dcvalue>
      <dcvalue element="date" qualifier="issued">2016-07</dcvalue>
      <dcvalue element="identifier" qualifier="citation" language="en_US">Tan, E. &amp; Barton, A. C.&#x20;(2016).&#x20;Hacking a Path In and Through STEM: Unpacking the STEM Identity Work of Historically Underrepresented Youth in STEM&#x20;In&#x20;Looi,&#x20;C.&#x20;K.,&#x20;Polman,&#x20;J.&#x20;L.,&#x20;Cress,&#x20;U.,&#x20;and&#x20;Reimann,&#x20;P.&#x20;(Eds.).&#x20;Transforming&#x20;Learning,&#x20;Empowering&#x20;Learners:&#x20;The&#x20;International&#x20;Conference&#x20;of&#x20;the&#x20;Learning&#x20;Sciences&#x20;(ICLS)&#x20;2016,&#x20;Volume&#x20;1.&#x20;Singapore:&#x20;International&#x20;Society&#x20;of&#x20;the&#x20;Learning&#x20;Sciences,&#x20;pp.&#x20;35-43.</dcvalue>
      <dcvalue element="identifier" qualifier="uri">info:doi&#x2F;10.22318&#x2F;icls2016.55</dcvalue>
      <dcvalue element="description" qualifier="abstract" language="en_US">In response to the vast inequities minoritized youth experience in STEM, we investigate how minoritized youth imagine and author pathways towards becoming in STEM. Drawing from social practice theory, identity and mobiliites of learning, we investigate, through critical longitudinal ethnography, how youth hack a pathway in and through STEM as they remix and repurpose tools, practices, relationships and artifact within and across the STEM-related worlds in their lives. We present one case study to articulate how youth engaged in pathhacking identity work to both gain access and transform both the process and outcomes of STEM participation in both informal programs and school science. The process, salient factors and implications of pathhacking identity work are discussed.</dcvalue>
      <dcvalue element="language" qualifier="iso" language="en_US">en</dcvalue>
      <dcvalue element="publisher" qualifier="none" language="en_US">Singapore:&#x20;International&#x20;Society&#x20;of&#x20;the&#x20;Learning&#x20;Sciences</dcvalue>
      <dcvalue element="title" qualifier="none" language="en_US">Hacking a Path In and Through STEM: Unpacking the STEM Identity Work of Historically Underrepresented Youth in STEM</dcvalue>
      <dcvalue element="type" qualifier="none" language="en_US">Book&#x20;chapter</dcvalue>
      &lt;dc:subject xml:lang="en"&gt;STEM&lt;/dc:subject&gt;
&lt;dc:subject xml:lang="en"&gt;identity work&lt;/dc:subject&gt;
&lt;dc:subject xml:lang="en"&gt;underrepresented youth&lt;/dc:subject&gt;
&lt;dc:subject xml:lang="en"&gt;equity&lt;/dc:subject&gt;
    </dublin_core>