<?xml version="1.0" encoding="utf-8" standalone="no"?>
    <dublin_core schema="dc">
    <dcvalue element="contributor" qualifier="author">Mazziotti, Claudia</dcvalue>
<dcvalue element="contributor" qualifier="author">Loibl, Katharina</dcvalue>
<dcvalue element="contributor" qualifier="author">Rummel, Nikol</dcvalue>
      <dcvalue element="date" qualifier="accessioned">2017-06-19T14:51:54Z</dcvalue>
      <dcvalue element="date" qualifier="available">2017-06-19T14:51:54Z</dcvalue>
      <dcvalue element="date" qualifier="issued">2015-07</dcvalue>
      <dcvalue element="identifier" qualifier="citation" language="en_US">Mazziotti, C., Loibl, K., &amp; Rummel, N.&#x20;(2015).&#x20;Collaborative or Individual Learning within Productive Failure: Does the Social Form of Learning Make a Difference?&#x20;In&#x20; Lindwall,&#x20;O.,&#x20;Häkkinen,&#x20;P.,&#x20;Koschman,&#x20;T.&#x20;Tchounikine,&#x20;P.&#x20;&#x20;Ludvigsen,&#x20;S.&#x20;(Eds.)&#x20;(2015).&#x20;Exploring&#x20;the&#x20;Material&#x20;Conditions&#x20;of&#x20;Learning:&#x20;The&#x20;Computer&#x20;Supported&#x20;Collaborative&#x20;Learning&#x20;(CSCL)&#x20;Conference&#x20;2015,&#x20;Volume&#x20;2.&#x20;Gothenburg,&#x20;Sweden:&#x20;The&#x20;International&#x20;Society&#x20;of&#x20;the&#x20;Learning&#x20;Sciences.</dcvalue>
      <dcvalue element="identifier" qualifier="uri">https://doi.dx.org&#x2F;10.22318&#x2F;cscl2015.363</dcvalue>
      <dcvalue element="description" qualifier="abstract" language="en_US">Productive Failure (PF) – comprising initial problem solving and delayed instruction – has been proven effective for learning when compared to Direct Instruction (DI) in multiple studies with high school and university students. Although the problem-solving phase is usually implemented in a collaborative setting, the role of collaboration for the effectiveness of PF remains unclear. In two quasi-experimental studies we investigated whether collaborative as compared to individual learning in PF leads to more learning. We also tested whether the beneficial PF effect could be replicated with much younger students, namely 4th and 5th graders, than previous studies. Only our first study replicated the PF effect. While the first study did not reveal differences between collaborative and individual learning, in the second study individual learners even outperformed their collaborative counterparts in both PF and DI conditions. Against these findings, we discuss possible prerequisites for PF and propose an agenda for follow-up CSCL research. 
</dcvalue>
      <dcvalue element="language" qualifier="iso" language="en_US">en</dcvalue>
      <dcvalue element="publisher" qualifier="none" language="en_US"> International&#x20;Society&#x20;of&#x20;the&#x20;Learning&#x20;Sciences,&#x20;Inc.&#x20;[ISLS].</dcvalue>
      <dcvalue element="title" qualifier="none" language="en_US">Collaborative or Individual Learning within Productive Failure: Does the Social Form of Learning Make a Difference?</dcvalue>
      <dcvalue element="type" qualifier="none" language="en_US">Book&#x20;chapter</dcvalue>
      <dc:subject xml:lang="en">collaborative learning</dc:subject>
<dc:subject xml:lang="en">productive failure</dc:subject>
<dc:subject xml:lang="en">instructional design</dc:subject>
    </dublin_core>