<?xml version="1.0" encoding="utf-8" standalone="no"?>
    <dublin_core schema="dc">
    <dcvalue element="contributor" qualifier="author">Hew, Khe Foon</dcvalue>
<dcvalue element="contributor" qualifier="author">Law, Nancy</dcvalue>
<dcvalue element="contributor" qualifier="author">Wan, Jarrad</dcvalue>
<dcvalue element="contributor" qualifier="author">Lee, Yeung</dcvalue>
<dcvalue element="contributor" qualifier="author">Kwok, Amy</dcvalue>
      <dcvalue element="date" qualifier="accessioned">2017-03-21T12:05:42Z</dcvalue>
      <dcvalue element="date" qualifier="available">2017-03-21T12:05:42Z</dcvalue>
      <dcvalue element="date" qualifier="issued">2016-07</dcvalue>
      <dcvalue element="identifier" qualifier="citation" language="en_US">Hew, K. F., Law, N., Wan, J., Lee, Y., &amp; Kwok, A.&#x20;(2016).&#x20;Self-Directed Learning in Science Education: Explicating the Enabling Factors&#x20;In&#x20;Looi,&#x20;C.&#x20;K.,&#x20;Polman,&#x20;J.&#x20;L.,&#x20;Cress,&#x20;U.,&#x20;and&#x20;Reimann,&#x20;P.&#x20;(Eds.).&#x20;Transforming&#x20;Learning,&#x20;Empowering&#x20;Learners:&#x20;The&#x20;International&#x20;Conference&#x20;of&#x20;the&#x20;Learning&#x20;Sciences&#x20;(ICLS)&#x20;2016,&#x20;Volume&#x20;1.&#x20;Singapore:&#x20;International&#x20;Society&#x20;of&#x20;the&#x20;Learning&#x20;Sciences,&#x20;pp.&#x20;35-43.</dcvalue>
      <dcvalue element="identifier" qualifier="uri">info:doi&#x2F;10.22318&#x2F;icls2016.88</dcvalue>
      <dcvalue element="description" qualifier="abstract" language="en_US">The notion of self-directed learning (SDL) has gained prominence in many education institutes around the world. However, few studies detail the specific enabling factors that could foster SDL in primary and secondary school science education. Focusing on this gap, we engaged in a mixed methods study that examined 17 schools in Hong Kong, consisting of 10 primary and 7 secondary schools. Altogether, 1,538 students from 55 classes and involving 53 teachers participated in the study which ran from September 2014 to June 2015. Building upon four key SDL representation models, we first developed our three-dimensional SDL conceptual framework to guide our analysis of the specific leadership-, teacher-, and student-related factors that could foster SDL in science education. Five key enabling factors are described.</dcvalue>
      <dcvalue element="language" qualifier="iso" language="en_US">en</dcvalue>
      <dcvalue element="publisher" qualifier="none" language="en_US">Singapore:&#x20;International&#x20;Society&#x20;of&#x20;the&#x20;Learning&#x20;Sciences</dcvalue>
      <dcvalue element="title" qualifier="none" language="en_US">Self-Directed Learning in Science Education: Explicating the Enabling Factors</dcvalue>
      <dcvalue element="type" qualifier="none" language="en_US">Book&#x20;chapter</dcvalue>
      &lt;dc:subject xml:lang="en"&gt;self-directed learning&lt;/dc:subject&gt;
&lt;dc:subject xml:lang="en"&gt;science education&lt;/dc:subject&gt;
&lt;dc:subject xml:lang="en"&gt;primary school&lt;/dc:subject&gt;
&lt;dc:subject xml:lang="en"&gt;secondary school&lt;/dc:subject&gt;
    </dublin_core>