<?xml version="1.0" encoding="utf-8" standalone="no"?>
    <dublin_core schema="dc">
    <dcvalue element="contributor" qualifier="author">Law, Nancy</dcvalue>
<dcvalue element="contributor" qualifier="author">Liang, Leming</dcvalue>
<dcvalue element="contributor" qualifier="author">Cheng, Kenneth</dcvalue>
      <dcvalue element="date" qualifier="accessioned">2017-06-19T10:50:27Z</dcvalue>
      <dcvalue element="date" qualifier="available">2017-06-19T10:50:27Z</dcvalue>
      <dcvalue element="date" qualifier="issued">2017-07</dcvalue>
      <dcvalue element="identifier" qualifier="citation" language="en_US">Law, N., Liang, L., &amp; Cheng, K.&#x20;(2017).&#x20;A Self-Organizing Network of Schools That Transform Teacher and Student Learning Through Socio-Technical Co-Evolution&#x20;In&#x20;Smith,&#x20;B.&#x20;K.,&#x20;Borge,&#x20;M.,&#x20;Mercier,&#x20;E.,&#x20;and&#x20;Lim,&#x20;K.&#x20;Y.&#x20;(Eds.).&#x20;(2017).&#x20;Making&#x20;a&#x20;Difference:&#x20;Prioritizing&#x20;Equity&#x20;and&#x20;Access&#x20;in&#x20;CSCL,&#x20;12th&#x20;International&#x20;Conference&#x20;on&#x20;Computer&#x20;Supported&#x20;Collaborative&#x20;Learning&#x20;(CSCL)&#x20;2017,&#x20;Volume&#x20;1.&#x20;Philadelphia,&#x20;PA:&#x20;International&#x20;Society&#x20;of&#x20;the&#x20;Learning&#x20;Sciences.</dcvalue>
      <dcvalue element="identifier" qualifier="uri">https:dx.doi.org&#x2F;10.22318&#x2F;cscl2017.58</dcvalue>
      <dcvalue element="description" qualifier="abstract" language="en_US">Scaling up educational innovations through networks has attracted much interest in diverse research and education policy communities. Literature on scaling are often associated with top-down or partnership models of change, and the goals, resources and technology tools used are generally defined and developed by stakeholders outside of schools. This paper reports on the sustained efforts of a self-organizing network of special needs schools in Hong Kong that has worked together for more than a decade to realize the vision of providing the same educational opportunities to children with various degrees of learning disability. The analysis focuses on how their engagement in the development of a collaborative platform for teacher learning started a journey of socio-technical co-evolution that resulted in exponential scaling of the innovation both qualitatively and quantitatively. The evolution trajectory of this network shows characteristics and susceptibilities similar to those in the socio-technical innovation literature.</dcvalue>
      <dcvalue element="language" qualifier="iso" language="en_US">en</dcvalue>
      <dcvalue element="publisher" qualifier="none" language="en_US">Philadelphia,&#x20;PA:&#x20;International&#x20;Society&#x20;of&#x20;the&#x20;Learning&#x20;Sciences.</dcvalue>
      <dcvalue element="title" qualifier="none" language="en_US">A Self-Organizing Network of Schools That Transform Teacher and Student Learning Through Socio-Technical Co-Evolution</dcvalue>
      <dcvalue element="type" qualifier="none" language="en_US">Book&#x20;chapter</dcvalue>
      <dc:subject xml:lang="en">Education Technology</dc:subject>
<dc:subject xml:lang="en">Discourse Analysis</dc:subject>
<dc:subject xml:lang="en">Scenario-Based Design</dc:subject>
<dc:subject xml:lang="en">Affective Dimensions</dc:subject>
<dc:subject xml:lang="en">Shared Knowledge</dc:subject>
<dc:subject xml:lang="en">Distance Learning</dc:subject>
<dc:subject xml:lang="en">Life Long Learning</dc:subject>
<dc:subject xml:lang="en">University</dc:subject>
<dc:subject xml:lang="en">Interactive Whiteboard</dc:subject>
<dc:subject xml:lang="en">Collaborative Problem Solving Skills</dc:subject>
<dc:subject xml:lang="en">Mathematics Education</dc:subject>
<dc:subject xml:lang="en">Problem Solving Tool</dc:subject>
<dc:subject xml:lang="en">Interaction Analysis</dc:subject>
<dc:subject xml:lang="en">Social Constructivism</dc:subject>
<dc:subject xml:lang="en">Engagement</dc:subject>
<dc:subject xml:lang="en">Reflection</dc:subject>
    </dublin_core>