<?xml version="1.0" encoding="utf-8" standalone="no"?>
    <dublin_core schema="dc">
    <dcvalue element="contributor" qualifier="author">Wise, Alyssa</dcvalue>
<dcvalue element="contributor" qualifier="author">Antle, Alissa Nicole</dcvalue>
<dcvalue element="contributor" qualifier="author">Warren, Jillian</dcvalue>
      <dcvalue element="date" qualifier="accessioned">2017-06-19T10:50:27Z</dcvalue>
      <dcvalue element="date" qualifier="available">2017-06-19T10:50:27Z</dcvalue>
      <dcvalue element="date" qualifier="issued">2017-07</dcvalue>
      <dcvalue element="identifier" qualifier="citation" language="en_US">Wise, A., Antle, A. N., &amp; Warren, J.&#x20;(2017).&#x20;Explanation-Giving in a Collaborative Tangible Tabletop Game: Initiation, Positionality, Valence, and Action-Orientation&#x20;In&#x20;Smith,&#x20;B.&#x20;K.,&#x20;Borge,&#x20;M.,&#x20;Mercier,&#x20;E.,&#x20;and&#x20;Lim,&#x20;K.&#x20;Y.&#x20;(Eds.).&#x20;(2017).&#x20;Making&#x20;a&#x20;Difference:&#x20;Prioritizing&#x20;Equity&#x20;and&#x20;Access&#x20;in&#x20;CSCL,&#x20;12th&#x20;International&#x20;Conference&#x20;on&#x20;Computer&#x20;Supported&#x20;Collaborative&#x20;Learning&#x20;(CSCL)&#x20;2017,&#x20;Volume&#x20;1.&#x20;Philadelphia,&#x20;PA:&#x20;International&#x20;Society&#x20;of&#x20;the&#x20;Learning&#x20;Sciences.</dcvalue>
      <dcvalue element="identifier" qualifier="uri">https:dx.doi.org&#x2F;10.22318&#x2F;cscl2017.63</dcvalue>
      <dcvalue element="description" qualifier="abstract" language="en_US">Explanations given to each other by 20 pairs of 5th grade children while playing a tangible tabletop sustainability game were analyzed inductively for key themes relating to their use of language, gesture and system tools. Half the pairs had been assigned roles (human development or natural resources manager) with associated system controls. Findings showed that explanations by pairs in both conditions often employed collectivist language (“we”) in conjunction with positive reflections on the game-world state using the provided Impact Tool which gave feedback while system was paused. Pairs in the roles condition also gave explanations in response to partner actions and more frequently included negative and action-oriented prospective language about what should be changed moving forward. Roles pairs additionally used questions to seek confirmation or action from their partner and made comments from the perspective of the inhabitants of the fictional world. Implications for the research and design of collaborative tabletop learning systems are discussed.</dcvalue>
      <dcvalue element="language" qualifier="iso" language="en_US">en</dcvalue>
      <dcvalue element="publisher" qualifier="none" language="en_US">Philadelphia,&#x20;PA:&#x20;International&#x20;Society&#x20;of&#x20;the&#x20;Learning&#x20;Sciences.</dcvalue>
      <dcvalue element="title" qualifier="none" language="en_US">Explanation-Giving in a Collaborative Tangible Tabletop Game: Initiation, Positionality, Valence, and Action-Orientation</dcvalue>
      <dcvalue element="type" qualifier="none" language="en_US">Book&#x20;chapter</dcvalue>
      <dc:subject xml:lang="en">Adoption of Technologies</dc:subject>
<dc:subject xml:lang="en">Mathematics Education</dc:subject>
<dc:subject xml:lang="en">Teacher Education</dc:subject>
<dc:subject xml:lang="en">Design-Based Research</dc:subject>
<dc:subject xml:lang="en">Education Technology</dc:subject>
    </dublin_core>