<?xml version="1.0" encoding="utf-8" standalone="no"?>
    <dublin_core schema="dc">
    <dcvalue element="contributor" qualifier="author">McKeown, Jessica</dcvalue>
<dcvalue element="contributor" qualifier="author">Hmelo-Silver, Cindy E.</dcvalue>
<dcvalue element="contributor" qualifier="author">Jeong, Heisawn</dcvalue>
<dcvalue element="contributor" qualifier="author">Hartley, Kylie</dcvalue>
<dcvalue element="contributor" qualifier="author">Faulkner, Roosevelt</dcvalue>
<dcvalue element="contributor" qualifier="author">Emmanuel, Navo</dcvalue>
      <dcvalue element="date" qualifier="accessioned">2017-06-19T10:50:27Z</dcvalue>
      <dcvalue element="date" qualifier="available">2017-06-19T10:50:27Z</dcvalue>
      <dcvalue element="date" qualifier="issued">2017-07</dcvalue>
      <dcvalue element="identifier" qualifier="citation" language="en_US">McKeown, J., Hmelo-Silver, C. E., Jeong, H., Hartley, K., Faulkner, R., &amp; Emmanuel, N.&#x20;(2017).&#x20;A Meta-Synthesis of CSCL Literature in STEM Education&#x20;In&#x20;Smith,&#x20;B.&#x20;K.,&#x20;Borge,&#x20;M.,&#x20;Mercier,&#x20;E.,&#x20;and&#x20;Lim,&#x20;K.&#x20;Y.&#x20;(Eds.).&#x20;(2017).&#x20;Making&#x20;a&#x20;Difference:&#x20;Prioritizing&#x20;Equity&#x20;and&#x20;Access&#x20;in&#x20;CSCL,&#x20;12th&#x20;International&#x20;Conference&#x20;on&#x20;Computer&#x20;Supported&#x20;Collaborative&#x20;Learning&#x20;(CSCL)&#x20;2017,&#x20;Volume&#x20;1.&#x20;Philadelphia,&#x20;PA:&#x20;International&#x20;Society&#x20;of&#x20;the&#x20;Learning&#x20;Sciences.</dcvalue>
      <dcvalue element="identifier" qualifier="uri">https:dx.doi.org&#x2F;10.22318&#x2F;cscl2017.59</dcvalue>
      <dcvalue element="description" qualifier="abstract" language="en_US">This research aims to synthesize the extensive literature on Computer Supported \ Collaborative Learning (CSCL) in STEM education published between 2005-2014. Our \ synthesis focuses on the interactions of collaboration, technology, and pedagogies to see how \ different combinations may contribute to learning. A Latent Class Analysis was used to \ categorize existing research and points to a six-cluster solution. We have synthesized across \ and within the three largest clusters to 1) help us identify robust themes in this field and 2) \ help us better understand the positive outcomes associated with these aspects of CSCL in \ STEM education. The results suggest that different combinations of technology, pedagogy, \ and collaboration types require different strategies to scaffold students’ learning. This \ research provides a frame for synthesizing the effects of CSCL in synchronous and \ asynchronous STEM education and with various technologies and pedagogical designs.</dcvalue>
      <dcvalue element="language" qualifier="iso" language="en_US">en</dcvalue>
      <dcvalue element="publisher" qualifier="none" language="en_US">Philadelphia,&#x20;PA:&#x20;International&#x20;Society&#x20;of&#x20;the&#x20;Learning&#x20;Sciences.</dcvalue>
      <dcvalue element="title" qualifier="none" language="en_US">A Meta-Synthesis of CSCL Literature in STEM Education</dcvalue>
      <dcvalue element="type" qualifier="none" language="en_US">Book&#x20;chapter</dcvalue>
      <dc:subject xml:lang="en">MOOCS</dc:subject>
<dc:subject xml:lang="en">Knowledge Building</dc:subject>
<dc:subject xml:lang="en">Design-Based Research</dc:subject>
<dc:subject xml:lang="en">Social Constructivism</dc:subject>
    </dublin_core>