<?xml version="1.0" encoding="utf-8" standalone="no"?>
    <dublin_core schema="dc">
    <dcvalue element="contributor" qualifier="author">Olsen, Jennifer K.</dcvalue>
<dcvalue element="contributor" qualifier="author">Rummel, Nikol</dcvalue>
<dcvalue element="contributor" qualifier="author">Aleven, Vincent</dcvalue>
      <dcvalue element="date" qualifier="accessioned">2017-03-21T12:05:42Z</dcvalue>
      <dcvalue element="date" qualifier="available">2017-03-21T12:05:42Z</dcvalue>
      <dcvalue element="date" qualifier="issued">2016-07</dcvalue>
      <dcvalue element="identifier" qualifier="citation" language="en_US">Olsen, J. K., Rummel, N., &amp; Aleven, V.&#x20;(2016).&#x20;Investigating Effects of Embedding Collaboration in an Intelligent Tutoring System for Elementary School Students&#x20;In&#x20;Looi,&#x20;C.&#x20;K.,&#x20;Polman,&#x20;J.&#x20;L.,&#x20;Cress,&#x20;U.,&#x20;and&#x20;Reimann,&#x20;P.&#x20;(Eds.).&#x20;Transforming&#x20;Learning,&#x20;Empowering&#x20;Learners:&#x20;The&#x20;International&#x20;Conference&#x20;of&#x20;the&#x20;Learning&#x20;Sciences&#x20;(ICLS)&#x20;2016,&#x20;Volume&#x20;1.&#x20;Singapore:&#x20;International&#x20;Society&#x20;of&#x20;the&#x20;Learning&#x20;Sciences,&#x20;pp.&#x20;35-43.</dcvalue>
      <dcvalue element="identifier" qualifier="uri">info:doi&#x2F;10.22318&#x2F;icls2016.45</dcvalue>
      <dcvalue element="description" qualifier="abstract" language="en_US">Intelligent Tutoring Systems (ITSs) are beneficial for individual students learning in several domains, including mathematics where they have been used to support both secondary and elementary students. Collaborative learning may be beneficial to include in ITSs, particularly for conceptual knowledge. There is little work on collaborative ITSs, and it has mostly focused on older students. We aim to extend this work to elementary school students, by extending an ITS for fractions so it supports collaborative learning. We also build upon our previous work to further investigate the complementary strengths of collaborative and individual learning. In our study, 189 elementary school students worked with a conceptual or a procedural fractions ITS, and either individually or collaboratively. Students in both ITS conditions learned, but there were no differences in learning between individual and collaboration. However, the students working collaboratively spent less time on the tutor, indicating potential benefits of collaborative learning on efficiency in this setting.</dcvalue>
      <dcvalue element="language" qualifier="iso" language="en_US">en</dcvalue>
      <dcvalue element="publisher" qualifier="none" language="en_US">Singapore:&#x20;International&#x20;Society&#x20;of&#x20;the&#x20;Learning&#x20;Sciences</dcvalue>
      <dcvalue element="title" qualifier="none" language="en_US">Investigating Effects of Embedding Collaboration in an Intelligent Tutoring System for Elementary School Students</dcvalue>
      <dcvalue element="type" qualifier="none" language="en_US">Book&#x20;chapter</dcvalue>
      &lt;dc:subject xml:lang="en"&gt;collaborative learning&lt;/dc:subject&gt;
&lt;dc:subject xml:lang="en"&gt;intelligent tutoring systems&lt;/dc:subject&gt;
&lt;dc:subject xml:lang="en"&gt;primary school&lt;/dc:subject&gt;
&lt;dc:subject xml:lang="en"&gt;mathematics&lt;/dc:subject&gt;
    </dublin_core>