<?xml version="1.0" encoding="utf-8" standalone="no"?>
    <dublin_core schema="dc">
    <dcvalue element="contributor" qualifier="author">Wu, Longkai</dcvalue>
<dcvalue element="contributor" qualifier="author">Hung, David</dcvalue>
      <dcvalue element="date" qualifier="accessioned">2017-03-21T12:05:42Z</dcvalue>
      <dcvalue element="date" qualifier="available">2017-03-21T12:05:42Z</dcvalue>
      <dcvalue element="date" qualifier="issued">2016-07</dcvalue>
      <dcvalue element="identifier" qualifier="citation" language="en_US">Wu, L. &amp; Hung, D.&#x20;(2016).&#x20;Teacher Epistemic Learning in the Innovation Diffusion&#x20;In&#x20;Looi,&#x20;C.&#x20;K.,&#x20;Polman,&#x20;J.&#x20;L.,&#x20;Cress,&#x20;U.,&#x20;and&#x20;Reimann,&#x20;P.&#x20;(Eds.).&#x20;Transforming&#x20;Learning,&#x20;Empowering&#x20;Learners:&#x20;The&#x20;International&#x20;Conference&#x20;of&#x20;the&#x20;Learning&#x20;Sciences&#x20;(ICLS)&#x20;2016,&#x20;Volume&#x20;1.&#x20;Singapore:&#x20;International&#x20;Society&#x20;of&#x20;the&#x20;Learning&#x20;Sciences,&#x20;pp.&#x20;35-43.</dcvalue>
      <dcvalue element="identifier" qualifier="uri">info:doi&#x2F;10.22318&#x2F;icls2016.62</dcvalue>
      <dcvalue element="description" qualifier="abstract" language="en_US">: In this paper, a teacher epistemic learning model for implementation is proposed with the aim to prepare seeded teachers in reflection-for-action and to build their capacities in designing and enacting the curriculum on their own virtue. Fundamentally, epistemic learning is proposed because changing classroom practices is more than a surface or shallow change phenomena, but requires teachers to fundamentally shift in perspective or way of seeing how learning is to be practiced. We describe this epistemic learning model and explore its effectiveness. Various types of data were collected, including surveys, interviews, field notes, and teachers’ lesson design artifacts. It is found that the seeded teachers from the five schools, regardless of their own teaching profiles and school contexts, have obtained high degrees of buy-in of the innovation and developed their readiness towards implementation for the future enactments. It is envisioned that such an epistemic learning model will inform the design for teacher professional development, in the pursuit of innovation diffusion, serving a wider community of the teaching practice.</dcvalue>
      <dcvalue element="language" qualifier="iso" language="en_US">en</dcvalue>
      <dcvalue element="publisher" qualifier="none" language="en_US">Singapore:&#x20;International&#x20;Society&#x20;of&#x20;the&#x20;Learning&#x20;Sciences</dcvalue>
      <dcvalue element="title" qualifier="none" language="en_US">Teacher Epistemic Learning in the Innovation Diffusion</dcvalue>
      <dcvalue element="type" qualifier="none" language="en_US">Book&#x20;chapter</dcvalue>
      &lt;dc:subject xml:lang="en"&gt;Epistemic learning&lt;/dc:subject&gt;
&lt;dc:subject xml:lang="en"&gt;innovation diffusion&lt;/dc:subject&gt;
&lt;dc:subject xml:lang="en"&gt;teacher professional development&lt;/dc:subject&gt;
    </dublin_core>