<?xml version="1.0" encoding="utf-8" standalone="no"?>
    <dublin_core schema="dc">
    <dcvalue element="contributor" qualifier="author">Damșa, Crina</dcvalue>
      <dcvalue element="date" qualifier="accessioned">2017-06-19T14:51:54Z</dcvalue>
      <dcvalue element="date" qualifier="available">2017-06-19T14:51:54Z</dcvalue>
      <dcvalue element="date" qualifier="issued">2015-07</dcvalue>
      <dcvalue element="identifier" qualifier="citation" language="en_US">Damșa, C.&#x20;(2015).&#x20;Co-Construction of Knowledge Objects in Computer Engineering Education&#x20;In&#x20; Lindwall,&#x20;O.,&#x20;Häkkinen,&#x20;P.,&#x20;Koschman,&#x20;T.&#x20;Tchounikine,&#x20;P.&#x20;&#x20;Ludvigsen,&#x20;S.&#x20;(Eds.)&#x20;(2015).&#x20;Exploring&#x20;the&#x20;Material&#x20;Conditions&#x20;of&#x20;Learning:&#x20;The&#x20;Computer&#x20;Supported&#x20;Collaborative&#x20;Learning&#x20;(CSCL)&#x20;Conference&#x20;2015,&#x20;Volume&#x20;2.&#x20;Gothenburg,&#x20;Sweden:&#x20;The&#x20;International&#x20;Society&#x20;of&#x20;the&#x20;Learning&#x20;Sciences.</dcvalue>
      <dcvalue element="identifier" qualifier="uri">https://doi.dx.org&#x2F;10.22318&#x2F;cscl2015.139</dcvalue>
      <dcvalue element="description" qualifier="abstract" language="en_US">This study examines Computer Engineering undergraduate studentsʼ collaborative design and development of knowledge objects (e.g., webpages). Computer Engineering is a resource-rich, dynamic domain, which offers opportunities for inquiry and the construction of complex knowledge objects. However, the students must learn how to engage meaningfully in such knowledge production practices and to make use of the domainʼs large pool of available resources. This study provides a better understanding of how students employ programming strategies, select and mobilize knowledge resources and collaborate to co-construct knowledge objects. A rich set of data enabled a detailed examination of these aspects. The findings emphasize the necessity for students to understand the strategies and knowledge underlying the (collaborative) programming practices, besides knowing how to apply these and to develop the capacity to explore, select and assess new knowledge resources; and, for the institutions, to provide the appropriate guiding structures for this type of learning activities.
</dcvalue>
      <dcvalue element="language" qualifier="iso" language="en_US">en</dcvalue>
      <dcvalue element="publisher" qualifier="none" language="en_US"> International&#x20;Society&#x20;of&#x20;the&#x20;Learning&#x20;Sciences,&#x20;Inc.&#x20;[ISLS].</dcvalue>
      <dcvalue element="title" qualifier="none" language="en_US">Co-Construction of Knowledge Objects in Computer Engineering Education</dcvalue>
      <dcvalue element="type" qualifier="none" language="en_US">Book&#x20;chapter</dcvalue>
      
    </dublin_core>