<?xml version="1.0" encoding="utf-8" standalone="no"?>
    <dublin_core schema="dc">
    <dcvalue element="contributor" qualifier="author">Oshima, Jun</dcvalue>
<dcvalue element="contributor" qualifier="author">Ohsaki, Ayano</dcvalue>
<dcvalue element="contributor" qualifier="author">Yamada, Yuki</dcvalue>
<dcvalue element="contributor" qualifier="author">Oshima, Ritsuko</dcvalue>
      <dcvalue element="date" qualifier="accessioned">2017-06-19T10:50:27Z</dcvalue>
      <dcvalue element="date" qualifier="available">2017-06-19T10:50:27Z</dcvalue>
      <dcvalue element="date" qualifier="issued">2017-07</dcvalue>
      <dcvalue element="identifier" qualifier="citation" language="en_US">Oshima, J., Ohsaki, A., Yamada, Y., &amp; Oshima, R.&#x20;(2017).&#x20;Collective Knowledge Advancement and  Conceptual Understanding of Complex Scientific Concepts in the Jigsaw Instruction&#x20;In&#x20;Smith,&#x20;B.&#x20;K.,&#x20;Borge,&#x20;M.,&#x20;Mercier,&#x20;E.,&#x20;and&#x20;Lim,&#x20;K.&#x20;Y.&#x20;(Eds.).&#x20;(2017).&#x20;Making&#x20;a&#x20;Difference:&#x20;Prioritizing&#x20;Equity&#x20;and&#x20;Access&#x20;in&#x20;CSCL,&#x20;12th&#x20;International&#x20;Conference&#x20;on&#x20;Computer&#x20;Supported&#x20;Collaborative&#x20;Learning&#x20;(CSCL)&#x20;2017,&#x20;Volume&#x20;1.&#x20;Philadelphia,&#x20;PA:&#x20;International&#x20;Society&#x20;of&#x20;the&#x20;Learning&#x20;Sciences.</dcvalue>
      <dcvalue element="identifier" qualifier="uri">https:dx.doi.org&#x2F;10.22318&#x2F;cscl2017.11</dcvalue>
      <dcvalue element="description" qualifier="abstract" language="en_US">We examined jigsaw instruction related to the human immune system at a high school from the perspective of knowledge creation. Collective knowledge advancement was analyzed using socio-semantic network analysis (SSNA) and in-depth discourse analysis. Their conceptual understanding was collected through pre- and post-testing and evaluated by using the structure–behavior–function framework. SSNA revealed that higher conceptual understanding was related to improved collective knowledge advancement. Further in-depth discourse analysis clarified that students who acquired higher conceptual understanding engaged in shared epistemic agency through productive regulatory processes to promote their collective knowledge advancement. Based on the results, we discuss and propose scaffoldings for more students to engage in productive collaboration in jigsaw instruction.</dcvalue>
      <dcvalue element="language" qualifier="iso" language="en_US">en</dcvalue>
      <dcvalue element="publisher" qualifier="none" language="en_US">Philadelphia,&#x20;PA:&#x20;International&#x20;Society&#x20;of&#x20;the&#x20;Learning&#x20;Sciences.</dcvalue>
      <dcvalue element="title" qualifier="none" language="en_US">Collective Knowledge Advancement and  Conceptual Understanding of Complex Scientific Concepts in the Jigsaw Instruction</dcvalue>
      <dcvalue element="type" qualifier="none" language="en_US">Book&#x20;chapter</dcvalue>
      <dc:subject xml:lang="en">Cognitive Studies</dc:subject>
<dc:subject xml:lang="en">Cognitive Psychology</dc:subject>
<dc:subject xml:lang="en">Computer Science</dc:subject>
<dc:subject xml:lang="en">Argumentation</dc:subject>
<dc:subject xml:lang="en">Inquiry Learning</dc:subject>
<dc:subject xml:lang="en">Life Long Learning</dc:subject>
<dc:subject xml:lang="en">University</dc:subject>
<dc:subject xml:lang="en">Knowledge Building</dc:subject>
<dc:subject xml:lang="en">Competence/Expertise</dc:subject>
<dc:subject xml:lang="en">Science Education</dc:subject>
<dc:subject xml:lang="en">Constructivism/Constructionism</dc:subject>
<dc:subject xml:lang="en">Content Analysis</dc:subject>
<dc:subject xml:lang="en">Education Technology</dc:subject>
<dc:subject xml:lang="en">Computing Education</dc:subject>
<dc:subject xml:lang="en">Online Learning</dc:subject>
<dc:subject xml:lang="en">Task Analysis</dc:subject>
<dc:subject xml:lang="en">Assistive Technology</dc:subject>
<dc:subject xml:lang="en">Reflection</dc:subject>
<dc:subject xml:lang="en">Scaffolding</dc:subject>
<dc:subject xml:lang="en">Skill Development</dc:subject>
    </dublin_core>