<?xml version="1.0" encoding="utf-8" standalone="no"?>
    <dublin_core schema="dc">
    <dcvalue element="contributor" qualifier="author">Hod, Yotam</dcvalue>
<dcvalue element="contributor" qualifier="author">Sagy, Ornit</dcvalue>
      <dcvalue element="date" qualifier="accessioned">2017-06-19T10:50:27Z</dcvalue>
      <dcvalue element="date" qualifier="available">2017-06-19T10:50:27Z</dcvalue>
      <dcvalue element="date" qualifier="issued">2017-07</dcvalue>
      <dcvalue element="identifier" qualifier="citation" language="en_US">Hod, Y. &amp; Sagy, O.&#x20;(2017).&#x20;Whose Culture Is It? Modeling the Designs of Authentic Learning Environments and the Cultures They Mediate&#x20;In&#x20;Smith,&#x20;B.&#x20;K.,&#x20;Borge,&#x20;M.,&#x20;Mercier,&#x20;E.,&#x20;and&#x20;Lim,&#x20;K.&#x20;Y.&#x20;(Eds.).&#x20;(2017).&#x20;Making&#x20;a&#x20;Difference:&#x20;Prioritizing&#x20;Equity&#x20;and&#x20;Access&#x20;in&#x20;CSCL,&#x20;12th&#x20;International&#x20;Conference&#x20;on&#x20;Computer&#x20;Supported&#x20;Collaborative&#x20;Learning&#x20;(CSCL)&#x20;2017,&#x20;Volume&#x20;1.&#x20;Philadelphia,&#x20;PA:&#x20;International&#x20;Society&#x20;of&#x20;the&#x20;Learning&#x20;Sciences.</dcvalue>
      <dcvalue element="identifier" qualifier="uri">https:dx.doi.org&#x2F;10.22318&#x2F;cscl2017.15</dcvalue>
      <dcvalue element="description" qualifier="abstract" language="en_US">A major theme of educational research has focused on cultural practices that are learned within formal and informal settings. Many innovative approaches to classroom design come with the intention that practices of the people who are experts in a domain are enculturated by classroom students. This idea, known as authenticity, has been carefully conceptualized in a large variation of educational settings. Cognizant of the inherent gap between conceptualizations and their implementation, we used a constant-comparative method to analyze different variations of authentic learning designs. With the aim of bridging this research-practice gap, our analysis resulted in a model of cultural interaction within learning environments based on different configurations of participants and settings. The conceptual contribution of our research is a refined framework of authenticity that foregrounds the role of human interaction in cultural mediation. Practically, our model contributes new insights into the design of authentic learning environments.</dcvalue>
      <dcvalue element="language" qualifier="iso" language="en_US">en</dcvalue>
      <dcvalue element="publisher" qualifier="none" language="en_US">Philadelphia,&#x20;PA:&#x20;International&#x20;Society&#x20;of&#x20;the&#x20;Learning&#x20;Sciences.</dcvalue>
      <dcvalue element="title" qualifier="none" language="en_US">Whose Culture Is It? Modeling the Designs of Authentic Learning Environments and the Cultures They Mediate</dcvalue>
      <dcvalue element="type" qualifier="none" language="en_US">Book&#x20;chapter</dcvalue>
      <dc:subject xml:lang="en">MOOCS</dc:subject>
<dc:subject xml:lang="en">Adoption of Technologies</dc:subject>
<dc:subject xml:lang="en">Education Technology</dc:subject>
<dc:subject xml:lang="en">Online Learning</dc:subject>
    </dublin_core>