<?xml version="1.0" encoding="utf-8" standalone="no"?>
    <dublin_core schema="dc">
    <dcvalue element="contributor" qualifier="author">Liu, Shiyu</dcvalue>
      <dcvalue element="date" qualifier="accessioned">2017-03-21T12:05:42Z</dcvalue>
      <dcvalue element="date" qualifier="available">2017-03-21T12:05:42Z</dcvalue>
      <dcvalue element="date" qualifier="issued">2016-07</dcvalue>
      <dcvalue element="identifier" qualifier="citation" language="en_US">Liu, S.&#x20;(2016).&#x20;Toward an Integrated Framework of Scientific Reasoning&#x20;In&#x20;Looi,&#x20;C.&#x20;K.,&#x20;Polman,&#x20;J.&#x20;L.,&#x20;Cress,&#x20;U.,&#x20;and&#x20;Reimann,&#x20;P.&#x20;(Eds.).&#x20;Transforming&#x20;Learning,&#x20;Empowering&#x20;Learners:&#x20;The&#x20;International&#x20;Conference&#x20;of&#x20;the&#x20;Learning&#x20;Sciences&#x20;(ICLS)&#x20;2016,&#x20;Volume&#x20;1.&#x20;Singapore:&#x20;International&#x20;Society&#x20;of&#x20;the&#x20;Learning&#x20;Sciences,&#x20;pp.&#x20;35-43.</dcvalue>
      <dcvalue element="identifier" qualifier="uri">info:doi&#x2F;10.22318&#x2F;icls2016.64</dcvalue>
      <dcvalue element="description" qualifier="abstract" language="en_US">This paper proposes an integrated framework, PREP, to capture the dynamic relationship among key influential factors of scientific reasoning, including prior knowledge (P), reading capacity (R), epistemic beliefs (E), and personal attributes (P). Empirical evidence from a qualitative study is presented as we elaborate and further develop this framework. In this study, twenty-six undergraduate students were interviewed to reason about competing arguments on global climate change. In-depth analysis of participants’ interview responses demonstrated important characteristics of the cognitive processes and underpinning mechanisms of scientific reasoning. This work adds to ongoing discussion about the nature of scientific reasoning and provides a holistic approach to characterizing and evaluating scientific reasoning. Furthermore, by capturing important features of individuals’ reasoning when faced with climate issues, this work has significant implications for classroom science teaching and learning.</dcvalue>
      <dcvalue element="language" qualifier="iso" language="en_US">en</dcvalue>
      <dcvalue element="publisher" qualifier="none" language="en_US">Singapore:&#x20;International&#x20;Society&#x20;of&#x20;the&#x20;Learning&#x20;Sciences</dcvalue>
      <dcvalue element="title" qualifier="none" language="en_US">Toward an Integrated Framework of Scientific Reasoning</dcvalue>
      <dcvalue element="type" qualifier="none" language="en_US">Book&#x20;chapter</dcvalue>
      &lt;dc:subject xml:lang="en"&gt;scientific reasoning&lt;/dc:subject&gt;
&lt;dc:subject xml:lang="en"&gt;epistemic beliefs&lt;/dc:subject&gt;
&lt;dc:subject xml:lang="en"&gt;prior knowledge&lt;/dc:subject&gt;
&lt;dc:subject xml:lang="en"&gt;reading capacity&lt;/dc:subject&gt;
    </dublin_core>