<?xml version="1.0" encoding="utf-8" standalone="no"?>
    <dublin_core schema="dc">
    <dcvalue element="contributor" qualifier="author">Tan, Seng Chee</dcvalue>
<dcvalue element="contributor" qualifier="author">Chu, Shien</dcvalue>
<dcvalue element="contributor" qualifier="author">Teo, Chew Lee</dcvalue>
      <dcvalue element="date" qualifier="accessioned">2017-03-21T12:05:42Z</dcvalue>
      <dcvalue element="date" qualifier="available">2017-03-21T12:05:42Z</dcvalue>
      <dcvalue element="date" qualifier="issued">2016-07</dcvalue>
      <dcvalue element="identifier" qualifier="citation" language="en_US">Tan, S. C., Chu, S., &amp; Teo, C. L.&#x20;(2016).&#x20;Teacher Learning in a Professional Learning Community: Potential for Dual-layer Knowledge Building&#x20;In&#x20;Looi,&#x20;C.&#x20;K.,&#x20;Polman,&#x20;J.&#x20;L.,&#x20;Cress,&#x20;U.,&#x20;and&#x20;Reimann,&#x20;P.&#x20;(Eds.).&#x20;Transforming&#x20;Learning,&#x20;Empowering&#x20;Learners:&#x20;The&#x20;International&#x20;Conference&#x20;of&#x20;the&#x20;Learning&#x20;Sciences&#x20;(ICLS)&#x20;2016,&#x20;Volume&#x20;1.&#x20;Singapore:&#x20;International&#x20;Society&#x20;of&#x20;the&#x20;Learning&#x20;Sciences,&#x20;pp.&#x20;35-43.</dcvalue>
      <dcvalue element="identifier" qualifier="uri">info:doi&#x2F;10.22318&#x2F;icls2016.25</dcvalue>
      <dcvalue element="description" qualifier="abstract" language="en_US">This study is situated in the field of knowledge building and teacher professional learning community (PLC). It describes a case study of eight elementary school teachers working on lesson design using knowledge building pedagogy to enhance student learning. The research question is: “How is knowledge building accomplished among teachers within a PLC?” The main method employed is the analysis of teacher’s discourse in the PLC. Results indicate that although not cognisant of it, these teachers functioned as a reciprocal layer of knowledge builders over their students’ work. Critically, teachers’ knowledge building was enabled by working with authentic classroom problems, embracing idea diversity and demonstrating epistemic agency in their knowledge advancement. Future work can focus on building teacher’s awareness of this layer of knowledge building and scripting creation of knowledge artefacts among teachers to mediate and record their collaborative inquiry.</dcvalue>
      <dcvalue element="language" qualifier="iso" language="en_US">en</dcvalue>
      <dcvalue element="publisher" qualifier="none" language="en_US">Singapore:&#x20;International&#x20;Society&#x20;of&#x20;the&#x20;Learning&#x20;Sciences</dcvalue>
      <dcvalue element="title" qualifier="none" language="en_US">Teacher Learning in a Professional Learning Community: Potential for Dual-layer Knowledge Building</dcvalue>
      <dcvalue element="type" qualifier="none" language="en_US">Book&#x20;chapter</dcvalue>
      &lt;dc:subject xml:lang="en"&gt;knowledge building&lt;/dc:subject&gt;
&lt;dc:subject xml:lang="en"&gt;teacher learning&lt;/dc:subject&gt;
&lt;dc:subject xml:lang="en"&gt;professional learning community&lt;/dc:subject&gt;
    </dublin_core>