<?xml version="1.0" encoding="utf-8" standalone="no"?>
    <dublin_core schema="dc">
    <dcvalue element="contributor" qualifier="author">Schwendimann, Beat A.</dcvalue>
<dcvalue element="contributor" qualifier="author">De Wever, Bram</dcvalue>
<dcvalue element="contributor" qualifier="author">Hämäläinen, Raija</dcvalue>
<dcvalue element="contributor" qualifier="author">Cattaneo, Alberto A. P.</dcvalue>
      <dcvalue element="date" qualifier="accessioned">2017-06-19T10:52:18Z</dcvalue>
      <dcvalue element="date" qualifier="available">2017-06-19T10:52:18Z</dcvalue>
      <dcvalue element="date" qualifier="issued">2017-07</dcvalue>
      <dcvalue element="identifier" qualifier="citation" language="en_US">Schwendimann, B. A., De Wever, B., Hämäläinen, R., &amp; Cattaneo, A. A.&#x20;(2017).&#x20;CSCL and Vocational Education: A Bond Worthy of Investigation?&#x20;In&#x20;Smith,&#x20;B.&#x20;K.,&#x20;Borge,&#x20;M.,&#x20;Mercier,&#x20;E.,&#x20;and&#x20;Lim,&#x20;K.&#x20;Y.&#x20;(Eds.).&#x20;(2017).&#x20;Making&#x20;a&#x20;Difference:&#x20;Prioritizing&#x20;Equity&#x20;and&#x20;Access&#x20;in&#x20;CSCL,&#x20;12th&#x20;International&#x20;Conference&#x20;on&#x20;Computer&#x20;Supported&#x20;Collaborative&#x20;Learning&#x20;(CSCL)&#x20;2017,&#x20;Volume&#x20;2.&#x20;Philadelphia,&#x20;PA:&#x20;International&#x20;Society&#x20;of&#x20;the&#x20;Learning&#x20;Sciences.</dcvalue>
      <dcvalue element="identifier" qualifier="uri">https:dx.doi.org&#x2F;10.22318&#x2F;cscl2017.77</dcvalue>
      <dcvalue element="description" qualifier="abstract" language="en_US">Vocational education and training (VET) is tasked to develop its practices to enhance learners’ collaboration skills. Collaborative technologies play an increasing role in initial VET. This paper presents a systematic review on the use of CSCL in initial VET. Starting from an initial set of 823 papers, identified in major databases, each paper was coded by multiple researchers to identify demographics (sample sizes, countries, work domains), methods (data sources, technology design) and outcomes (analysis, forms of collaboration). Finally, only 26 papers met our selection criteria, which illustrates that CSCL research is dominated by K-12 and higher education contexts, while vocational learning contexts are under-represented in this field of study. This observation spurs the question if there is anything unique in VET worthy of being investigated through a CSCL framework. Our analysis hints at a positive answer to this question, both for technological and collaborative components. </dcvalue>
      <dcvalue element="language" qualifier="iso" language="en_US">en</dcvalue>
      <dcvalue element="publisher" qualifier="none" language="en_US">Philadelphia,&#x20;PA:&#x20;International&#x20;Society&#x20;of&#x20;the&#x20;Learning&#x20;Sciences.</dcvalue>
      <dcvalue element="title" qualifier="none" language="en_US">CSCL and Vocational Education: A Bond Worthy of Investigation?</dcvalue>
      <dcvalue element="type" qualifier="none" language="en_US">Book&#x20;chapter</dcvalue>
      <dc:subject xml:lang="en">Innovative Interfaces</dc:subject>
<dc:subject xml:lang="en">Video Analysis</dc:subject>
<dc:subject xml:lang="en">Human-Computer Interaction</dc:subject>
<dc:subject xml:lang="en">Tangible Computing</dc:subject>
    </dublin_core>