<?xml version="1.0" encoding="utf-8" standalone="no"?>
    <dublin_core schema="dc">
    <dcvalue element="contributor" qualifier="author">Roque, Ricarose</dcvalue>
<dcvalue element="contributor" qualifier="author">Lin, Karina</dcvalue>
<dcvalue element="contributor" qualifier="author">Liuzzi, Richard</dcvalue>
      <dcvalue element="date" qualifier="accessioned">2017-03-21T12:05:42Z</dcvalue>
      <dcvalue element="date" qualifier="available">2017-03-21T12:05:42Z</dcvalue>
      <dcvalue element="date" qualifier="issued">2016-07</dcvalue>
      <dcvalue element="identifier" qualifier="citation" language="en_US">Roque, R., Lin, K., &amp; Liuzzi, R.&#x20;(2016).&#x20;“I’m Not Just a Mom”: Parents Developing Multiple Roles in Creative Computing&#x20;In&#x20;Looi,&#x20;C.&#x20;K.,&#x20;Polman,&#x20;J.&#x20;L.,&#x20;Cress,&#x20;U.,&#x20;and&#x20;Reimann,&#x20;P.&#x20;(Eds.).&#x20;Transforming&#x20;Learning,&#x20;Empowering&#x20;Learners:&#x20;The&#x20;International&#x20;Conference&#x20;of&#x20;the&#x20;Learning&#x20;Sciences&#x20;(ICLS)&#x20;2016,&#x20;Volume&#x20;1.&#x20;Singapore:&#x20;International&#x20;Society&#x20;of&#x20;the&#x20;Learning&#x20;Sciences,&#x20;pp.&#x20;35-43.</dcvalue>
      <dcvalue element="identifier" qualifier="uri">info:doi&#x2F;10.22318&#x2F;icls2016.86</dcvalue>
      <dcvalue element="description" qualifier="abstract" language="en_US">Creating, designing, and building with computing have gained recognition as important activities for children, but few actually engage in these creative opportunities. Social support from parents can be essential to engaging children, but for parents with limited backgrounds in computing, they are often unsure what roles they can play. For parents to develop supportive roles, they must gain first-hand experience in creative computing for themselves and with their children. In this paper, we examine the experiences of parents participating in a community-based program called Family Creative Learning, where families design and invent together using creative technologies like Scratch. We describe three case studies of how parents developed multiple roles such as collaborator, teacher, and learner as they created and collaborated with their children on technology-based projects. We discuss design opportunities to provide meaningful experiences for parents and children to build projects and build supportive roles around computing. </dcvalue>
      <dcvalue element="language" qualifier="iso" language="en_US">en</dcvalue>
      <dcvalue element="publisher" qualifier="none" language="en_US">Singapore:&#x20;International&#x20;Society&#x20;of&#x20;the&#x20;Learning&#x20;Sciences</dcvalue>
      <dcvalue element="title" qualifier="none" language="en_US">“I’m Not Just a Mom”: Parents Developing Multiple Roles in Creative Computing</dcvalue>
      <dcvalue element="type" qualifier="none" language="en_US">Book&#x20;chapter</dcvalue>
      &lt;dc:subject xml:lang="en"&gt;Families&lt;/dc:subject&gt;
&lt;dc:subject xml:lang="en"&gt;Roles&lt;/dc:subject&gt;
&lt;dc:subject xml:lang="en"&gt;Creative Learning&lt;/dc:subject&gt;
&lt;dc:subject xml:lang="en"&gt;Creative Computing&lt;/dc:subject&gt;
    </dublin_core>