<?xml version="1.0" encoding="utf-8" standalone="no"?>
    <dublin_core schema="dc">
    <dcvalue element="contributor" qualifier="author">Tao, Dan</dcvalue>
<dcvalue element="contributor" qualifier="author">Zhang, Jianwei</dcvalue>
      <dcvalue element="date" qualifier="accessioned">2017-06-19T10:52:18Z</dcvalue>
      <dcvalue element="date" qualifier="available">2017-06-19T10:52:18Z</dcvalue>
      <dcvalue element="date" qualifier="issued">2017-07</dcvalue>
      <dcvalue element="identifier" qualifier="citation" language="en_US">Tao, D. &amp; Zhang, J.&#x20;(2017).&#x20;How Did a Grade 5 Science Community Co-Construct Collective Structures of Inquiry?&#x20;In&#x20;Smith,&#x20;B.&#x20;K.,&#x20;Borge,&#x20;M.,&#x20;Mercier,&#x20;E.,&#x20;and&#x20;Lim,&#x20;K.&#x20;Y.&#x20;(Eds.).&#x20;(2017).&#x20;Making&#x20;a&#x20;Difference:&#x20;Prioritizing&#x20;Equity&#x20;and&#x20;Access&#x20;in&#x20;CSCL,&#x20;12th&#x20;International&#x20;Conference&#x20;on&#x20;Computer&#x20;Supported&#x20;Collaborative&#x20;Learning&#x20;(CSCL)&#x20;2017,&#x20;Volume&#x20;2.&#x20;Philadelphia,&#x20;PA:&#x20;International&#x20;Society&#x20;of&#x20;the&#x20;Learning&#x20;Sciences.</dcvalue>
      <dcvalue element="identifier" qualifier="uri">https:dx.doi.org&#x2F;10.22318&#x2F;cscl2017.103</dcvalue>
      <dcvalue element="description" qualifier="abstract" language="en_US">This study investigates how a Grade 5 science community co-constructed collective structures of inquiry in the form of “research cycles” to support sustained inquiry in a whole school year. Qualitative analysis of field notes, classroom videos and student notebooks documented the evolution of research cycles. Analysis of student interviews showed how this structure was used and adapted by individual student to position and monitor knowledge progress and plan for further inquiry. Content analyses of student online discourse in Knowledge Forum indicated that students made more purposeful contributions aligning with the research cycle after formation.</dcvalue>
      <dcvalue element="language" qualifier="iso" language="en_US">en</dcvalue>
      <dcvalue element="publisher" qualifier="none" language="en_US">Philadelphia,&#x20;PA:&#x20;International&#x20;Society&#x20;of&#x20;the&#x20;Learning&#x20;Sciences.</dcvalue>
      <dcvalue element="title" qualifier="none" language="en_US">How Did a Grade 5 Science Community Co-Construct Collective Structures of Inquiry?</dcvalue>
      <dcvalue element="type" qualifier="none" language="en_US">Book&#x20;chapter</dcvalue>
      <dc:subject xml:lang="en">Collaboration Skills</dc:subject>
<dc:subject xml:lang="en">Learning Outcomes</dc:subject>
<dc:subject xml:lang="en">Collaborative Problem Solving Skills</dc:subject>
    </dublin_core>