<?xml version="1.0" encoding="utf-8" standalone="no"?>
    <dublin_core schema="dc">
    <dcvalue element="contributor" qualifier="author">Lansiquot, Reneta D.</dcvalue>
<dcvalue element="contributor" qualifier="author">Cabo, Candido</dcvalue>
      <dcvalue element="date" qualifier="accessioned">2017-06-19T14:51:54Z</dcvalue>
      <dcvalue element="date" qualifier="available">2017-06-19T14:51:54Z</dcvalue>
      <dcvalue element="date" qualifier="issued">2015-07</dcvalue>
      <dcvalue element="identifier" qualifier="citation" language="en_US">Lansiquot, R. D. &amp; Cabo, C.&#x20;(2015).&#x20;Concept Mapping Narratives to Promote CSCL and Interdisciplinary Studies&#x20;In&#x20; Lindwall,&#x20;O.,&#x20;Häkkinen,&#x20;P.,&#x20;Koschman,&#x20;T.&#x20;Tchounikine,&#x20;P.&#x20;&#x20;Ludvigsen,&#x20;S.&#x20;(Eds.)&#x20;(2015).&#x20;Exploring&#x20;the&#x20;Material&#x20;Conditions&#x20;of&#x20;Learning:&#x20;The&#x20;Computer&#x20;Supported&#x20;Collaborative&#x20;Learning&#x20;(CSCL)&#x20;Conference&#x20;2015,&#x20;Volume&#x20;2.&#x20;Gothenburg,&#x20;Sweden:&#x20;The&#x20;International&#x20;Society&#x20;of&#x20;the&#x20;Learning&#x20;Sciences.</dcvalue>
      <dcvalue element="identifier" qualifier="uri">https://doi.dx.org&#x2F;10.22318&#x2F;cscl2015.213</dcvalue>
      <dcvalue element="description" qualifier="abstract" language="en_US">Concept maps are used to organize and represent information. In the context of creating narratives, concept maps can be used to represent the elements of a plot and/or the relationships between characters. Concept mapping has been shown to be an effective pre-writing strategy leading to an improvement in student writing. We have investigated the use of concept maps to help students develop narratives in an introductory undergraduate English composition course. We found that students participating in an interdisciplinary learning community (LC) who implement their narratives collaboratively as a video game using computer programming produce better concept maps than students in a traditional English composition course. We conclude that the synergies that develop between English composition and computer programming in the interdisciplinary context of a LC result in more effective concept maps leading to an improvement in students’ performance in English composition courses.
</dcvalue>
      <dcvalue element="language" qualifier="iso" language="en_US">en</dcvalue>
      <dcvalue element="publisher" qualifier="none" language="en_US"> International&#x20;Society&#x20;of&#x20;the&#x20;Learning&#x20;Sciences,&#x20;Inc.&#x20;[ISLS].</dcvalue>
      <dcvalue element="title" qualifier="none" language="en_US">Concept Mapping Narratives to Promote CSCL and Interdisciplinary Studies</dcvalue>
      <dcvalue element="type" qualifier="none" language="en_US">Book&#x20;chapter</dcvalue>
      <dc:subject xml:lang="en">collaborative writing</dc:subject>
<dc:subject xml:lang="en">concept maps</dc:subject>
<dc:subject xml:lang="en">creative writing</dc:subject>
<dc:subject xml:lang="en">narrative</dc:subject>
    </dublin_core>