<?xml version="1.0" encoding="utf-8" standalone="no"?>
    <dublin_core schema="dc">
    <dcvalue element="contributor" qualifier="author">Fong, Cresencia</dcvalue>
<dcvalue element="contributor" qualifier="author">Cober, Rebecca</dcvalue>
<dcvalue element="contributor" qualifier="author">Messina, Richard</dcvalue>
<dcvalue element="contributor" qualifier="author">Moher, Tom</dcvalue>
<dcvalue element="contributor" qualifier="author">Murray, Julia</dcvalue>
<dcvalue element="contributor" qualifier="author">Peebles, Ben</dcvalue>
<dcvalue element="contributor" qualifier="author">Slotta, James D.</dcvalue>
      <dcvalue element="date" qualifier="accessioned">2017-06-19T14:15:51Z</dcvalue>
      <dcvalue element="date" qualifier="available">2017-06-19T14:15:51Z</dcvalue>
      <dcvalue element="date" qualifier="issued">2015-07</dcvalue>
      <dcvalue element="identifier" qualifier="citation" language="en_US">Fong, C., Cober, R., Messina, R., Moher, T., Murray, J., Peebles, B., &amp; Slotta, J. D.&#x20;(2015).&#x20;The 3R Orchestration Cycle: Fostering Multi-Modal Inquiry Discourse in a Scaffolded Inquiry Environment&#x20;In&#x20; Lindwall,&#x20;O.,&#x20;Häkkinen,&#x20;P.,&#x20;Koschman,&#x20;T.&#x20;Tchounikine,&#x20;P.&#x20;&#x20;Ludvigsen,&#x20;S.&#x20;(Eds.)&#x20;(2015).&#x20;Exploring&#x20;the&#x20;Material&#x20;Conditions&#x20;of&#x20;Learning:&#x20;The&#x20;Computer&#x20;Supported&#x20;Collaborative&#x20;Learning&#x20;(CSCL)&#x20;Conference&#x20;2015,&#x20;Volume&#x20;1.&#x20;Gothenburg,&#x20;Sweden:&#x20;The&#x20;International&#x20;Society&#x20;of&#x20;the&#x20;Learning&#x20;Sciences.</dcvalue>
      <dcvalue element="identifier" qualifier="uri">https://doi.dx.org&#x2F;10.22318&#x2F;cscl2015.122</dcvalue>
      <dcvalue element="description" qualifier="abstract" language="en_US">This paper reports on second and third iteration classroom trials of Common Knowledge (CK2 and CK3 respectively) – a pedagogical and technological innovation that supports teacher orchestration of inquiry discourse occurring in the digital CK environment and face-to-face in the classroom. CK facilitated the scaffolding of grade 5/6 students through phases of collaborative biodiversity (CK2) and astronomy (CK3) inquiry. Using tablets, students contributed to a community knowledge base that was publicly displayed on an interactive whiteboard (IWB). The IWB visualized the community’s idea flow, enabling learners to sort their ideas along socially-negotiated categories. Inquiry work done in the CK environment affected the knowledge work done in the face-to-face classroom discussions, and vice versa. We observed that teachers used an orchestration cycle of Reflect-Refocus-Release (3R) as a means of managing this blended learning environment. A comparison of teachers’ Reflect discourse structures between both iterations, indicate such patterns vary with inquiry task demands.
</dcvalue>
      <dcvalue element="language" qualifier="iso" language="en_US">en</dcvalue>
      <dcvalue element="publisher" qualifier="none" language="en_US"> International&#x20;Society&#x20;of&#x20;the&#x20;Learning&#x20;Sciences,&#x20;Inc.&#x20;[ISLS].</dcvalue>
      <dcvalue element="title" qualifier="none" language="en_US">The 3R Orchestration Cycle: Fostering Multi-Modal Inquiry Discourse in a Scaffolded Inquiry Environment</dcvalue>
      <dcvalue element="type" qualifier="none" language="en_US">Book&#x20;chapter</dcvalue>
      <dc:subject xml:lang="en">The 3R Orchestration Cycle: Fostering Multi-Modal Inquiry Discourse in a Scaffolded Inquiry Environment</dc:subject>
<dc:subject xml:lang="en">orchestration</dc:subject>
<dc:subject xml:lang="en">discourse</dc:subject>
<dc:subject xml:lang="en">inquiry</dc:subject>
<dc:subject xml:lang="en">collaboration</dc:subject>
    </dublin_core>