<?xml version="1.0" encoding="utf-8" standalone="no"?>
    <dublin_core schema="dc">
    <dcvalue element="contributor" qualifier="author">Gaydos, Matthew</dcvalue>
      <dcvalue element="date" qualifier="accessioned">2017-03-21T12:05:42Z</dcvalue>
      <dcvalue element="date" qualifier="available">2017-03-21T12:05:42Z</dcvalue>
      <dcvalue element="date" qualifier="issued">2016-07</dcvalue>
      <dcvalue element="identifier" qualifier="citation" language="en_US">Gaydos, M.&#x20;(2016).&#x20;Developing a Geography Game for Singapore Classrooms&#x20;In&#x20;Looi,&#x20;C.&#x20;K.,&#x20;Polman,&#x20;J.&#x20;L.,&#x20;Cress,&#x20;U.,&#x20;and&#x20;Reimann,&#x20;P.&#x20;(Eds.).&#x20;Transforming&#x20;Learning,&#x20;Empowering&#x20;Learners:&#x20;The&#x20;International&#x20;Conference&#x20;of&#x20;the&#x20;Learning&#x20;Sciences&#x20;(ICLS)&#x20;2016,&#x20;Volume&#x20;1.&#x20;Singapore:&#x20;International&#x20;Society&#x20;of&#x20;the&#x20;Learning&#x20;Sciences,&#x20;pp.&#x20;35-43.</dcvalue>
      <dcvalue element="identifier" qualifier="uri">info:doi&#x2F;10.22318&#x2F;icls2016.94</dcvalue>
      <dcvalue element="description" qualifier="abstract" language="en_US">This case study presents the design and use of a non-digital geography educational game. The game was co-developed by a researcher and teachers for use in a Singapore public secondary school. Through the game’s use, issues of local classroom culture and design arise, including teachers’ tendency to define learning in terms of content-based, and the challenges to developing a play-based curriculum. Nevertheless, non-digital educational games provide an old means that may be useful for testing new theories.</dcvalue>
      <dcvalue element="language" qualifier="iso" language="en_US">en</dcvalue>
      <dcvalue element="publisher" qualifier="none" language="en_US">Singapore:&#x20;International&#x20;Society&#x20;of&#x20;the&#x20;Learning&#x20;Sciences</dcvalue>
      <dcvalue element="title" qualifier="none" language="en_US">Developing a Geography Game for Singapore Classrooms</dcvalue>
      <dcvalue element="type" qualifier="none" language="en_US">Book&#x20;chapter</dcvalue>
      &lt;dc:subject xml:lang="en"&gt;games&lt;/dc:subject&gt;
&lt;dc:subject xml:lang="en"&gt;learning&lt;/dc:subject&gt;
&lt;dc:subject xml:lang="en"&gt;design&lt;/dc:subject&gt;
&lt;dc:subject xml:lang="en"&gt;geography&lt;/dc:subject&gt;
    </dublin_core>