<?xml version="1.0" encoding="utf-8" standalone="no"?>
    <dublin_core schema="dc">
    <dcvalue element="contributor" qualifier="author">Sun, Na</dcvalue>
<dcvalue element="contributor" qualifier="author">Rosson, Mary Beth</dcvalue>
      <dcvalue element="date" qualifier="accessioned">2017-06-19T10:50:27Z</dcvalue>
      <dcvalue element="date" qualifier="available">2017-06-19T10:50:27Z</dcvalue>
      <dcvalue element="date" qualifier="issued">2017-07</dcvalue>
      <dcvalue element="identifier" qualifier="citation" language="en_US">Sun, N. &amp; Rosson, M. B.&#x20;(2017).&#x20;Finding the Community in Online Education:  It’s in the Instructors’ Eyes&#x20;In&#x20;Smith,&#x20;B.&#x20;K.,&#x20;Borge,&#x20;M.,&#x20;Mercier,&#x20;E.,&#x20;and&#x20;Lim,&#x20;K.&#x20;Y.&#x20;(Eds.).&#x20;(2017).&#x20;Making&#x20;a&#x20;Difference:&#x20;Prioritizing&#x20;Equity&#x20;and&#x20;Access&#x20;in&#x20;CSCL,&#x20;12th&#x20;International&#x20;Conference&#x20;on&#x20;Computer&#x20;Supported&#x20;Collaborative&#x20;Learning&#x20;(CSCL)&#x20;2017,&#x20;Volume&#x20;1.&#x20;Philadelphia,&#x20;PA:&#x20;International&#x20;Society&#x20;of&#x20;the&#x20;Learning&#x20;Sciences.</dcvalue>
      <dcvalue element="identifier" qualifier="uri">https:dx.doi.org&#x2F;10.22318&#x2F;cscl2017.42</dcvalue>
      <dcvalue element="description" qualifier="abstract" language="en_US">An instructor’s teaching presence affects students’ feelings of social presence and connectivity in distance education, pointing to an opportunity for intentional orchestrations of class members’ social experience. To explore such opportunities, we interviewed instructors about what and how they see community from their online teaching experiences. In this paper, we characterize the presence and nature of the community that instructors see in their distance education classes. We highlighted the strategies instructors used in an online environment that support both synchronous and asynchronous collaborative learning. Design implications for sociable learning environments are discussed.</dcvalue>
      <dcvalue element="language" qualifier="iso" language="en_US">en</dcvalue>
      <dcvalue element="publisher" qualifier="none" language="en_US">Philadelphia,&#x20;PA:&#x20;International&#x20;Society&#x20;of&#x20;the&#x20;Learning&#x20;Sciences.</dcvalue>
      <dcvalue element="title" qualifier="none" language="en_US">Finding the Community in Online Education:  It’s in the Instructors’ Eyes</dcvalue>
      <dcvalue element="type" qualifier="none" language="en_US">Book&#x20;chapter</dcvalue>
      <dc:subject xml:lang="en">Learning Analytics / Educational Data Mining</dc:subject>
<dc:subject xml:lang="en">Conversation Analysis</dc:subject>
<dc:subject xml:lang="en">Descriptive Studies</dc:subject>
<dc:subject xml:lang="en">Intelligent Systems</dc:subject>
<dc:subject xml:lang="en">Primary School</dc:subject>
<dc:subject xml:lang="en">Secondary School</dc:subject>
<dc:subject xml:lang="en">University</dc:subject>
<dc:subject xml:lang="en">Learning Analytics and Monitoring Tools</dc:subject>
<dc:subject xml:lang="en">Collaborative Problem Solving Skills</dc:subject>
<dc:subject xml:lang="en">Collaboration Skills</dc:subject>
<dc:subject xml:lang="en">Mathematics Education</dc:subject>
<dc:subject xml:lang="en">Education Technology</dc:subject>
    </dublin_core>