<?xml version="1.0" encoding="utf-8" standalone="no"?>
    <dublin_core schema="dc">
    <dcvalue element="contributor" qualifier="author">Sharma, Kshitij</dcvalue>
<dcvalue element="contributor" qualifier="author">Leftheriotis, Ioannis</dcvalue>
<dcvalue element="contributor" qualifier="author">Noor, Jama</dcvalue>
<dcvalue element="contributor" qualifier="author">Giannakos, Michail</dcvalue>
      <dcvalue element="date" qualifier="accessioned">2017-06-19T10:50:27Z</dcvalue>
      <dcvalue element="date" qualifier="available">2017-06-19T10:50:27Z</dcvalue>
      <dcvalue element="date" qualifier="issued">2017-07</dcvalue>
      <dcvalue element="identifier" qualifier="citation" language="en_US">Sharma, K., Leftheriotis, I., Noor, J., &amp; Giannakos, M.&#x20;(2017).&#x20;Dual Gaze as a Proxy for Collaboration in Informal Learning&#x20;In&#x20;Smith,&#x20;B.&#x20;K.,&#x20;Borge,&#x20;M.,&#x20;Mercier,&#x20;E.,&#x20;and&#x20;Lim,&#x20;K.&#x20;Y.&#x20;(Eds.).&#x20;(2017).&#x20;Making&#x20;a&#x20;Difference:&#x20;Prioritizing&#x20;Equity&#x20;and&#x20;Access&#x20;in&#x20;CSCL,&#x20;12th&#x20;International&#x20;Conference&#x20;on&#x20;Computer&#x20;Supported&#x20;Collaborative&#x20;Learning&#x20;(CSCL)&#x20;2017,&#x20;Volume&#x20;1.&#x20;Philadelphia,&#x20;PA:&#x20;International&#x20;Society&#x20;of&#x20;the&#x20;Learning&#x20;Sciences.</dcvalue>
      <dcvalue element="identifier" qualifier="uri">https:dx.doi.org&#x2F;10.22318&#x2F;cscl2017.27</dcvalue>
      <dcvalue element="description" qualifier="abstract" language="en_US">Interactive displays are increasingly employed in informal learning environments as a technology for enhancing students’ learning and engagement. Interactive displays allow students to collaborate and interact with the content in a natural and engaging manner. Despite the increased prevalence of interactive displays for learning, we know very little about how students collaborate in such settings and how this collaboration influences their performance. In this dual eye-tracking study, with 36 participants, a two-staged within-group experiment was conducted to investigate students’ collaboration and learning gains in an interactive display. The results show that collaboratively, pairs who have high gaze similarity have high learning outcomes. Individually, participants spending high proportions of time in acquiring the complementary information from images and textual parts of the learning material attain high learning outcomes. We show that the gaze is an effective proxy to cognitive mechanisms underlying collaboration not only in formal settings but also in informal learning scenarios.</dcvalue>
      <dcvalue element="language" qualifier="iso" language="en_US">en</dcvalue>
      <dcvalue element="publisher" qualifier="none" language="en_US">Philadelphia,&#x20;PA:&#x20;International&#x20;Society&#x20;of&#x20;the&#x20;Learning&#x20;Sciences.</dcvalue>
      <dcvalue element="title" qualifier="none" language="en_US">Dual Gaze as a Proxy for Collaboration in Informal Learning</dcvalue>
      <dcvalue element="type" qualifier="none" language="en_US">Book&#x20;chapter</dcvalue>
      <dc:subject xml:lang="en">Simulations</dc:subject>
<dc:subject xml:lang="en">Learning Analytics / Educational Data Mining</dc:subject>
<dc:subject xml:lang="en">Constructivism/Constructionism</dc:subject>
<dc:subject xml:lang="en">Education Technology</dc:subject>
    </dublin_core>