<?xml version="1.0" encoding="utf-8" standalone="no"?>
    <dublin_core schema="dc">
    <dcvalue element="contributor" qualifier="author">Horton, Emily</dcvalue>
<dcvalue element="contributor" qualifier="author">Cunningham, Jahneille</dcvalue>
<dcvalue element="contributor" qualifier="author">Gomez, Louis M.</dcvalue>
<dcvalue element="contributor" qualifier="author">Gomez, Kimberley</dcvalue>
<dcvalue element="contributor" qualifier="author">Rodela, Katherine</dcvalue>
      <dcvalue element="date" qualifier="accessioned">2017-03-21T12:05:42Z</dcvalue>
      <dcvalue element="date" qualifier="available">2017-03-21T12:05:42Z</dcvalue>
      <dcvalue element="date" qualifier="issued">2016-07</dcvalue>
      <dcvalue element="identifier" qualifier="citation" language="en_US">Horton, E., Cunningham, J., Gomez, L. M., Gomez, K., &amp; Rodela, K.&#x20;(2016).&#x20;Opportunities to Learn Through Design:  Mapping Design Experiences to Teacher Learning&#x20;In&#x20;Looi,&#x20;C.&#x20;K.,&#x20;Polman,&#x20;J.&#x20;L.,&#x20;Cress,&#x20;U.,&#x20;and&#x20;Reimann,&#x20;P.&#x20;(Eds.).&#x20;Transforming&#x20;Learning,&#x20;Empowering&#x20;Learners:&#x20;The&#x20;International&#x20;Conference&#x20;of&#x20;the&#x20;Learning&#x20;Sciences&#x20;(ICLS)&#x20;2016,&#x20;Volume&#x20;1.&#x20;Singapore:&#x20;International&#x20;Society&#x20;of&#x20;the&#x20;Learning&#x20;Sciences,&#x20;pp.&#x20;35-43.</dcvalue>
      <dcvalue element="identifier" qualifier="uri">info:doi&#x2F;10.22318&#x2F;icls2016.31</dcvalue>
      <dcvalue element="description" qualifier="abstract" language="en_US">This paper examines the ways in which specific design experiences lead to certain types of learning. We engaged thirteen community college instructors in iterative design through Plan-Do-Study-Act (PDSA) cycles to design and develop new developmental mathematics lessons. In this study, as in most design-partnerships, teachers touch only some aspects of the design process. In the work reported here, we make explicit the varying ways in which instructors took part in PDSA cycles and examine the types of knowledge generated by their participation. We use Edelson (2002) as a lens to categorize learning into three types: domain, design framework, and design methodology. Results indicate that instructors do not need to be involved in every aspect of design to learn. Our findings highlight the role time plays on engagement and learning in design. Implications for design efforts, to the extent they are focused on learning, are discussed. </dcvalue>
      <dcvalue element="language" qualifier="iso" language="en_US">en</dcvalue>
      <dcvalue element="publisher" qualifier="none" language="en_US">Singapore:&#x20;International&#x20;Society&#x20;of&#x20;the&#x20;Learning&#x20;Sciences</dcvalue>
      <dcvalue element="title" qualifier="none" language="en_US">Opportunities to Learn Through Design:  Mapping Design Experiences to Teacher Learning</dcvalue>
      <dcvalue element="type" qualifier="none" language="en_US">Book&#x20;chapter</dcvalue>
      &lt;dc:subject xml:lang="en"&gt;design&lt;/dc:subject&gt;
&lt;dc:subject xml:lang="en"&gt;teacher learning&lt;/dc:subject&gt;
&lt;dc:subject xml:lang="en"&gt;professional development&lt;/dc:subject&gt;
&lt;dc:subject xml:lang="en"&gt;research-practice partnerships&lt;/dc:subject&gt;
    </dublin_core>