<?xml version="1.0" encoding="utf-8" standalone="no"?>
    <dublin_core schema="dc">
    <dcvalue element="contributor" qualifier="author">Malkiewich, Laura J.</dcvalue>
<dcvalue element="contributor" qualifier="author">Lee, Alison</dcvalue>
<dcvalue element="contributor" qualifier="author">Slater, Stefan</dcvalue>
<dcvalue element="contributor" qualifier="author">Xing, Chenmu</dcvalue>
<dcvalue element="contributor" qualifier="author">Chase, Catherine C.</dcvalue>
      <dcvalue element="date" qualifier="accessioned">2017-03-21T12:05:42Z</dcvalue>
      <dcvalue element="date" qualifier="available">2017-03-21T12:05:42Z</dcvalue>
      <dcvalue element="date" qualifier="issued">2016-07</dcvalue>
      <dcvalue element="identifier" qualifier="citation" language="en_US">Malkiewich, L. J., Lee, A., Slater, S., Xing, C., &amp; Chase, C. C.&#x20;(2016).&#x20;No Lives Left: How Common Game Features Could Undermine Persistence, Challenge-Seeking and Learning to Program&#x20;In&#x20;Looi,&#x20;C.&#x20;K.,&#x20;Polman,&#x20;J.&#x20;L.,&#x20;Cress,&#x20;U.,&#x20;and&#x20;Reimann,&#x20;P.&#x20;(Eds.).&#x20;Transforming&#x20;Learning,&#x20;Empowering&#x20;Learners:&#x20;The&#x20;International&#x20;Conference&#x20;of&#x20;the&#x20;Learning&#x20;Sciences&#x20;(ICLS)&#x20;2016,&#x20;Volume&#x20;1.&#x20;Singapore:&#x20;International&#x20;Society&#x20;of&#x20;the&#x20;Learning&#x20;Sciences,&#x20;pp.&#x20;35-43.</dcvalue>
      <dcvalue element="identifier" qualifier="uri">info:doi&#x2F;10.22318&#x2F;icls2016.26</dcvalue>
      <dcvalue element="description" qualifier="abstract" language="en_US">Persistence is necessary for learning, yet students have difficulty persisting at academic tasks, especially when faced with challenge. One context where students seem to persist is gameplay. This paper investigates whether an educational computer programming game can enhance student persistence and learning. Students were assigned to play either the Full version of a game, or a Minimal version of the game that ablated several common game features. Contrary to our hypotheses, we found that students who played the Full Game persisted less at challenging tasks, wrote less challenging code during gameplay, and were less willing to learn more about coding in the future. Ultimately, players of the Full Game also learned less than students who played the Minimal Game. Results suggest that certain design features of educational games can negatively impact a player’s approach to challenging learning tasks, which in turn can negatively impact learning. </dcvalue>
      <dcvalue element="language" qualifier="iso" language="en_US">en</dcvalue>
      <dcvalue element="publisher" qualifier="none" language="en_US">Singapore:&#x20;International&#x20;Society&#x20;of&#x20;the&#x20;Learning&#x20;Sciences</dcvalue>
      <dcvalue element="title" qualifier="none" language="en_US">No Lives Left: How Common Game Features Could Undermine Persistence, Challenge-Seeking and Learning to Program</dcvalue>
      <dcvalue element="type" qualifier="none" language="en_US">Book&#x20;chapter</dcvalue>
      &lt;dc:subject xml:lang="en"&gt;games&lt;/dc:subject&gt;
&lt;dc:subject xml:lang="en"&gt;computer programing&lt;/dc:subject&gt;
&lt;dc:subject xml:lang="en"&gt;persistence&lt;/dc:subject&gt;
&lt;dc:subject xml:lang="en"&gt;self-efficacy&lt;/dc:subject&gt;
    </dublin_core>