<?xml version="1.0" encoding="utf-8" standalone="no"?>
    <dublin_core schema="dc">
    <dcvalue element="contributor" qualifier="author">Ong, Yann Shiou</dcvalue>
<dcvalue element="contributor" qualifier="author">Borge, Marcela</dcvalue>
      <dcvalue element="date" qualifier="accessioned">2017-03-21T12:05:42Z</dcvalue>
      <dcvalue element="date" qualifier="available">2017-03-21T12:05:42Z</dcvalue>
      <dcvalue element="date" qualifier="issued">2016-07</dcvalue>
      <dcvalue element="identifier" qualifier="citation" language="en_US">Ong, Y. S. &amp; Borge, M.&#x20;(2016).&#x20;Joint Idea-Building in Online Collaborative Group Discussions&#x20;In&#x20;Looi,&#x20;C.&#x20;K.,&#x20;Polman,&#x20;J.&#x20;L.,&#x20;Cress,&#x20;U.,&#x20;and&#x20;Reimann,&#x20;P.&#x20;(Eds.).&#x20;Transforming&#x20;Learning,&#x20;Empowering&#x20;Learners:&#x20;The&#x20;International&#x20;Conference&#x20;of&#x20;the&#x20;Learning&#x20;Sciences&#x20;(ICLS)&#x20;2016,&#x20;Volume&#x20;1.&#x20;Singapore:&#x20;International&#x20;Society&#x20;of&#x20;the&#x20;Learning&#x20;Sciences,&#x20;pp.&#x20;35-43.</dcvalue>
      <dcvalue element="identifier" qualifier="uri">info:doi&#x2F;10.22318&#x2F;icls2016.36</dcvalue>
      <dcvalue element="description" qualifier="abstract" language="en_US">This paper defines the construct of joint idea-building in collaborative learning situations, and proposes a hierarchy of sophistication levels of joint idea-building activity based on the frequency of idea-building moves and the pervasiveness of extended idea-building moves. Criteria for the sophistication levels are informed by qualitative analysis of sampled collaborative online group discussions among college students tasked with discussing their responses to course-related questions. Our findings will be used to revise our existing assessment rubric for evaluating the sophistication level of joint idea-building activity in the context of online group discussions, as well as inform future work for improving the validity of our rubric.</dcvalue>
      <dcvalue element="language" qualifier="iso" language="en_US">en</dcvalue>
      <dcvalue element="publisher" qualifier="none" language="en_US">Singapore:&#x20;International&#x20;Society&#x20;of&#x20;the&#x20;Learning&#x20;Sciences</dcvalue>
      <dcvalue element="title" qualifier="none" language="en_US">Joint Idea-Building in Online Collaborative Group Discussions</dcvalue>
      <dcvalue element="type" qualifier="none" language="en_US">Book&#x20;chapter</dcvalue>
      &lt;dc:subject xml:lang="en"&gt;joint idea-building&lt;/dc:subject&gt;
&lt;dc:subject xml:lang="en"&gt;assessment rubric&lt;/dc:subject&gt;
&lt;dc:subject xml:lang="en"&gt;collaborative learning&lt;/dc:subject&gt;
&lt;dc:subject xml:lang="en"&gt;online discussions&lt;/dc:subject&gt;
    </dublin_core>