<?xml version="1.0" encoding="utf-8" standalone="no"?>
    <dublin_core schema="dc">
    <dcvalue element="contributor" qualifier="author">Andrade, Alejandro</dcvalue>
<dcvalue element="contributor" qualifier="author">Georgen, Chris</dcvalue>
<dcvalue element="contributor" qualifier="author">Stucker, Michael</dcvalue>
      <dcvalue element="date" qualifier="accessioned">2017-06-19T10:50:27Z</dcvalue>
      <dcvalue element="date" qualifier="available">2017-06-19T10:50:27Z</dcvalue>
      <dcvalue element="date" qualifier="issued">2017-07</dcvalue>
      <dcvalue element="identifier" qualifier="citation" language="en_US">Andrade, A., Georgen, C., &amp; Stucker, M.&#x20;(2017).&#x20;Exploring a Text-Mining Approach as Rapid Prototyping Tool for Formative Assessments in Inquiry-Based Online Learning&#x20;In&#x20;Smith,&#x20;B.&#x20;K.,&#x20;Borge,&#x20;M.,&#x20;Mercier,&#x20;E.,&#x20;and&#x20;Lim,&#x20;K.&#x20;Y.&#x20;(Eds.).&#x20;(2017).&#x20;Making&#x20;a&#x20;Difference:&#x20;Prioritizing&#x20;Equity&#x20;and&#x20;Access&#x20;in&#x20;CSCL,&#x20;12th&#x20;International&#x20;Conference&#x20;on&#x20;Computer&#x20;Supported&#x20;Collaborative&#x20;Learning&#x20;(CSCL)&#x20;2017,&#x20;Volume&#x20;1.&#x20;Philadelphia,&#x20;PA:&#x20;International&#x20;Society&#x20;of&#x20;the&#x20;Learning&#x20;Sciences.</dcvalue>
      <dcvalue element="identifier" qualifier="uri">https:dx.doi.org&#x2F;10.22318&#x2F;cscl2017.23</dcvalue>
      <dcvalue element="description" qualifier="abstract" language="en_US">We make a preliminary case for a computational method intended to facilitate real-time formative assessment in online inquiry-based learning environments. With a focus on talk and text as disciplinary, we aim to address how learning analytics, in this case, text mining, can provide learners and instructors with meaningful information in rapid and real-time to support learning and engagement. Our results show that in measuring the distance between the expert and learners’ discourse from forum posts and verbal discussions, resulting similarity values can offer stakeholders evidence of student learning trajectories. Moreover, similarity values provide teachers with an automated measure of students’ progress toward disciplinary discourse, and also reveal critical moments during the collaborative activity where more alignment with disciplinary ways of talk are being enacted.</dcvalue>
      <dcvalue element="language" qualifier="iso" language="en_US">en</dcvalue>
      <dcvalue element="publisher" qualifier="none" language="en_US">Philadelphia,&#x20;PA:&#x20;International&#x20;Society&#x20;of&#x20;the&#x20;Learning&#x20;Sciences.</dcvalue>
      <dcvalue element="title" qualifier="none" language="en_US">Exploring a Text-Mining Approach as Rapid Prototyping Tool for Formative Assessments in Inquiry-Based Online Learning</dcvalue>
      <dcvalue element="type" qualifier="none" language="en_US">Book&#x20;chapter</dcvalue>
      <dc:subject xml:lang="en">Case Studies</dc:subject>
<dc:subject xml:lang="en">Descriptive Studies</dc:subject>
<dc:subject xml:lang="en">Ethnography</dc:subject>
<dc:subject xml:lang="en">Human-Computer Interaction</dc:subject>
<dc:subject xml:lang="en">Handheld/Mobile Devices</dc:subject>
<dc:subject xml:lang="en">Primary School</dc:subject>
<dc:subject xml:lang="en">Cultural-Historical Activity Theory</dc:subject>
<dc:subject xml:lang="en">Instrumentation</dc:subject>
<dc:subject xml:lang="en">Literacy</dc:subject>
<dc:subject xml:lang="en">Interaction Tool</dc:subject>
<dc:subject xml:lang="en">Education Technology</dc:subject>
    </dublin_core>