<?xml version="1.0" encoding="utf-8" standalone="no"?>
    <dublin_core schema="dc">
    <dcvalue element="contributor" qualifier="author">Tay, Wan Ying</dcvalue>
<dcvalue element="contributor" qualifier="author">Chai, Boon Yen</dcvalue>
<dcvalue element="contributor" qualifier="author">Khamis, Nur Azarina</dcvalue>
<dcvalue element="contributor" qualifier="author">Tan, Samuel</dcvalue>
<dcvalue element="contributor" qualifier="author">Teo, Chew Lee</dcvalue>
      <dcvalue element="date" qualifier="accessioned">2017-03-21T12:05:42Z</dcvalue>
      <dcvalue element="date" qualifier="available">2017-03-21T12:05:42Z</dcvalue>
      <dcvalue element="date" qualifier="issued">2016-07</dcvalue>
      <dcvalue element="identifier" qualifier="citation" language="en_US">Tay, W. Y., Chai, B. Y., Khamis, N. A., Tan, S., &amp; Teo, C. L.&#x20;(2016).&#x20;Towards a Framework of Pedagogical Paradoxes: A Phenomenographic Study of Teachers Designing Learning Experiences and Environments With ICT in Singapore Classrooms&#x20;In&#x20;Looi,&#x20;C.&#x20;K.,&#x20;Polman,&#x20;J.&#x20;L.,&#x20;Cress,&#x20;U.,&#x20;and&#x20;Reimann,&#x20;P.&#x20;(Eds.).&#x20;Transforming&#x20;Learning,&#x20;Empowering&#x20;Learners:&#x20;The&#x20;International&#x20;Conference&#x20;of&#x20;the&#x20;Learning&#x20;Sciences&#x20;(ICLS)&#x20;2016,&#x20;Volume&#x20;1.&#x20;Singapore:&#x20;International&#x20;Society&#x20;of&#x20;the&#x20;Learning&#x20;Sciences,&#x20;pp.&#x20;35-43.</dcvalue>
      <dcvalue element="identifier" qualifier="uri">info:doi&#x2F;10.22318&#x2F;icls2016.35</dcvalue>
      <dcvalue element="description" qualifier="abstract" language="en_US">This paper discusses how teachers reconcile tensions as they design learning experiences and environments with Information &amp; Communication Technologies (ICT) in Singapore classrooms. Through applying a paradoxical lens, we describe conflicting demands and contradictory considerations that teachers face. Adopting a phenomenographical approach, we examine the narratives of 2 teacher participants documented in pre- and post- lesson conferences, classroom enactments and interviews, so as to tease out variations in the ways they experienced and mediated the paradoxical tensions. Based on the findings of these tensions, a pedagogical paradoxes framework is presented, illustrating the interplay between the different dimensions of the paradoxes. By surfacing these paradoxes, we hope to draw awareness to the challenges and reconciliation in the decision-making and rationalisation process that teachers as learning designers may experience. A heightened awareness can enable teachers to consciously negotiate the paradoxes in designing different kinds of learning experiences better tailored for their students.</dcvalue>
      <dcvalue element="language" qualifier="iso" language="en_US">en</dcvalue>
      <dcvalue element="publisher" qualifier="none" language="en_US">Singapore:&#x20;International&#x20;Society&#x20;of&#x20;the&#x20;Learning&#x20;Sciences</dcvalue>
      <dcvalue element="title" qualifier="none" language="en_US">Towards a Framework of Pedagogical Paradoxes: A Phenomenographic Study of Teachers Designing Learning Experiences and Environments With ICT in Singapore Classrooms</dcvalue>
      <dcvalue element="type" qualifier="none" language="en_US">Book&#x20;chapter</dcvalue>
      &lt;dc:subject xml:lang="en"&gt;teachers&lt;/dc:subject&gt;
&lt;dc:subject xml:lang="en"&gt;design&lt;/dc:subject&gt;
&lt;dc:subject xml:lang="en"&gt;learning experiences&lt;/dc:subject&gt;
&lt;dc:subject xml:lang="en"&gt;learning environments&lt;/dc:subject&gt;
&lt;dc:subject xml:lang="en"&gt;paradoxes&lt;/dc:subject&gt;
    </dublin_core>