<?xml version="1.0" encoding="utf-8" standalone="no"?>
    <dublin_core schema="dc">
    <dcvalue element="contributor" qualifier="author">Wu, Sally P. W.</dcvalue>
<dcvalue element="contributor" qualifier="author">Rau, Martina</dcvalue>
      <dcvalue element="date" qualifier="accessioned">2017-06-19T10:50:27Z</dcvalue>
      <dcvalue element="date" qualifier="available">2017-06-19T10:50:27Z</dcvalue>
      <dcvalue element="date" qualifier="issued">2017-07</dcvalue>
      <dcvalue element="identifier" qualifier="citation" language="en_US">Wu, S. P. &amp; Rau, M.&#x20;(2017).&#x20;How Technology and Collaboration Promote Formative Feedback: A Role for CSCL Research in Active Learning Interventions&#x20;In&#x20;Smith,&#x20;B.&#x20;K.,&#x20;Borge,&#x20;M.,&#x20;Mercier,&#x20;E.,&#x20;and&#x20;Lim,&#x20;K.&#x20;Y.&#x20;(Eds.).&#x20;(2017).&#x20;Making&#x20;a&#x20;Difference:&#x20;Prioritizing&#x20;Equity&#x20;and&#x20;Access&#x20;in&#x20;CSCL,&#x20;12th&#x20;International&#x20;Conference&#x20;on&#x20;Computer&#x20;Supported&#x20;Collaborative&#x20;Learning&#x20;(CSCL)&#x20;2017,&#x20;Volume&#x20;1.&#x20;Philadelphia,&#x20;PA:&#x20;International&#x20;Society&#x20;of&#x20;the&#x20;Learning&#x20;Sciences.</dcvalue>
      <dcvalue element="identifier" qualifier="uri">https:dx.doi.org&#x2F;10.22318&#x2F;cscl2017.39</dcvalue>
      <dcvalue element="description" qualifier="abstract" language="en_US">Recent evidence for the effectiveness of active learning interventions has led educators to advocate for widespread adoption of active learning in undergraduate science, technology, engineering, and mathematics courses. Active learning interventions implement technology and collaboration to engage students actively with the content. Yet, it is unclear how these features contribute to their effectiveness. Research suggests that these features may enhance learning by providing formative feedback. To understand how technology and collaboration support learning by providing formative feedback, we conducted an observational study in a traditional and an active learning version of an undergraduate chemistry course. Results suggest that technology-provided feedback in the active learning intervention enhanced collaboration. We identify specific challenges and opportunities in technology design and active learning interventions for computer-supported collaborative learning research to address.  </dcvalue>
      <dcvalue element="language" qualifier="iso" language="en_US">en</dcvalue>
      <dcvalue element="publisher" qualifier="none" language="en_US">Philadelphia,&#x20;PA:&#x20;International&#x20;Society&#x20;of&#x20;the&#x20;Learning&#x20;Sciences.</dcvalue>
      <dcvalue element="title" qualifier="none" language="en_US">How Technology and Collaboration Promote Formative Feedback: A Role for CSCL Research in Active Learning Interventions</dcvalue>
      <dcvalue element="type" qualifier="none" language="en_US">Book&#x20;chapter</dcvalue>
      <dc:subject xml:lang="en">Collective Regulation/Socio-Metacognition</dc:subject>
<dc:subject xml:lang="en">Primary School</dc:subject>
<dc:subject xml:lang="en">Learning Analytics and Monitoring Tools</dc:subject>
<dc:subject xml:lang="en">Science Education</dc:subject>
<dc:subject xml:lang="en">Interaction Analysis</dc:subject>
<dc:subject xml:lang="en">Regulation</dc:subject>
    </dublin_core>