<?xml version="1.0" encoding="utf-8" standalone="no"?>
    <dublin_core schema="dc">
    <dcvalue element="contributor" qualifier="author">Liu, Xinyang</dcvalue>
<dcvalue element="contributor" qualifier="author">Chen, Shu</dcvalue>
<dcvalue element="contributor" qualifier="author">Jin, Yinglian</dcvalue>
<dcvalue element="contributor" qualifier="author">Pei, Xinning</dcvalue>
<dcvalue element="contributor" qualifier="author">Zheng, Tainian</dcvalue>
<dcvalue element="contributor" qualifier="author">Xiao, Sihan</dcvalue>
      <dcvalue element="date" qualifier="accessioned">2017-03-21T12:05:42Z</dcvalue>
      <dcvalue element="date" qualifier="available">2017-03-21T12:05:42Z</dcvalue>
      <dcvalue element="date" qualifier="issued">2016-07</dcvalue>
      <dcvalue element="identifier" qualifier="citation" language="en_US">Liu, X., Chen, S., Jin, Y., Pei, X., Zheng, T., &amp; Xiao, S.&#x20;(2016).&#x20;Understanding Middle School Teachers’ Processing of Student-Generated Resources in Science Classrooms&#x20;In&#x20;Looi,&#x20;C.&#x20;K.,&#x20;Polman,&#x20;J.&#x20;L.,&#x20;Cress,&#x20;U.,&#x20;and&#x20;Reimann,&#x20;P.&#x20;(Eds.).&#x20;Transforming&#x20;Learning,&#x20;Empowering&#x20;Learners:&#x20;The&#x20;International&#x20;Conference&#x20;of&#x20;the&#x20;Learning&#x20;Sciences&#x20;(ICLS)&#x20;2016,&#x20;Volume&#x20;1.&#x20;Singapore:&#x20;International&#x20;Society&#x20;of&#x20;the&#x20;Learning&#x20;Sciences,&#x20;pp.&#x20;35-43.</dcvalue>
      <dcvalue element="identifier" qualifier="uri">info:doi&#x2F;10.22318&#x2F;icls2016.53</dcvalue>
      <dcvalue element="description" qualifier="abstract" language="en_US">Teachers constantly encounter various responses generated by students in the classroom. These responses, which can be regarded as instructional “resources” that have potential value for facilitating students’ deep learning, are not fully used in teachers’ everyday practice. By proposing the notion of “student-generated resources” (SGRs) and adopting a “resources use” rather than sociolinguistic perspective, this study investigates what SGRs are there in the classroom and how teachers process them. Based on classroom observations, we identify five types of SGRs. Following the “perceive–interpret–mobilize” processing flow, teachers demonstrate three processing results (utilize, feedback, and abandon). Further, we identify three approaches of teachers’ utilization of SGRs and five approaches of their feedback to SGRs. Our findings suggest that teachers tend to give feedback to SGRs rather than utilize them as resources. This study broadens theoretical landscape about classroom resources and helps teachers take full advantage of SGRs in empowering students’ learning.</dcvalue>
      <dcvalue element="language" qualifier="iso" language="en_US">en</dcvalue>
      <dcvalue element="publisher" qualifier="none" language="en_US">Singapore:&#x20;International&#x20;Society&#x20;of&#x20;the&#x20;Learning&#x20;Sciences</dcvalue>
      <dcvalue element="title" qualifier="none" language="en_US">Understanding Middle School Teachers’ Processing of Student-Generated Resources in Science Classrooms</dcvalue>
      <dcvalue element="type" qualifier="none" language="en_US">Book&#x20;chapter</dcvalue>
      &lt;dc:subject xml:lang="en"&gt;instructional resources&lt;/dc:subject&gt;
&lt;dc:subject xml:lang="en"&gt;teaching strategy&lt;/dc:subject&gt;
&lt;dc:subject xml:lang="en"&gt;science&lt;/dc:subject&gt;
&lt;dc:subject xml:lang="en"&gt;middle school&lt;/dc:subject&gt;
    </dublin_core>