<?xml version="1.0" encoding="utf-8" standalone="no"?>
    <dublin_core schema="dc">
    <dcvalue element="contributor" qualifier="author">Wichmann, Astrid</dcvalue>
<dcvalue element="contributor" qualifier="author">Funk, Alexandra L.</dcvalue>
<dcvalue element="contributor" qualifier="author">Rummel, Nikol</dcvalue>
      <dcvalue element="date" qualifier="accessioned">2017-06-19T14:15:51Z</dcvalue>
      <dcvalue element="date" qualifier="available">2017-06-19T14:15:51Z</dcvalue>
      <dcvalue element="date" qualifier="issued">2015-07</dcvalue>
      <dcvalue element="identifier" qualifier="citation" language="en_US">Wichmann, A., Funk, A. L., &amp; Rummel, N.&#x20;(2015).&#x20;Maximizing Benefit of Peer-Feedback to Increase Feedback Uptake in Academic Writing&#x20;In&#x20; Lindwall,&#x20;O.,&#x20;Häkkinen,&#x20;P.,&#x20;Koschman,&#x20;T.&#x20;Tchounikine,&#x20;P.&#x20;&#x20;Ludvigsen,&#x20;S.&#x20;(Eds.)&#x20;(2015).&#x20;Exploring&#x20;the&#x20;Material&#x20;Conditions&#x20;of&#x20;Learning:&#x20;The&#x20;Computer&#x20;Supported&#x20;Collaborative&#x20;Learning&#x20;(CSCL)&#x20;Conference&#x20;2015,&#x20;Volume&#x20;1.&#x20;Gothenburg,&#x20;Sweden:&#x20;The&#x20;International&#x20;Society&#x20;of&#x20;the&#x20;Learning&#x20;Sciences.</dcvalue>
      <dcvalue element="identifier" qualifier="uri">https://doi.dx.org&#x2F;10.22318&#x2F;cscl2015.372</dcvalue>
      <dcvalue element="description" qualifier="abstract" language="en_US">Revising text is an essential part of the writing process. Yet, inexperienced writers revise their texts too superficially. Peer-feedback has become a popular method to provide elaborate and timely feedback to students during writing. Though peer-feedback has  shown promising results, studies also indicate that students have problems benefitting from feedback, resulting in a lack of feedback uptake and little revision. Students might need to be facilitated to make sense of feedback and reflect more deeply on it. The study investigated the effect of sense-making support on revision skills and feedback uptake. Altogether, 73 university students were assigned to a condition either with or without sense-making support. Results showed no effect on revision skills, yet results of content-analysis yielded a significant effect for two out of three feedback uptake variables. Students in the condition with sense-making support made less new errors and rejected more incorrect feedback. Sense-making support appeared to help students to some extent to maximize benefit from peer-feedback. 
</dcvalue>
      <dcvalue element="language" qualifier="iso" language="en_US">en</dcvalue>
      <dcvalue element="publisher" qualifier="none" language="en_US"> International&#x20;Society&#x20;of&#x20;the&#x20;Learning&#x20;Sciences,&#x20;Inc.&#x20;[ISLS].</dcvalue>
      <dcvalue element="title" qualifier="none" language="en_US">Maximizing Benefit of Peer-Feedback to Increase Feedback Uptake in Academic Writing</dcvalue>
      <dcvalue element="type" qualifier="none" language="en_US">Book&#x20;chapter</dcvalue>
      <dc:subject xml:lang="en">Maximizing Benefit of Peer-Feedback to Increase Feedback Uptake in Academic Writing</dc:subject>
<dc:subject xml:lang="en">peer assessment</dc:subject>
<dc:subject xml:lang="en">feedback uptake</dc:subject>
<dc:subject xml:lang="en">academic writing</dc:subject>
    </dublin_core>