<?xml version="1.0" encoding="utf-8" standalone="no"?>
    <dublin_core schema="dc">
    <dcvalue element="contributor" qualifier="author">Tomar, Gaurav Singh</dcvalue>
<dcvalue element="contributor" qualifier="author">Sankaranarayanan, Sreecharan</dcvalue>
<dcvalue element="contributor" qualifier="author">Wang, Xu</dcvalue>
<dcvalue element="contributor" qualifier="author">Rosé, Carolyn P.</dcvalue>
      <dcvalue element="date" qualifier="accessioned">2017-03-21T12:05:42Z</dcvalue>
      <dcvalue element="date" qualifier="available">2017-03-21T12:05:42Z</dcvalue>
      <dcvalue element="date" qualifier="issued">2016-07</dcvalue>
      <dcvalue element="identifier" qualifier="citation" language="en_US">Tomar, G. S., Sankaranarayanan, S., Wang, X., &amp; Rosé, C. P.&#x20;(2016).&#x20;Coordinating Collaborative Chat in Massive Open Online Courses&#x20;In&#x20;Looi,&#x20;C.&#x20;K.,&#x20;Polman,&#x20;J.&#x20;L.,&#x20;Cress,&#x20;U.,&#x20;and&#x20;Reimann,&#x20;P.&#x20;(Eds.).&#x20;Transforming&#x20;Learning,&#x20;Empowering&#x20;Learners:&#x20;The&#x20;International&#x20;Conference&#x20;of&#x20;the&#x20;Learning&#x20;Sciences&#x20;(ICLS)&#x20;2016,&#x20;Volume&#x20;1.&#x20;Singapore:&#x20;International&#x20;Society&#x20;of&#x20;the&#x20;Learning&#x20;Sciences,&#x20;pp.&#x20;35-43.</dcvalue>
      <dcvalue element="identifier" qualifier="uri">info:doi&#x2F;10.22318&#x2F;icls2016.79</dcvalue>
      <dcvalue element="description" qualifier="abstract" language="en_US">An earlier study of a collaborative chat intervention in a Massive Open Online Course (MOOC) identified negative effects on attrition stemming from a requirement for students to be matched with exactly one partner prior to beginning the activity. That study raised questions about how to orchestrate a collaborative chat intervention in a MOOC context in order to provide the benefit of synchronous social engagement without the coordination difficulties. In this paper we present a careful analysis of an intervention designed to overcome coordination difficulties by welcoming students into the chat on a rolling basis as they arrive rather than requiring them to be matched with a partner before beginning. The results suggest the most positive impact when experiencing a chat with exactly one partner rather than more or less. A qualitative analysis of the chat data reveals differential experiences between these configurations that suggests a potential explanation for the effect and raises questions for future research.</dcvalue>
      <dcvalue element="language" qualifier="iso" language="en_US">en</dcvalue>
      <dcvalue element="publisher" qualifier="none" language="en_US">Singapore:&#x20;International&#x20;Society&#x20;of&#x20;the&#x20;Learning&#x20;Sciences</dcvalue>
      <dcvalue element="title" qualifier="none" language="en_US">Coordinating Collaborative Chat in Massive Open Online Courses</dcvalue>
      <dcvalue element="type" qualifier="none" language="en_US">Book&#x20;chapter</dcvalue>
      &lt;dc:subject xml:lang="en"&gt;CSCL&lt;/dc:subject&gt;
&lt;dc:subject xml:lang="en"&gt;Collaborative Reflection&lt;/dc:subject&gt;
&lt;dc:subject xml:lang="en"&gt;Survival Analysis&lt;/dc:subject&gt;
&lt;dc:subject xml:lang="en"&gt;Massive Open Online Courses&lt;/dc:subject&gt;
    </dublin_core>