<?xml version="1.0" encoding="utf-8" standalone="no"?>
    <dublin_core schema="dc">
    <dcvalue element="contributor" qualifier="author">Georgiou, Yiannis</dcvalue>
<dcvalue element="contributor" qualifier="author">Kyza, Eleni A.</dcvalue>
      <dcvalue element="date" qualifier="accessioned">2017-06-19T10:50:27Z</dcvalue>
      <dcvalue element="date" qualifier="available">2017-06-19T10:50:27Z</dcvalue>
      <dcvalue element="date" qualifier="issued">2017-07</dcvalue>
      <dcvalue element="identifier" qualifier="citation" language="en_US">Georgiou, Y. &amp; Kyza, E. A.&#x20;(2017).&#x20;Investigating Immersion in Relation to Students’ Learning During a Collaborative Location-Based Augmented Reality Activity&#x20;In&#x20;Smith,&#x20;B.&#x20;K.,&#x20;Borge,&#x20;M.,&#x20;Mercier,&#x20;E.,&#x20;and&#x20;Lim,&#x20;K.&#x20;Y.&#x20;(Eds.).&#x20;(2017).&#x20;Making&#x20;a&#x20;Difference:&#x20;Prioritizing&#x20;Equity&#x20;and&#x20;Access&#x20;in&#x20;CSCL,&#x20;12th&#x20;International&#x20;Conference&#x20;on&#x20;Computer&#x20;Supported&#x20;Collaborative&#x20;Learning&#x20;(CSCL)&#x20;2017,&#x20;Volume&#x20;1.&#x20;Philadelphia,&#x20;PA:&#x20;International&#x20;Society&#x20;of&#x20;the&#x20;Learning&#x20;Sciences.</dcvalue>
      <dcvalue element="identifier" qualifier="uri">https:dx.doi.org&#x2F;10.22318&#x2F;cscl2017.57</dcvalue>
      <dcvalue element="description" qualifier="abstract" language="en_US">Immersion has been argued to affect students’ learning in settings such as virtual worlds and digital games. However, a review of the literature indicates a lack of empirical studies investigating immersion in relation to the learning process. The present case study characterizes students’ immersive experiences during a location-based augmented reality science activity. Two pairs of students were purposefully selected from a cohort of eighteen 11th graders, due to their diametrically opposing views about their immersive experience. The analysis of students’ discourse during the activity, and of post-activity interviews, yielded a coherent indicator of immersion. To investigate whether each pair’s immersion affected the learning process, we analyzed activity logs, discourse and learning outcome of the two pairs during the collaborative learning process. Findings show that immersion was related to the learning process, dramatically affecting students’ learning behaviors, such as collecting and interpreting the available data, as well as problem-solving patterns.</dcvalue>
      <dcvalue element="language" qualifier="iso" language="en_US">en</dcvalue>
      <dcvalue element="publisher" qualifier="none" language="en_US">Philadelphia,&#x20;PA:&#x20;International&#x20;Society&#x20;of&#x20;the&#x20;Learning&#x20;Sciences.</dcvalue>
      <dcvalue element="title" qualifier="none" language="en_US">Investigating Immersion in Relation to Students’ Learning During a Collaborative Location-Based Augmented Reality Activity</dcvalue>
      <dcvalue element="type" qualifier="none" language="en_US">Book&#x20;chapter</dcvalue>
      <dc:subject xml:lang="en">Access</dc:subject>
<dc:subject xml:lang="en">Descriptive Studies</dc:subject>
<dc:subject xml:lang="en">Surveys and Questionnaires</dc:subject>
<dc:subject xml:lang="en">MOOCS</dc:subject>
    </dublin_core>