<?xml version="1.0" encoding="utf-8" standalone="no"?>
    <dublin_core schema="dc">
    <dcvalue element="contributor" qualifier="author">Yip, Jason</dcvalue>
<dcvalue element="contributor" qualifier="author">Windleharth, Travis</dcvalue>
<dcvalue element="contributor" qualifier="author">Lee, Jin Ha</dcvalue>
      <dcvalue element="date" qualifier="accessioned">2017-06-19T10:50:27Z</dcvalue>
      <dcvalue element="date" qualifier="available">2017-06-19T10:50:27Z</dcvalue>
      <dcvalue element="date" qualifier="issued">2017-07</dcvalue>
      <dcvalue element="identifier" qualifier="citation" language="en_US">Yip, J., Windleharth, T., &amp; Lee, J. H.&#x20;(2017).&#x20;Collaborative Scientizing in Pokémon GO Online Communities&#x20;In&#x20;Smith,&#x20;B.&#x20;K.,&#x20;Borge,&#x20;M.,&#x20;Mercier,&#x20;E.,&#x20;and&#x20;Lim,&#x20;K.&#x20;Y.&#x20;(Eds.).&#x20;(2017).&#x20;Making&#x20;a&#x20;Difference:&#x20;Prioritizing&#x20;Equity&#x20;and&#x20;Access&#x20;in&#x20;CSCL,&#x20;12th&#x20;International&#x20;Conference&#x20;on&#x20;Computer&#x20;Supported&#x20;Collaborative&#x20;Learning&#x20;(CSCL)&#x20;2017,&#x20;Volume&#x20;1.&#x20;Philadelphia,&#x20;PA:&#x20;International&#x20;Society&#x20;of&#x20;the&#x20;Learning&#x20;Sciences.</dcvalue>
      <dcvalue element="identifier" qualifier="uri">https:dx.doi.org&#x2F;10.22318&#x2F;cscl2017.25</dcvalue>
      <dcvalue element="description" qualifier="abstract" language="en_US">Finding and applying science practices in everyday contexts (scientizing) is a powerful way for people to engage in science learning. This paper examines how people collaboratively scientize through a massively multiplayer mobile game called Pokémon GO. For three months, we conducted observations of online communities around Pokémon GO and examined how crowdsourcing engagements in these communities can lead to science inquiry. We adhered to the standards of a comparative case study to examine three exploratory cases of scientizing in online discussion about Pokémon GO. These examples include crowdsourcing collaborations to compare multiple data sets, countering misinformation, and creating mapping sets. We demonstrate how aspects of these online engagements follow authentic and simple science inquiry. Furthermore, the implications of our research for informal science learning are especially meaningful for understanding how Pokémon GO can be used to motivate scientizing practices in families and children.</dcvalue>
      <dcvalue element="language" qualifier="iso" language="en_US">en</dcvalue>
      <dcvalue element="publisher" qualifier="none" language="en_US">Philadelphia,&#x20;PA:&#x20;International&#x20;Society&#x20;of&#x20;the&#x20;Learning&#x20;Sciences.</dcvalue>
      <dcvalue element="title" qualifier="none" language="en_US">Collaborative Scientizing in Pokémon GO Online Communities</dcvalue>
      <dcvalue element="type" qualifier="none" language="en_US">Book&#x20;chapter</dcvalue>
      <dc:subject xml:lang="en">Multi-Touch Devices</dc:subject>
<dc:subject xml:lang="en">Experimental Studies</dc:subject>
<dc:subject xml:lang="en">Shared Knowledge</dc:subject>
<dc:subject xml:lang="en">Collaborative Problem Solving Skills</dc:subject>
    </dublin_core>