<?xml version="1.0" encoding="utf-8" standalone="no"?>
    <dublin_core schema="dc">
    <dcvalue element="contributor" qualifier="author">Madaio, Michael</dcvalue>
<dcvalue element="contributor" qualifier="author">Cassell, Justine</dcvalue>
<dcvalue element="contributor" qualifier="author">Ogan, Amy</dcvalue>
      <dcvalue element="date" qualifier="accessioned">2017-06-19T10:50:27Z</dcvalue>
      <dcvalue element="date" qualifier="available">2017-06-19T10:50:27Z</dcvalue>
      <dcvalue element="date" qualifier="issued">2017-07</dcvalue>
      <dcvalue element="identifier" qualifier="citation" language="en_US">Madaio, M., Cassell, J., &amp; Ogan, A.&#x20;(2017).&#x20;The Impact of Peer Tutors’ Use of Indirect Feedback and Instructions&#x20;In&#x20;Smith,&#x20;B.&#x20;K.,&#x20;Borge,&#x20;M.,&#x20;Mercier,&#x20;E.,&#x20;and&#x20;Lim,&#x20;K.&#x20;Y.&#x20;(Eds.).&#x20;(2017).&#x20;Making&#x20;a&#x20;Difference:&#x20;Prioritizing&#x20;Equity&#x20;and&#x20;Access&#x20;in&#x20;CSCL,&#x20;12th&#x20;International&#x20;Conference&#x20;on&#x20;Computer&#x20;Supported&#x20;Collaborative&#x20;Learning&#x20;(CSCL)&#x20;2017,&#x20;Volume&#x20;1.&#x20;Philadelphia,&#x20;PA:&#x20;International&#x20;Society&#x20;of&#x20;the&#x20;Learning&#x20;Sciences.</dcvalue>
      <dcvalue element="identifier" qualifier="uri">https:dx.doi.org&#x2F;10.22318&#x2F;cscl2017.52</dcvalue>
      <dcvalue element="description" qualifier="abstract" language="en_US">During collaborative learning, computer-supported or otherwise, students balance task-oriented goals with the interpersonal goals of relationship-building; these goals may conflict, negatively impacting learning. In peer tutoring, for instance, tutors may avoid providing feedback to their partners to avoid the face-threat to their tutee. In this paper, we explore how the interpersonal closeness between tutor and tutee impacts tutors’ use of indirectness with feedback and instructions, and the impact those moves have on tutees’ problem-solving. We found that stranger tutors use more indirect instructions and provide more positive feedback to their tutee than friend tutors, and that stranger tutees attempted and solved more problems when their tutors used indirect instructions. We found no effect for dyads of friends, suggesting that interpersonal closeness reduces the face-threat of direct instructions. These results demonstrate that designers of CSCL tools should incorporate awareness of students’ relationships into their systems, as that relationship impacts students’ collaborative learning behaviors.</dcvalue>
      <dcvalue element="language" qualifier="iso" language="en_US">en</dcvalue>
      <dcvalue element="publisher" qualifier="none" language="en_US">Philadelphia,&#x20;PA:&#x20;International&#x20;Society&#x20;of&#x20;the&#x20;Learning&#x20;Sciences.</dcvalue>
      <dcvalue element="title" qualifier="none" language="en_US">The Impact of Peer Tutors’ Use of Indirect Feedback and Instructions</dcvalue>
      <dcvalue element="type" qualifier="none" language="en_US">Book&#x20;chapter</dcvalue>
      <dc:subject xml:lang="en">Intelligent Systems</dc:subject>
<dc:subject xml:lang="en">Social Network Analysis</dc:subject>
<dc:subject xml:lang="en">Artificial Intelligence</dc:subject>
<dc:subject xml:lang="en">Linguistics</dc:subject>
    </dublin_core>