<?xml version="1.0" encoding="utf-8" standalone="no"?>
    <dublin_core schema="dc">
    <dcvalue element="contributor" qualifier="author">Wang, Xu</dcvalue>
<dcvalue element="contributor" qualifier="author">Wen, Miaomiao</dcvalue>
<dcvalue element="contributor" qualifier="author">Rose, Carolyn</dcvalue>
      <dcvalue element="date" qualifier="accessioned">2017-06-19T10:50:27Z</dcvalue>
      <dcvalue element="date" qualifier="available">2017-06-19T10:50:27Z</dcvalue>
      <dcvalue element="date" qualifier="issued">2017-07</dcvalue>
      <dcvalue element="identifier" qualifier="citation" language="en_US">Wang, X., Wen, M., &amp; Rose, C.&#x20;(2017).&#x20;Contrasting Explicit and Implicit Support for Transactive Exchange in Team Oriented Project Based Learning&#x20;In&#x20;Smith,&#x20;B.&#x20;K.,&#x20;Borge,&#x20;M.,&#x20;Mercier,&#x20;E.,&#x20;and&#x20;Lim,&#x20;K.&#x20;Y.&#x20;(Eds.).&#x20;(2017).&#x20;Making&#x20;a&#x20;Difference:&#x20;Prioritizing&#x20;Equity&#x20;and&#x20;Access&#x20;in&#x20;CSCL,&#x20;12th&#x20;International&#x20;Conference&#x20;on&#x20;Computer&#x20;Supported&#x20;Collaborative&#x20;Learning&#x20;(CSCL)&#x20;2017,&#x20;Volume&#x20;1.&#x20;Philadelphia,&#x20;PA:&#x20;International&#x20;Society&#x20;of&#x20;the&#x20;Learning&#x20;Sciences.</dcvalue>
      <dcvalue element="identifier" qualifier="uri">https:dx.doi.org&#x2F;10.22318&#x2F;cscl2017.7</dcvalue>
      <dcvalue element="description" qualifier="abstract" language="en_US">Script based support for collaborative learning may employ either explicit or implicit scaffolding. If the effect of script based support is mainly by means of its effect on collaborative processes, it would be reasonable to expect that if two forms of support manipulate the same process variable, they would provide redundant rather than synergistic effects when offered together. However, explicit forms of scaffolding may provide additional benefits from the reification of the processes that they provide, which could be received as instruction. This paper contributes to research on dynamic support for collaborative learning by proposing a novel form of micro-level prompt designed to elevate the amount of Transactive exchange. In a 2×2 factorial design, we measure the impact of this explicit form of scaffolding and an implicit form of support for Transactive exchange developed in prior work, alone and in combination in terms of impact on two key outcomes, namely collaborative product quality and acquisition of multi-perspective knowledge. In this study, the pair of manipulations provide synergistic support for group product quality, but only the explicit support contributes to acquisition of multi-perspective knowledge.</dcvalue>
      <dcvalue element="language" qualifier="iso" language="en_US">en</dcvalue>
      <dcvalue element="publisher" qualifier="none" language="en_US">Philadelphia,&#x20;PA:&#x20;International&#x20;Society&#x20;of&#x20;the&#x20;Learning&#x20;Sciences.</dcvalue>
      <dcvalue element="title" qualifier="none" language="en_US">Contrasting Explicit and Implicit Support for Transactive Exchange in Team Oriented Project Based Learning</dcvalue>
      <dcvalue element="type" qualifier="none" language="en_US">Book&#x20;chapter</dcvalue>
      <dc:subject xml:lang="en">Teacher Education</dc:subject>
<dc:subject xml:lang="en">Inquiry Learning</dc:subject>
<dc:subject xml:lang="en">Stakeholder Analysis</dc:subject>
    </dublin_core>