<?xml version="1.0" encoding="utf-8" standalone="no"?>
    <dublin_core schema="dc">
    <dcvalue element="contributor" qualifier="author">Abdu, Rotem</dcvalue>
      <dcvalue element="date" qualifier="accessioned">2017-06-19T14:15:51Z</dcvalue>
      <dcvalue element="date" qualifier="available">2017-06-19T14:15:51Z</dcvalue>
      <dcvalue element="date" qualifier="issued">2015-07</dcvalue>
      <dcvalue element="identifier" qualifier="citation" language="en_US">Abdu, R.&#x20;(2015).&#x20;The Development of Situational-Misconceptions in Math Problem Solving&#x20;In&#x20; Lindwall,&#x20;O.,&#x20;Häkkinen,&#x20;P.,&#x20;Koschman,&#x20;T.&#x20;Tchounikine,&#x20;P.&#x20;&#x20;Ludvigsen,&#x20;S.&#x20;(Eds.)&#x20;(2015).&#x20;Exploring&#x20;the&#x20;Material&#x20;Conditions&#x20;of&#x20;Learning:&#x20;The&#x20;Computer&#x20;Supported&#x20;Collaborative&#x20;Learning&#x20;(CSCL)&#x20;Conference&#x20;2015,&#x20;Volume&#x20;1.&#x20;Gothenburg,&#x20;Sweden:&#x20;The&#x20;International&#x20;Society&#x20;of&#x20;the&#x20;Learning&#x20;Sciences.</dcvalue>
      <dcvalue element="identifier" qualifier="uri">https://doi.dx.org&#x2F;10.22318&#x2F;cscl2015.154</dcvalue>
      <dcvalue element="description" qualifier="abstract" language="en_US">In this paper I use the conceptual change theoretical framework, in order to describe and evaluate the productivity of teacher's in-situ support to Situational misconceptions. I illustrate a case in which two students work together in order to solve a problem in math. The focal point is their teacher's intervention, in which she attempts to get her students out of a messy situation. This analysis helps to understand, in fine grain, the process – and consequences – of avoiding refutation of non-productive narratives, before adding new ones - in the context of math problem solving. In addition, we learn that in the process of solution, narratives might not always compete: ideas from two, or more, narratives could be forged to new Situational misconceptions. 
</dcvalue>
      <dcvalue element="language" qualifier="iso" language="en_US">en</dcvalue>
      <dcvalue element="publisher" qualifier="none" language="en_US"> International&#x20;Society&#x20;of&#x20;the&#x20;Learning&#x20;Sciences,&#x20;Inc.&#x20;[ISLS].</dcvalue>
      <dcvalue element="title" qualifier="none" language="en_US">The Development of Situational-Misconceptions in Math Problem Solving</dcvalue>
      <dcvalue element="type" qualifier="none" language="en_US">Book&#x20;chapter</dcvalue>
      <dc:subject xml:lang="en">The Development of Situational-Misconceptions in Math Problem Solving</dc:subject>
<dc:subject xml:lang="en">conceptual change</dc:subject>
<dc:subject xml:lang="en">situational misconception</dc:subject>
<dc:subject xml:lang="en">mathematical problem-solving</dc:subject>
<dc:subject xml:lang="en">competing narratives</dc:subject>
    </dublin_core>