<?xml version="1.0" encoding="utf-8" standalone="no"?>
    <dublin_core schema="dc">
    <dcvalue element="contributor" qualifier="author">Ni, Lijun</dcvalue>
<dcvalue element="contributor" qualifier="author">Martin, Fred</dcvalue>
      <dcvalue element="date" qualifier="accessioned">2017-06-19T10:50:27Z</dcvalue>
      <dcvalue element="date" qualifier="available">2017-06-19T10:50:27Z</dcvalue>
      <dcvalue element="date" qualifier="issued">2017-07</dcvalue>
      <dcvalue element="identifier" qualifier="citation" language="en_US">Ni, L. &amp; Martin, F.&#x20;(2017).&#x20;Creating Socially Relevant Mobile Apps: Infusing Computing into Middle School Curricula in Two School Districts&#x20;In&#x20;Smith,&#x20;B.&#x20;K.,&#x20;Borge,&#x20;M.,&#x20;Mercier,&#x20;E.,&#x20;and&#x20;Lim,&#x20;K.&#x20;Y.&#x20;(Eds.).&#x20;(2017).&#x20;Making&#x20;a&#x20;Difference:&#x20;Prioritizing&#x20;Equity&#x20;and&#x20;Access&#x20;in&#x20;CSCL,&#x20;12th&#x20;International&#x20;Conference&#x20;on&#x20;Computer&#x20;Supported&#x20;Collaborative&#x20;Learning&#x20;(CSCL)&#x20;2017,&#x20;Volume&#x20;1.&#x20;Philadelphia,&#x20;PA:&#x20;International&#x20;Society&#x20;of&#x20;the&#x20;Learning&#x20;Sciences.</dcvalue>
      <dcvalue element="identifier" qualifier="uri">https:dx.doi.org&#x2F;10.22318&#x2F;cscl2017.22</dcvalue>
      <dcvalue element="description" qualifier="abstract" language="en_US">In this paper, we share our experiences implementing a professional development program in two school districts with middle school teachers who integrated an introductory computer science curriculum into their teaching. The 15 to 20–hour curriculum was based on students collaboratively creating mobile apps for socially relevant purposes with MIT App Inventor. Eleven teachers infused the curriculum into technology, math, engineering, library and art courses. We investigated how teachers modified the curriculum to fit their respective standards and students’ needs. We discuss the challenges they faced and propose ways of addressing these barriers. We found that the teachers were successful in combining digital literacy skills with computer science—not only to facilitate students’ learning, but also to connect with their diverse ethnic backgrounds and their contemporary passions.</dcvalue>
      <dcvalue element="language" qualifier="iso" language="en_US">en</dcvalue>
      <dcvalue element="publisher" qualifier="none" language="en_US">Philadelphia,&#x20;PA:&#x20;International&#x20;Society&#x20;of&#x20;the&#x20;Learning&#x20;Sciences.</dcvalue>
      <dcvalue element="title" qualifier="none" language="en_US">Creating Socially Relevant Mobile Apps: Infusing Computing into Middle School Curricula in Two School Districts</dcvalue>
      <dcvalue element="type" qualifier="none" language="en_US">Book&#x20;chapter</dcvalue>
      <dc:subject xml:lang="en">Human-Computer Interaction</dc:subject>
<dc:subject xml:lang="en">Identity and Community</dc:subject>
<dc:subject xml:lang="en">Virtual Communities</dc:subject>
<dc:subject xml:lang="en">Online Learning</dc:subject>
    </dublin_core>