<?xml version="1.0" encoding="utf-8" standalone="no"?>
    <dublin_core schema="dc">
    <dcvalue element="contributor" qualifier="author">Kelly, Susan B.</dcvalue>
<dcvalue element="contributor" qualifier="author">Lawrence, LuEttaMae</dcvalue>
<dcvalue element="contributor" qualifier="author">Mercier, Emma</dcvalue>
      <dcvalue element="date" qualifier="accessioned">2017-06-19T10:52:18Z</dcvalue>
      <dcvalue element="date" qualifier="available">2017-06-19T10:52:18Z</dcvalue>
      <dcvalue element="date" qualifier="issued">2017-07</dcvalue>
      <dcvalue element="identifier" qualifier="citation" language="en_US">Kelly, S. B., Lawrence, L., &amp; Mercier, E.&#x20;(2017).&#x20;Engaging Everyday Science Knowledge to Help Make Sense of Data&#x20;In&#x20;Smith,&#x20;B.&#x20;K.,&#x20;Borge,&#x20;M.,&#x20;Mercier,&#x20;E.,&#x20;and&#x20;Lim,&#x20;K.&#x20;Y.&#x20;(Eds.).&#x20;(2017).&#x20;Making&#x20;a&#x20;Difference:&#x20;Prioritizing&#x20;Equity&#x20;and&#x20;Access&#x20;in&#x20;CSCL,&#x20;12th&#x20;International&#x20;Conference&#x20;on&#x20;Computer&#x20;Supported&#x20;Collaborative&#x20;Learning&#x20;(CSCL)&#x20;2017,&#x20;Volume&#x20;2.&#x20;Philadelphia,&#x20;PA:&#x20;International&#x20;Society&#x20;of&#x20;the&#x20;Learning&#x20;Sciences.</dcvalue>
      <dcvalue element="identifier" qualifier="uri">https:dx.doi.org&#x2F;10.22318&#x2F;cscl2017.83</dcvalue>
      <dcvalue element="description" qualifier="abstract" language="en_US">Making sense of data to inform decisions is an important skill emphasized in current curriculum documents (NRC, 2012).  Making sense of data through personal experiences and prior knowledge is one way that students can begin to understand multiple and unfamiliar data sources. This paper examines how middle school students used different data sources when engaged in a collaborative problem solving activity using a multi-touch table during classroom science instruction.  In this study, we found that students made personal connections when talking about data. Students engaged in data talk across all conversation quality levels, but the ways students interacted and talked about data varied. Connecting to students’ everyday experiences could provide an access point for more complex science content understanding and synthesis and improve student data literacy skills. \  \ Keywords:  collaborative learning, data literacy, contextualizing science instruction \ </dcvalue>
      <dcvalue element="language" qualifier="iso" language="en_US">en</dcvalue>
      <dcvalue element="publisher" qualifier="none" language="en_US">Philadelphia,&#x20;PA:&#x20;International&#x20;Society&#x20;of&#x20;the&#x20;Learning&#x20;Sciences.</dcvalue>
      <dcvalue element="title" qualifier="none" language="en_US">Engaging Everyday Science Knowledge to Help Make Sense of Data</dcvalue>
      <dcvalue element="type" qualifier="none" language="en_US">Book&#x20;chapter</dcvalue>
      <dc:subject xml:lang="en">Argumentation</dc:subject>
<dc:subject xml:lang="en">Discourse Analysis</dc:subject>
<dc:subject xml:lang="en">Informal Learning Settings</dc:subject>
<dc:subject xml:lang="en">Constructivism/Constructionism</dc:subject>
<dc:subject xml:lang="en">Interaction Analysis</dc:subject>
    </dublin_core>