<?xml version="1.0" encoding="utf-8" standalone="no"?>
    <dublin_core schema="dc">
    <dcvalue element="contributor" qualifier="author">Lee, Victor R.</dcvalue>
      <dcvalue element="date" qualifier="accessioned">2017-03-21T12:05:42Z</dcvalue>
      <dcvalue element="date" qualifier="available">2017-03-21T12:05:42Z</dcvalue>
      <dcvalue element="date" qualifier="issued">2016-07</dcvalue>
      <dcvalue element="identifier" qualifier="citation" language="en_US">Lee, V. R.&#x20;(2016).&#x20;A Knowledge Analytic Comparison of Cued Primitives When Students Are Explaining Predicted and Enacted Motions&#x20;In&#x20;Looi,&#x20;C.&#x20;K.,&#x20;Polman,&#x20;J.&#x20;L.,&#x20;Cress,&#x20;U.,&#x20;and&#x20;Reimann,&#x20;P.&#x20;(Eds.).&#x20;Transforming&#x20;Learning,&#x20;Empowering&#x20;Learners:&#x20;The&#x20;International&#x20;Conference&#x20;of&#x20;the&#x20;Learning&#x20;Sciences&#x20;(ICLS)&#x20;2016,&#x20;Volume&#x20;1.&#x20;Singapore:&#x20;International&#x20;Society&#x20;of&#x20;the&#x20;Learning&#x20;Sciences,&#x20;pp.&#x20;35-43.</dcvalue>
      <dcvalue element="identifier" qualifier="uri">info:doi&#x2F;10.22318&#x2F;icls2016.24</dcvalue>
      <dcvalue element="description" qualifier="abstract" language="en_US">The Knowledge in Pieces theoretical perspective posits p-prims as an important knowledge element in intuitive reasoning. Because p-prims are a class of knowledge elements developed and abstracted from everyday physical experiences, it seems plausible that immediate physical experiences, both in terms of sensations and actual observations of motion, would cue knowledge in different ways than when those experiences are just discussed as hypotheticals. This paper presents two cases to show that immediate embodied experiences with everyday objects does change which p-prims are cued and how they are deployed by students to explain situations involving motion. These cases come from a corpus of videorecorded interviews with high school students who were asked to explain predicted and enacted motions that involved deliberate sensory engagement with their bodies. Findings suggest that a connection is indeed present, and learners’ embodied experiences should be leveraged in future work to support conceptual change in science.</dcvalue>
      <dcvalue element="language" qualifier="iso" language="en_US">en</dcvalue>
      <dcvalue element="publisher" qualifier="none" language="en_US">Singapore:&#x20;International&#x20;Society&#x20;of&#x20;the&#x20;Learning&#x20;Sciences</dcvalue>
      <dcvalue element="title" qualifier="none" language="en_US">A Knowledge Analytic Comparison of Cued Primitives When Students Are Explaining Predicted and Enacted Motions</dcvalue>
      <dcvalue element="type" qualifier="none" language="en_US">Book&#x20;chapter</dcvalue>
      &lt;dc:subject xml:lang="en"&gt;conceptual change&lt;/dc:subject&gt;
&lt;dc:subject xml:lang="en"&gt;embodied cognition&lt;/dc:subject&gt;
&lt;dc:subject xml:lang="en"&gt;p-prims&lt;/dc:subject&gt;
&lt;dc:subject xml:lang="en"&gt;knowledge in pieces&lt;/dc:subject&gt;
    </dublin_core>