<?xml version="1.0" encoding="utf-8" standalone="no"?>
    <dublin_core schema="dc">
    <dcvalue element="contributor" qualifier="author">Rehak, Andi M.</dcvalue>
<dcvalue element="contributor" qualifier="author">Gomoll, Andrea S.</dcvalue>
<dcvalue element="contributor" qualifier="author">Hmelo-Silver, Cindy E.</dcvalue>
<dcvalue element="contributor" qualifier="author">Danish, Joshua A.</dcvalue>
      <dcvalue element="date" qualifier="accessioned">2017-03-21T12:05:42Z</dcvalue>
      <dcvalue element="date" qualifier="available">2017-03-21T12:05:42Z</dcvalue>
      <dcvalue element="date" qualifier="issued">2016-07</dcvalue>
      <dcvalue element="identifier" qualifier="citation" language="en_US">Rehak, A. M., Gomoll, A. S., Hmelo-Silver, C. E., &amp; Danish, J. A.&#x20;(2016).&#x20;Developing Pre-Service Teachers’ Professional Vision Through Collaborative Multimedia Artifacts&#x20;In&#x20;Looi,&#x20;C.&#x20;K.,&#x20;Polman,&#x20;J.&#x20;L.,&#x20;Cress,&#x20;U.,&#x20;and&#x20;Reimann,&#x20;P.&#x20;(Eds.).&#x20;Transforming&#x20;Learning,&#x20;Empowering&#x20;Learners:&#x20;The&#x20;International&#x20;Conference&#x20;of&#x20;the&#x20;Learning&#x20;Sciences&#x20;(ICLS)&#x20;2016,&#x20;Volume&#x20;1.&#x20;Singapore:&#x20;International&#x20;Society&#x20;of&#x20;the&#x20;Learning&#x20;Sciences,&#x20;pp.&#x20;35-43.</dcvalue>
      <dcvalue element="identifier" qualifier="uri">info:doi&#x2F;10.22318&#x2F;icls2016.19</dcvalue>
      <dcvalue element="description" qualifier="abstract" language="en_US">Effective teachers are constantly adapting their classroom practice to best meet students’ needs. However, it is difficult to adapt one’s teaching practices without first noticing the key features of classroom activity. This kind of noticing—professional vision—is   a cultivated skill that requires a combination of understanding theory and experience with practice. When theory-practice connections are not strong, teachers tend to fall back on “what works.” Demands to support pre-service teachers in developing stronger theory-practice connections are increasing, yet this remains a challenging goal. The qualitative analysis presented in this paper offers insight into how creation of multimedia artifacts can support pre-service teachers in connecting theory to practice while developing their professional vision. Findings suggest the process of creating and collaboratively refining multimedia artifacts in small groups improves pre-service teachers’ ability to make theory-practice connections and provides opportunity for them to exercise their emerging professional vision. </dcvalue>
      <dcvalue element="language" qualifier="iso" language="en_US">en</dcvalue>
      <dcvalue element="publisher" qualifier="none" language="en_US">Singapore:&#x20;International&#x20;Society&#x20;of&#x20;the&#x20;Learning&#x20;Sciences</dcvalue>
      <dcvalue element="title" qualifier="none" language="en_US">Developing Pre-Service Teachers’ Professional Vision Through Collaborative Multimedia Artifacts</dcvalue>
      <dcvalue element="type" qualifier="none" language="en_US">Book&#x20;chapter</dcvalue>
      &lt;dc:subject xml:lang="en"&gt;pre-service teachers&lt;/dc:subject&gt;
&lt;dc:subject xml:lang="en"&gt;collaborative learning&lt;/dc:subject&gt;
&lt;dc:subject xml:lang="en"&gt;professional vision&lt;/dc:subject&gt;
&lt;dc:subject xml:lang="en"&gt;activity theory&lt;/dc:subject&gt;
    </dublin_core>