<?xml version="1.0" encoding="utf-8" standalone="no"?>
    <dublin_core schema="dc">
    <dcvalue element="contributor" qualifier="author">Shinohara, Kristen</dcvalue>
<dcvalue element="contributor" qualifier="author">Bennett, Cynthia L.</dcvalue>
<dcvalue element="contributor" qualifier="author">Wobbrock, Jacob O.</dcvalue>
<dcvalue element="contributor" qualifier="author">Pratt, Wanda</dcvalue>
      <dcvalue element="date" qualifier="accessioned">2017-06-19T10:50:27Z</dcvalue>
      <dcvalue element="date" qualifier="available">2017-06-19T10:50:27Z</dcvalue>
      <dcvalue element="date" qualifier="issued">2017-07</dcvalue>
      <dcvalue element="identifier" qualifier="citation" language="en_US">Shinohara, K., Bennett, C. L., Wobbrock, J. O., &amp; Pratt, W.&#x20;(2017).&#x20;Teaching Accessibility in a Technology Design Course&#x20;In&#x20;Smith,&#x20;B.&#x20;K.,&#x20;Borge,&#x20;M.,&#x20;Mercier,&#x20;E.,&#x20;and&#x20;Lim,&#x20;K.&#x20;Y.&#x20;(Eds.).&#x20;(2017).&#x20;Making&#x20;a&#x20;Difference:&#x20;Prioritizing&#x20;Equity&#x20;and&#x20;Access&#x20;in&#x20;CSCL,&#x20;12th&#x20;International&#x20;Conference&#x20;on&#x20;Computer&#x20;Supported&#x20;Collaborative&#x20;Learning&#x20;(CSCL)&#x20;2017,&#x20;Volume&#x20;1.&#x20;Philadelphia,&#x20;PA:&#x20;International&#x20;Society&#x20;of&#x20;the&#x20;Learning&#x20;Sciences.</dcvalue>
      <dcvalue element="identifier" qualifier="uri">https:dx.doi.org&#x2F;10.22318&#x2F;cscl2017.34</dcvalue>
      <dcvalue element="description" qualifier="abstract" language="en_US">The goal of college computer science and informatics design curricula is to prepare the next generation of technology designers. While accessibility is considered important for technology users with disabilities, it is treated as a niche or stigmatized subdomain of technology design. As a result, traditional computer science and informatics curricula do not expose students to the needs of diverse users, and students transition to the workforce unaware of the importance and impact of accessible design. We incorporated accessibility as part of a design thinking course and observed student learning. We sought to challenge notions of accessibility as a niche area, learn methods and barriers for including accessibility in the curricula, and identify impacts on student learning. We found that students grasped general design concepts while designing for users with and without disabilities, and they faced challenges specific to designing for both populations in concert. Contributions include insights for future courses in accessibility and design and challenges facilitating accessible user-centered design process. </dcvalue>
      <dcvalue element="language" qualifier="iso" language="en_US">en</dcvalue>
      <dcvalue element="publisher" qualifier="none" language="en_US">Philadelphia,&#x20;PA:&#x20;International&#x20;Society&#x20;of&#x20;the&#x20;Learning&#x20;Sciences.</dcvalue>
      <dcvalue element="title" qualifier="none" language="en_US">Teaching Accessibility in a Technology Design Course</dcvalue>
      <dcvalue element="type" qualifier="none" language="en_US">Book&#x20;chapter</dcvalue>
      <dc:subject xml:lang="en">University</dc:subject>
<dc:subject xml:lang="en">Action Research</dc:subject>
<dc:subject xml:lang="en">Ethnography</dc:subject>
<dc:subject xml:lang="en">Learning Outcomes</dc:subject>
<dc:subject xml:lang="en">Inquiry Learning</dc:subject>
<dc:subject xml:lang="en">Scaffolding</dc:subject>
<dc:subject xml:lang="en">Behaviorism</dc:subject>
<dc:subject xml:lang="en">Cloud Computing</dc:subject>
<dc:subject xml:lang="en">Motivation</dc:subject>
<dc:subject xml:lang="en">Innovative Interfaces</dc:subject>
<dc:subject xml:lang="en">Engagement</dc:subject>
<dc:subject xml:lang="en">Skill Development</dc:subject>
    </dublin_core>