<?xml version="1.0" encoding="utf-8" standalone="no"?>
    <dublin_core schema="dc">
    <dcvalue element="contributor" qualifier="author">Olsen, Jennifer K.</dcvalue>
<dcvalue element="contributor" qualifier="author">Rummel, Nikol</dcvalue>
<dcvalue element="contributor" qualifier="author">Aleven, Vincent</dcvalue>
      <dcvalue element="date" qualifier="accessioned">2017-06-19T10:50:27Z</dcvalue>
      <dcvalue element="date" qualifier="available">2017-06-19T10:50:27Z</dcvalue>
      <dcvalue element="date" qualifier="issued">2017-07</dcvalue>
      <dcvalue element="identifier" qualifier="citation" language="en_US">Olsen, J. K., Rummel, N., &amp; Aleven, V.&#x20;(2017).&#x20;Learning Alone or Together? A Combination Can Be Best!&#x20;In&#x20;Smith,&#x20;B.&#x20;K.,&#x20;Borge,&#x20;M.,&#x20;Mercier,&#x20;E.,&#x20;and&#x20;Lim,&#x20;K.&#x20;Y.&#x20;(Eds.).&#x20;(2017).&#x20;Making&#x20;a&#x20;Difference:&#x20;Prioritizing&#x20;Equity&#x20;and&#x20;Access&#x20;in&#x20;CSCL,&#x20;12th&#x20;International&#x20;Conference&#x20;on&#x20;Computer&#x20;Supported&#x20;Collaborative&#x20;Learning&#x20;(CSCL)&#x20;2017,&#x20;Volume&#x20;1.&#x20;Philadelphia,&#x20;PA:&#x20;International&#x20;Society&#x20;of&#x20;the&#x20;Learning&#x20;Sciences.</dcvalue>
      <dcvalue element="identifier" qualifier="uri">https:dx.doi.org&#x2F;10.22318&#x2F;cscl2017.16</dcvalue>
      <dcvalue element="description" qualifier="abstract" language="en_US">Collaborative and individual learning are both frequently used in classrooms to support learning. However, little research has investigated the benefits of combining individual and collaborative learning, as compared to learning only individually or only collaboratively. With our study, we address this research gap. We compared a combined condition to individual-only or collaborative-only learning conditions using intelligent tutoring systems for fractions. The study was conducted with 382 4th and 5th grade students. Students across all three conditions had significant learning gains. However, the combined condition had higher learning gains than the individual or collaborative condition. This difference was more pronounced for 4th grade students than for 5th grade students. In addition, we found that students in the combined condition expressed higher situational interest in the activity compared to those working individually and the same as students working only collaboratively. Through a combination, we may support better student learning. </dcvalue>
      <dcvalue element="language" qualifier="iso" language="en_US">en</dcvalue>
      <dcvalue element="publisher" qualifier="none" language="en_US">Philadelphia,&#x20;PA:&#x20;International&#x20;Society&#x20;of&#x20;the&#x20;Learning&#x20;Sciences.</dcvalue>
      <dcvalue element="title" qualifier="none" language="en_US">Learning Alone or Together? A Combination Can Be Best!</dcvalue>
      <dcvalue element="type" qualifier="none" language="en_US">Book&#x20;chapter</dcvalue>
      <dc:subject xml:lang="en">Access</dc:subject>
<dc:subject xml:lang="en">Primary School</dc:subject>
<dc:subject xml:lang="en">Virtual Communities</dc:subject>
<dc:subject xml:lang="en">Knowledge Building</dc:subject>
<dc:subject xml:lang="en">Usability Test</dc:subject>
<dc:subject xml:lang="en">Early Childhood Education</dc:subject>
<dc:subject xml:lang="en">Education Technology</dc:subject>
<dc:subject xml:lang="en">Diversity and Inclusion</dc:subject>
<dc:subject xml:lang="en">Assistive Technology</dc:subject>
<dc:subject xml:lang="en">Multi-Touch Devices</dc:subject>
<dc:subject xml:lang="en">Information Sharing</dc:subject>
    </dublin_core>