<?xml version="1.0" encoding="utf-8" standalone="no"?>
    <dublin_core schema="dc">
    <dcvalue element="contributor" qualifier="author">Noroozi, Omid</dcvalue>
<dcvalue element="contributor" qualifier="author">Hatami, Javad</dcvalue>
<dcvalue element="contributor" qualifier="author">Mulder, Martin</dcvalue>
<dcvalue element="contributor" qualifier="author">Biemans, Harm</dcvalue>
      <dcvalue element="date" qualifier="accessioned">2017-06-19T10:52:18Z</dcvalue>
      <dcvalue element="date" qualifier="available">2017-06-19T10:52:18Z</dcvalue>
      <dcvalue element="date" qualifier="issued">2017-07</dcvalue>
      <dcvalue element="identifier" qualifier="citation" language="en_US">Noroozi, O., Hatami, J., Mulder, M., &amp; Biemans, H.&#x20;(2017).&#x20;To What Extent Students’ Epistemic Beliefs Influence Their Engagement in Argumentative Discourse and Attitudinal Change&#x20;In&#x20;Smith,&#x20;B.&#x20;K.,&#x20;Borge,&#x20;M.,&#x20;Mercier,&#x20;E.,&#x20;and&#x20;Lim,&#x20;K.&#x20;Y.&#x20;(Eds.).&#x20;(2017).&#x20;Making&#x20;a&#x20;Difference:&#x20;Prioritizing&#x20;Equity&#x20;and&#x20;Access&#x20;in&#x20;CSCL,&#x20;12th&#x20;International&#x20;Conference&#x20;on&#x20;Computer&#x20;Supported&#x20;Collaborative&#x20;Learning&#x20;(CSCL)&#x20;2017,&#x20;Volume&#x20;2.&#x20;Philadelphia,&#x20;PA:&#x20;International&#x20;Society&#x20;of&#x20;the&#x20;Learning&#x20;Sciences.</dcvalue>
      <dcvalue element="identifier" qualifier="uri">https:dx.doi.org&#x2F;10.22318&#x2F;cscl2017.71</dcvalue>
      <dcvalue element="description" qualifier="abstract" language="en_US">This study investigates how students with various epistemic beliefs engage in argumentative discourse and shift their attitude within a digital dialogue game. Participants were randomly assigned to groups of four or five and asked to argue and explore various perspectives of four controversial issues of environmental education in four consecutive weeks that each lasted 90 minutes. Epistemic beliefs of students were seen to be an important factor for the way they engage in argumentative discourse and also their attitudinal change. </dcvalue>
      <dcvalue element="language" qualifier="iso" language="en_US">en</dcvalue>
      <dcvalue element="publisher" qualifier="none" language="en_US">Philadelphia,&#x20;PA:&#x20;International&#x20;Society&#x20;of&#x20;the&#x20;Learning&#x20;Sciences.</dcvalue>
      <dcvalue element="title" qualifier="none" language="en_US">To What Extent Students’ Epistemic Beliefs Influence Their Engagement in Argumentative Discourse and Attitudinal Change</dcvalue>
      <dcvalue element="type" qualifier="none" language="en_US">Book&#x20;chapter</dcvalue>
      <dc:subject xml:lang="en">Secondary School</dc:subject>
<dc:subject xml:lang="en">Case Studies</dc:subject>
<dc:subject xml:lang="en">Surveys and Questionnaires</dc:subject>
<dc:subject xml:lang="en">Video Analysis</dc:subject>
<dc:subject xml:lang="en">Equity and Gender</dc:subject>
<dc:subject xml:lang="en">Identity and Community</dc:subject>
<dc:subject xml:lang="en">Contextual Design</dc:subject>
<dc:subject xml:lang="en">Education Technology</dc:subject>
<dc:subject xml:lang="en">Culturally Relevant Pedagogy/Design</dc:subject>
<dc:subject xml:lang="en">Diversity and Inclusion</dc:subject>
<dc:subject xml:lang="en">Game-based Media</dc:subject>
    </dublin_core>