<?xml version="1.0" encoding="utf-8" standalone="no"?>
    <dublin_core schema="dc">
    <dcvalue element="contributor" qualifier="author">Plevinski, Justin</dcvalue>
<dcvalue element="contributor" qualifier="author">Weible, Jennifer</dcvalue>
<dcvalue element="contributor" qualifier="author">DeSchryver, Michael</dcvalue>
      <dcvalue element="date" qualifier="accessioned">2017-06-19T10:50:27Z</dcvalue>
      <dcvalue element="date" qualifier="available">2017-06-19T10:50:27Z</dcvalue>
      <dcvalue element="date" qualifier="issued">2017-07</dcvalue>
      <dcvalue element="identifier" qualifier="citation" language="en_US">Plevinski, J., Weible, J., &amp; DeSchryver, M.&#x20;(2017).&#x20;Anchored Annotation to Support Collaborative Knowledge Construction&#x20;In&#x20;Smith,&#x20;B.&#x20;K.,&#x20;Borge,&#x20;M.,&#x20;Mercier,&#x20;E.,&#x20;and&#x20;Lim,&#x20;K.&#x20;Y.&#x20;(Eds.).&#x20;(2017).&#x20;Making&#x20;a&#x20;Difference:&#x20;Prioritizing&#x20;Equity&#x20;and&#x20;Access&#x20;in&#x20;CSCL,&#x20;12th&#x20;International&#x20;Conference&#x20;on&#x20;Computer&#x20;Supported&#x20;Collaborative&#x20;Learning&#x20;(CSCL)&#x20;2017,&#x20;Volume&#x20;1.&#x20;Philadelphia,&#x20;PA:&#x20;International&#x20;Society&#x20;of&#x20;the&#x20;Learning&#x20;Sciences.</dcvalue>
      <dcvalue element="identifier" qualifier="uri">https:dx.doi.org&#x2F;10.22318&#x2F;cscl2017.18</dcvalue>
      <dcvalue element="description" qualifier="abstract" language="en_US">Online discussion forums have been shown to support collaborative reflection, critique, and construction of knowledge.  However, when these discussions are reading-centered and hosted in traditional threaded discussion forums, it is often difficult to maintain focus on the readings themselves, as well as navigating the difficulty of attributing ideas to just one discussion post within a thread. This study demonstrates how an anchored annotation system was used in a first semester online, asynchronous doctoral course to support more effective reading-centered knowledge construction. We investigated the discussion activities of 12 online doctoral students as they explored seven articles during two non-consecutive weeks.  Through analysis of 591 student comments and replies, we examined how students used the anchoring system as a support to help make sense of the articles. We found that using anchored annotation reduced coordination activities and supported knowledge construction, particularly interpretation and elaboration of ideas. </dcvalue>
      <dcvalue element="language" qualifier="iso" language="en_US">en</dcvalue>
      <dcvalue element="publisher" qualifier="none" language="en_US">Philadelphia,&#x20;PA:&#x20;International&#x20;Society&#x20;of&#x20;the&#x20;Learning&#x20;Sciences.</dcvalue>
      <dcvalue element="title" qualifier="none" language="en_US">Anchored Annotation to Support Collaborative Knowledge Construction</dcvalue>
      <dcvalue element="type" qualifier="none" language="en_US">Book&#x20;chapter</dcvalue>
      <dc:subject xml:lang="en">Broadening Participation</dc:subject>
<dc:subject xml:lang="en">Scenario-Based Design</dc:subject>
<dc:subject xml:lang="en">Simulations</dc:subject>
<dc:subject xml:lang="en">Design-Based Research</dc:subject>
    </dublin_core>