<?xml version="1.0" encoding="utf-8" standalone="no"?>
    <dublin_core schema="dc">
    <dcvalue element="contributor" qualifier="author">Zhang, Jianwei</dcvalue>
<dcvalue element="contributor" qualifier="author">Bogouslavsky, Maria</dcvalue>
<dcvalue element="contributor" qualifier="author">Yuan, Guangji</dcvalue>
      <dcvalue element="date" qualifier="accessioned">2017-06-19T10:50:27Z</dcvalue>
      <dcvalue element="date" qualifier="available">2017-06-19T10:50:27Z</dcvalue>
      <dcvalue element="date" qualifier="issued">2017-07</dcvalue>
      <dcvalue element="identifier" qualifier="citation" language="en_US">Zhang, J., Bogouslavsky, M., &amp; Yuan, G.&#x20;(2017).&#x20;Cross-Community Interaction for Knowledge Building in Two Grade 5/6 Classrooms&#x20;In&#x20;Smith,&#x20;B.&#x20;K.,&#x20;Borge,&#x20;M.,&#x20;Mercier,&#x20;E.,&#x20;and&#x20;Lim,&#x20;K.&#x20;Y.&#x20;(Eds.).&#x20;(2017).&#x20;Making&#x20;a&#x20;Difference:&#x20;Prioritizing&#x20;Equity&#x20;and&#x20;Access&#x20;in&#x20;CSCL,&#x20;12th&#x20;International&#x20;Conference&#x20;on&#x20;Computer&#x20;Supported&#x20;Collaborative&#x20;Learning&#x20;(CSCL)&#x20;2017,&#x20;Volume&#x20;1.&#x20;Philadelphia,&#x20;PA:&#x20;International&#x20;Society&#x20;of&#x20;the&#x20;Learning&#x20;Sciences.</dcvalue>
      <dcvalue element="identifier" qualifier="uri">https:dx.doi.org&#x2F;10.22318&#x2F;cscl2017.55</dcvalue>
      <dcvalue element="description" qualifier="abstract" language="en_US">This study explores cross-community interaction in two Grade 5/6 knowledge building communities. The two classrooms studied human body systems with the support of Knowledge Forum over a 10-week period. As the students conducted focused inquiry and discourse within their own community, they reviewed productive threads of ideas and posted syntheses in a cross-community space, as synthetic boundary objects. A set of idea thread syntheses from previous classrooms studying human body systems was also posted in the cross-community space. Qualitative analyses of classroom videos, online discourse, and interviews provide a rich description of how the students conceived, generated, and interacted around the synthetic boundary objects for knowledge building across communities.</dcvalue>
      <dcvalue element="language" qualifier="iso" language="en_US">en</dcvalue>
      <dcvalue element="publisher" qualifier="none" language="en_US">Philadelphia,&#x20;PA:&#x20;International&#x20;Society&#x20;of&#x20;the&#x20;Learning&#x20;Sciences.</dcvalue>
      <dcvalue element="title" qualifier="none" language="en_US">Cross-Community Interaction for Knowledge Building in Two Grade 5/6 Classrooms</dcvalue>
      <dcvalue element="type" qualifier="none" language="en_US">Book&#x20;chapter</dcvalue>
      <dc:subject xml:lang="en">Teacher Education</dc:subject>
<dc:subject xml:lang="en">Primary School</dc:subject>
<dc:subject xml:lang="en">University</dc:subject>
<dc:subject xml:lang="en">Workplace</dc:subject>
<dc:subject xml:lang="en">Technical Proof of Concept</dc:subject>
<dc:subject xml:lang="en">Innovative Design Approach</dc:subject>
<dc:subject xml:lang="en">Education Technology</dc:subject>
<dc:subject xml:lang="en">Process Support</dc:subject>
<dc:subject xml:lang="en">Skill Development</dc:subject>
    </dublin_core>