<?xml version="1.0" encoding="utf-8" standalone="no"?>
    <dublin_core schema="dc">
    <dcvalue element="contributor" qualifier="author">Yip, Jason C.</dcvalue>
<dcvalue element="contributor" qualifier="author">Gonzalez, Carmen</dcvalue>
<dcvalue element="contributor" qualifier="author">Katz, Vikki</dcvalue>
      <dcvalue element="date" qualifier="accessioned">2017-03-21T12:05:42Z</dcvalue>
      <dcvalue element="date" qualifier="available">2017-03-21T12:05:42Z</dcvalue>
      <dcvalue element="date" qualifier="issued">2016-07</dcvalue>
      <dcvalue element="identifier" qualifier="citation" language="en_US">Yip, J. C., Gonzalez, C., &amp; Katz, V.&#x20;(2016).&#x20;The Learning Experiences of Youth Online Information Brokers&#x20;In&#x20;Looi,&#x20;C.&#x20;K.,&#x20;Polman,&#x20;J.&#x20;L.,&#x20;Cress,&#x20;U.,&#x20;and&#x20;Reimann,&#x20;P.&#x20;(Eds.).&#x20;Transforming&#x20;Learning,&#x20;Empowering&#x20;Learners:&#x20;The&#x20;International&#x20;Conference&#x20;of&#x20;the&#x20;Learning&#x20;Sciences&#x20;(ICLS)&#x20;2016,&#x20;Volume&#x20;1.&#x20;Singapore:&#x20;International&#x20;Society&#x20;of&#x20;the&#x20;Learning&#x20;Sciences,&#x20;pp.&#x20;35-43.</dcvalue>
      <dcvalue element="identifier" qualifier="uri">info:doi&#x2F;10.22318&#x2F;icls2016.48</dcvalue>
      <dcvalue element="description" qualifier="abstract" language="en_US">In the U.S., there is a large proportion of families where one or both parents are English language learners (ELL). Children in these families often serve important roles as brokers, by engaging their linguistic capabilities, cultural familiarity, and technological skills to bridge their families’ access to information resources. Despite the central role that child brokers play, scholars know little about how they search for, interpret, and translate online information. Using data from an exploratory study with Latino youth (ages 11-14) that involved interviews, online search tasks, and group discussions, we investigate the learning processes, challenges, and strategies that youth employ as they broker online information for their ELL parents. </dcvalue>
      <dcvalue element="language" qualifier="iso" language="en_US">en</dcvalue>
      <dcvalue element="publisher" qualifier="none" language="en_US">Singapore:&#x20;International&#x20;Society&#x20;of&#x20;the&#x20;Learning&#x20;Sciences</dcvalue>
      <dcvalue element="title" qualifier="none" language="en_US">The Learning Experiences of Youth Online Information Brokers</dcvalue>
      <dcvalue element="type" qualifier="none" language="en_US">Book&#x20;chapter</dcvalue>
      &lt;dc:subject xml:lang="en"&gt;Information search&lt;/dc:subject&gt;
&lt;dc:subject xml:lang="en"&gt;English language learning&lt;/dc:subject&gt;
&lt;dc:subject xml:lang="en"&gt;digital literacy&lt;/dc:subject&gt;
&lt;dc:subject xml:lang="en"&gt;family learning&lt;/dc:subject&gt;
    </dublin_core>