<?xml version="1.0" encoding="utf-8" standalone="no"?>
    <dublin_core schema="dc">
    <dcvalue element="contributor" qualifier="author">Thompson, Kate</dcvalue>
<dcvalue element="contributor" qualifier="author">Dawes, Les</dcvalue>
<dcvalue element="contributor" qualifier="author">Doyle, Tanya</dcvalue>
<dcvalue element="contributor" qualifier="author">Kanasa, Harry</dcvalue>
<dcvalue element="contributor" qualifier="author">Nickels, Katherine</dcvalue>
<dcvalue element="contributor" qualifier="author">Nutchey, David</dcvalue>
      <dcvalue element="date" qualifier="accessioned">2017-06-19T10:52:18Z</dcvalue>
      <dcvalue element="date" qualifier="available">2017-06-19T10:52:18Z</dcvalue>
      <dcvalue element="date" qualifier="issued">2017-07</dcvalue>
      <dcvalue element="identifier" qualifier="citation" language="en_US">Thompson, K., Dawes, L., Doyle, T., Kanasa, H., Nickels, K., &amp; Nutchey, D.&#x20;(2017).&#x20;Collaborating With Stakeholders in STEM Studios&#x20;In&#x20;Smith,&#x20;B.&#x20;K.,&#x20;Borge,&#x20;M.,&#x20;Mercier,&#x20;E.,&#x20;and&#x20;Lim,&#x20;K.&#x20;Y.&#x20;(Eds.).&#x20;(2017).&#x20;Making&#x20;a&#x20;Difference:&#x20;Prioritizing&#x20;Equity&#x20;and&#x20;Access&#x20;in&#x20;CSCL,&#x20;12th&#x20;International&#x20;Conference&#x20;on&#x20;Computer&#x20;Supported&#x20;Collaborative&#x20;Learning&#x20;(CSCL)&#x20;2017,&#x20;Volume&#x20;2.&#x20;Philadelphia,&#x20;PA:&#x20;International&#x20;Society&#x20;of&#x20;the&#x20;Learning&#x20;Sciences.</dcvalue>
      <dcvalue element="identifier" qualifier="uri">https:dx.doi.org&#x2F;10.22318&#x2F;cscl2017.93</dcvalue>
      <dcvalue element="description" qualifier="abstract" language="en_US">Studio-based learning provides an environment in which a collaborative, problem-based approach to learning Science, Technology, Engineering and Mathematics (STEM) is encouraged. In this project, the STEM Studio approach was used with school students in formal and informal learning environments for preservice teacher education. Building on research from orchestration and learning analytics identifying stakeholders, and part of a nationally funded, multi-institutional project, we examine the complexity and diversity of communities in three STEM Studios. Using multiple data sources, the aim of this paper is to identify the stakeholders and the relationships between them in order to visualize the complexity of the networks and to compare (1) changes in networks over time; (2) differences between the learning contexts; and (3) the implications for preservice teacher education.</dcvalue>
      <dcvalue element="language" qualifier="iso" language="en_US">en</dcvalue>
      <dcvalue element="publisher" qualifier="none" language="en_US">Philadelphia,&#x20;PA:&#x20;International&#x20;Society&#x20;of&#x20;the&#x20;Learning&#x20;Sciences.</dcvalue>
      <dcvalue element="title" qualifier="none" language="en_US">Collaborating With Stakeholders in STEM Studios</dcvalue>
      <dcvalue element="type" qualifier="none" language="en_US">Book&#x20;chapter</dcvalue>
      <dc:subject xml:lang="en">Design Thinking</dc:subject>
<dc:subject xml:lang="en">University</dc:subject>
<dc:subject xml:lang="en">Constructivism/Constructionism</dc:subject>
    </dublin_core>