<?xml version="1.0" encoding="utf-8" standalone="no"?>
    <dublin_core schema="dc">
    <dcvalue element="contributor" qualifier="author">Ma, Leanne</dcvalue>
<dcvalue element="contributor" qualifier="author">Matsuzawa, Yoshiaki</dcvalue>
<dcvalue element="contributor" qualifier="author">Chen, Bodong</dcvalue>
<dcvalue element="contributor" qualifier="author">Scardamalia, Marlene</dcvalue>
      <dcvalue element="date" qualifier="accessioned">2017-03-21T12:05:42Z</dcvalue>
      <dcvalue element="date" qualifier="available">2017-03-21T12:05:42Z</dcvalue>
      <dcvalue element="date" qualifier="issued">2016-07</dcvalue>
      <dcvalue element="identifier" qualifier="citation" language="en_US">Ma, L., Matsuzawa, Y., Chen, B., &amp; Scardamalia, M.&#x20;(2016).&#x20;Community Knowledge, Collective Responsibility: The Emergence of Rotating Leadership in Three Knowledge Building Communities&#x20;In&#x20;Looi,&#x20;C.&#x20;K.,&#x20;Polman,&#x20;J.&#x20;L.,&#x20;Cress,&#x20;U.,&#x20;and&#x20;Reimann,&#x20;P.&#x20;(Eds.).&#x20;Transforming&#x20;Learning,&#x20;Empowering&#x20;Learners:&#x20;The&#x20;International&#x20;Conference&#x20;of&#x20;the&#x20;Learning&#x20;Sciences&#x20;(ICLS)&#x20;2016,&#x20;Volume&#x20;1.&#x20;Singapore:&#x20;International&#x20;Society&#x20;of&#x20;the&#x20;Learning&#x20;Sciences,&#x20;pp.&#x20;35-43.</dcvalue>
      <dcvalue element="identifier" qualifier="uri">info:doi&#x2F;10.22318&#x2F;icls2016.80</dcvalue>
      <dcvalue element="description" qualifier="abstract" language="en_US">Developing cultural capacity for innovation is an educational imperative. The challenge in schools is to foster a culture of sustained, creative work with ideas, as in out-of-school Collaborative Innovation Networks (COINs) and cyberteams that self-organize to create knowledge. In this study, we examined the online knowledge work of three Knowledge Building classes, where young students assumed collective responsibility for creating and improving their community knowledge. We adopted the COIN concept of rotating leadership to visualize collective responsibility for knowledge advancement. Using a mixed methods approach, we conducted social and temporal network analyses, then content analyses of student notes to further assess cases of student leadership. Overall, we found relatively decentralized student networks, with most students leading the group at different points in time; when leading, students were connecting unique ideas to the larger class discussion. We discuss our findings within the context of designing embedded, transformative assessment for knowledge building communities.</dcvalue>
      <dcvalue element="language" qualifier="iso" language="en_US">en</dcvalue>
      <dcvalue element="publisher" qualifier="none" language="en_US">Singapore:&#x20;International&#x20;Society&#x20;of&#x20;the&#x20;Learning&#x20;Sciences</dcvalue>
      <dcvalue element="title" qualifier="none" language="en_US">Community Knowledge, Collective Responsibility: The Emergence of Rotating Leadership in Three Knowledge Building Communities</dcvalue>
      <dcvalue element="type" qualifier="none" language="en_US">Book&#x20;chapter</dcvalue>
      &lt;dc:subject xml:lang="en"&gt;Knowledge Building; Collaborative Innovation Network; collective responsibility; rotating leadership; self-organization; knowledge creation; innovation&lt;/dc:subject&gt;
    </dublin_core>