<?xml version="1.0" encoding="utf-8" standalone="no"?>
    <dublin_core schema="dc">
    <dcvalue element="contributor" qualifier="author">Kim, Beaumie</dcvalue>
      <dcvalue element="date" qualifier="accessioned">2017-06-19T14:51:54Z</dcvalue>
      <dcvalue element="date" qualifier="available">2017-06-19T14:51:54Z</dcvalue>
      <dcvalue element="date" qualifier="issued">2015-07</dcvalue>
      <dcvalue element="identifier" qualifier="citation" language="en_US">Kim, B.&#x20;(2015).&#x20;Playing with Gameful Activities and Assessments:  Avatars and Experience Points in a Graduate Course&#x20;In&#x20; Lindwall,&#x20;O.,&#x20;Häkkinen,&#x20;P.,&#x20;Koschman,&#x20;T.&#x20;Tchounikine,&#x20;P.&#x20;&#x20;Ludvigsen,&#x20;S.&#x20;(Eds.)&#x20;(2015).&#x20;Exploring&#x20;the&#x20;Material&#x20;Conditions&#x20;of&#x20;Learning:&#x20;The&#x20;Computer&#x20;Supported&#x20;Collaborative&#x20;Learning&#x20;(CSCL)&#x20;Conference&#x20;2015,&#x20;Volume&#x20;2.&#x20;Gothenburg,&#x20;Sweden:&#x20;The&#x20;International&#x20;Society&#x20;of&#x20;the&#x20;Learning&#x20;Sciences.</dcvalue>
      <dcvalue element="identifier" qualifier="uri">https://doi.dx.org&#x2F;10.22318&#x2F;cscl2015.137</dcvalue>
      <dcvalue element="description" qualifier="abstract" language="en_US">The community of learning scientists is increasingly valuing games and game-based learning environments to engage players and learners in their pursuits. In higher education, instructors, especially those who teach game-related topics, attempt to incorporate game principles into the course activities and assessments, and found their efforts motivational for students. I argue that participating in gameful assessments and activities are important for teachers, not only to explore new ways of designing learning experiences, but also to better understand the gaming context of young people they work with. This paper introduces the design of a course that engaged graduate students in the concepts and practices of game-based learning. Specifically, I discuss the design of using avatars and gaining experience points as part of their course activities and assessments mediated by a social media technology, and how learners were engaged in the course in a gameful manner. 
</dcvalue>
      <dcvalue element="language" qualifier="iso" language="en_US">en</dcvalue>
      <dcvalue element="publisher" qualifier="none" language="en_US"> International&#x20;Society&#x20;of&#x20;the&#x20;Learning&#x20;Sciences,&#x20;Inc.&#x20;[ISLS].</dcvalue>
      <dcvalue element="title" qualifier="none" language="en_US">Playing with Gameful Activities and Assessments:  Avatars and Experience Points in a Graduate Course</dcvalue>
      <dcvalue element="type" qualifier="none" language="en_US">Book&#x20;chapter</dcvalue>
      <dc:subject xml:lang="en">gameful assessment</dc:subject>
<dc:subject xml:lang="en">graduate course</dc:subject>
<dc:subject xml:lang="en">avatar</dc:subject>
<dc:subject xml:lang="en">game-based learning</dc:subject>
    </dublin_core>