<?xml version="1.0" encoding="utf-8" standalone="no"?>
    <dublin_core schema="dc">
    <dcvalue element="contributor" qualifier="author">Peleg, Ran</dcvalue>
<dcvalue element="contributor" qualifier="author">Levy, Sharona T</dcvalue>
<dcvalue element="contributor" qualifier="author">Lahav, Orly</dcvalue>
<dcvalue element="contributor" qualifier="author">Chagab, Noha</dcvalue>
<dcvalue element="contributor" qualifier="author">Talis, Vadim</dcvalue>
      <dcvalue element="date" qualifier="accessioned">2017-03-21T12:05:42Z</dcvalue>
      <dcvalue element="date" qualifier="available">2017-03-21T12:05:42Z</dcvalue>
      <dcvalue element="date" qualifier="issued">2016-07</dcvalue>
      <dcvalue element="identifier" qualifier="citation" language="en_US">Peleg, R., Levy, S. T., Lahav, O., Chagab, N., &amp; Talis, V.&#x20;(2016).&#x20;Listening Versus Looking: Learning About Dynamic Complex Systems in Science Among Blind and Sighted Students&#x20;In&#x20;Looi,&#x20;C.&#x20;K.,&#x20;Polman,&#x20;J.&#x20;L.,&#x20;Cress,&#x20;U.,&#x20;and&#x20;Reimann,&#x20;P.&#x20;(Eds.).&#x20;Transforming&#x20;Learning,&#x20;Empowering&#x20;Learners:&#x20;The&#x20;International&#x20;Conference&#x20;of&#x20;the&#x20;Learning&#x20;Sciences&#x20;(ICLS)&#x20;2016,&#x20;Volume&#x20;1.&#x20;Singapore:&#x20;International&#x20;Society&#x20;of&#x20;the&#x20;Learning&#x20;Sciences,&#x20;pp.&#x20;35-43.</dcvalue>
      <dcvalue element="identifier" qualifier="uri">info:doi&#x2F;10.22318&#x2F;icls2016.67</dcvalue>
      <dcvalue element="description" qualifier="abstract" language="en_US">Listening to Complexity (L2C) is a novel sonified representation of complex systems that addresses the lack of exploratory materials in science for students who are blind. It complements agent-based models of systems by representing a micro-level individual’s properties, events and location, together with macro-level variables of the system. The study examines whether this perceptual compensation creates a comparable learning environment. Students who are blind worked with auditory models; sighted students used visual models. Conceptual understanding and systems reasoning were assessed with pre- and post-test questionnaires. Learning processes were captured by analyzing their workbook writings. The L2C environment not only supported blind students’ learning similarly, but also furthered their learning with one of the more challenging concepts, diffusion. Some concepts relating to the micro-level were learned earlier among the blind students. It seems that auditory representation increases sensitivity to the micro-level interactions in a way less accessible in visual representations.</dcvalue>
      <dcvalue element="language" qualifier="iso" language="en_US">en</dcvalue>
      <dcvalue element="publisher" qualifier="none" language="en_US">Singapore:&#x20;International&#x20;Society&#x20;of&#x20;the&#x20;Learning&#x20;Sciences</dcvalue>
      <dcvalue element="title" qualifier="none" language="en_US">Listening Versus Looking: Learning About Dynamic Complex Systems in Science Among Blind and Sighted Students</dcvalue>
      <dcvalue element="type" qualifier="none" language="en_US">Book&#x20;chapter</dcvalue>
      &lt;dc:subject xml:lang="en"&gt;science education&lt;/dc:subject&gt;
&lt;dc:subject xml:lang="en"&gt;model-based learning&lt;/dc:subject&gt;
&lt;dc:subject xml:lang="en"&gt;complex systems&lt;/dc:subject&gt;
&lt;dc:subject xml:lang="en"&gt;disability&lt;/dc:subject&gt;
    </dublin_core>