<?xml version="1.0" encoding="utf-8" standalone="no"?>
    <dublin_core schema="dc">
    <dcvalue element="contributor" qualifier="author">Grover, Shuchi</dcvalue>
<dcvalue element="contributor" qualifier="author">Pea, Roy</dcvalue>
      <dcvalue element="date" qualifier="accessioned">2017-03-21T12:05:42Z</dcvalue>
      <dcvalue element="date" qualifier="available">2017-03-21T12:05:42Z</dcvalue>
      <dcvalue element="date" qualifier="issued">2016-07</dcvalue>
      <dcvalue element="identifier" qualifier="citation" language="en_US">Grover, S. &amp; Pea, R.&#x20;(2016).&#x20;Designing a Blended, Middle School Computer Science Course for Deeper Learning: A Design-Based Research Approach&#x20;In&#x20;Looi,&#x20;C.&#x20;K.,&#x20;Polman,&#x20;J.&#x20;L.,&#x20;Cress,&#x20;U.,&#x20;and&#x20;Reimann,&#x20;P.&#x20;(Eds.).&#x20;Transforming&#x20;Learning,&#x20;Empowering&#x20;Learners:&#x20;The&#x20;International&#x20;Conference&#x20;of&#x20;the&#x20;Learning&#x20;Sciences&#x20;(ICLS)&#x20;2016,&#x20;Volume&#x20;1.&#x20;Singapore:&#x20;International&#x20;Society&#x20;of&#x20;the&#x20;Learning&#x20;Sciences,&#x20;pp.&#x20;35-43.</dcvalue>
      <dcvalue element="identifier" qualifier="uri">info:doi&#x2F;10.22318&#x2F;icls2016.90</dcvalue>
      <dcvalue element="description" qualifier="abstract" language="en_US">As computer science (CS) thunders its way into K-12 classrooms, lack of teachers to teach CS and pedagogically sound computing curricula remain significant challenges. This paper describes a design-based research (DBR) approach to create and refine a 7-week middle school introductory CS course—Foundations for Advancing Computational Thinking (FACT)—informed by research in the learning sciences and computing education, and designed for blended in-class learning using online materials created on the OpenEdX platform. The paper shares FACT’s success in achieving a balanced pedagogy to meet its goals for deeper learning of algorithmic concepts, and identifies areas for improvements.</dcvalue>
      <dcvalue element="language" qualifier="iso" language="en_US">en</dcvalue>
      <dcvalue element="publisher" qualifier="none" language="en_US">Singapore:&#x20;International&#x20;Society&#x20;of&#x20;the&#x20;Learning&#x20;Sciences</dcvalue>
      <dcvalue element="title" qualifier="none" language="en_US">Designing a Blended, Middle School Computer Science Course for Deeper Learning: A Design-Based Research Approach</dcvalue>
      <dcvalue element="type" qualifier="none" language="en_US">Book&#x20;chapter</dcvalue>
      &lt;dc:subject xml:lang="en"&gt;design-based research&lt;/dc:subject&gt;
&lt;dc:subject xml:lang="en"&gt;computer science education&lt;/dc:subject&gt;
&lt;dc:subject xml:lang="en"&gt;deeper school&lt;/dc:subject&gt;
&lt;dc:subject xml:lang="en"&gt;blended learning&lt;/dc:subject&gt;
    </dublin_core>