<?xml version="1.0" encoding="utf-8" standalone="no"?>
    <dublin_core schema="dc">
    <dcvalue element="contributor" qualifier="author">Portolese, Alisha</dcvalue>
<dcvalue element="contributor" qualifier="author">Markauskaite, Lina</dcvalue>
<dcvalue element="contributor" qualifier="author">Lai, Polly K.</dcvalue>
<dcvalue element="contributor" qualifier="author">Jacobson, Michael J.</dcvalue>
      <dcvalue element="date" qualifier="accessioned">2017-03-21T12:05:42Z</dcvalue>
      <dcvalue element="date" qualifier="available">2017-03-21T12:05:42Z</dcvalue>
      <dcvalue element="date" qualifier="issued">2016-07</dcvalue>
      <dcvalue element="identifier" qualifier="citation" language="en_US">Portolese, A., Markauskaite, L., Lai, P. K., &amp; Jacobson, M. J.&#x20;(2016).&#x20;Analyzing Patterns of Emerging Understanding and Misunderstanding in Collaborative Science Learning:  A Method for Unpacking Critical Turning Points&#x20;In&#x20;Looi,&#x20;C.&#x20;K.,&#x20;Polman,&#x20;J.&#x20;L.,&#x20;Cress,&#x20;U.,&#x20;and&#x20;Reimann,&#x20;P.&#x20;(Eds.).&#x20;Transforming&#x20;Learning,&#x20;Empowering&#x20;Learners:&#x20;The&#x20;International&#x20;Conference&#x20;of&#x20;the&#x20;Learning&#x20;Sciences&#x20;(ICLS)&#x20;2016,&#x20;Volume&#x20;1.&#x20;Singapore:&#x20;International&#x20;Society&#x20;of&#x20;the&#x20;Learning&#x20;Sciences,&#x20;pp.&#x20;35-43.</dcvalue>
      <dcvalue element="identifier" qualifier="uri">info:doi&#x2F;10.22318&#x2F;icls2016.54</dcvalue>
      <dcvalue element="description" qualifier="abstract" language="en_US">When students learn science in a computer-supported, collaborative, delayed-instruction environment, how does understanding (and misunderstanding) emerge? Are there patterns in the pivotal moments when emerging understanding turns for the better or worse? While components such as modeling software, delayed instruction methods such as productive failure, and analogical-encoding methods such as contrasting cases have all been shown effective at supporting deep learning in science, little is known about the micro-level mechanisms explaining how and why students might be more or less successful when working in an environment combining all three. This paper details our refinements of an innovative method for unpacking the micro-level mechanisms contributing to turning points in the successes and failures in collaborative understanding when learning science with computer modeling. In unpacking our methodology, we discuss work including Sanderson and Fisher’s (1994) exploratory sequential data analysis (ESDA) guidelines and the productive multivocality project (Suthers, 2013) to frame our approach. </dcvalue>
      <dcvalue element="language" qualifier="iso" language="en_US">en</dcvalue>
      <dcvalue element="publisher" qualifier="none" language="en_US">Singapore:&#x20;International&#x20;Society&#x20;of&#x20;the&#x20;Learning&#x20;Sciences</dcvalue>
      <dcvalue element="title" qualifier="none" language="en_US">Analyzing Patterns of Emerging Understanding and Misunderstanding in Collaborative Science Learning:  A Method for Unpacking Critical Turning Points</dcvalue>
      <dcvalue element="type" qualifier="none" language="en_US">Book&#x20;chapter</dcvalue>
      &lt;dc:subject xml:lang="en"&gt;collaborative learning&lt;/dc:subject&gt;
&lt;dc:subject xml:lang="en"&gt;delayed instruction&lt;/dc:subject&gt;
&lt;dc:subject xml:lang="en"&gt;science education&lt;/dc:subject&gt;
&lt;dc:subject xml:lang="en"&gt;pivotal moments&lt;/dc:subject&gt;
    </dublin_core>