<?xml version="1.0" encoding="utf-8" standalone="no"?>
    <dublin_core schema="dc">
    <dcvalue element="contributor" qualifier="author">Martin, Nicole D.</dcvalue>
<dcvalue element="contributor" qualifier="author">Gnesdilow, Dana</dcvalue>
<dcvalue element="contributor" qualifier="author">Puntambekar, Sadhana</dcvalue>
      <dcvalue element="date" qualifier="accessioned">2017-06-19T14:15:51Z</dcvalue>
      <dcvalue element="date" qualifier="available">2017-06-19T14:15:51Z</dcvalue>
      <dcvalue element="date" qualifier="issued">2015-07</dcvalue>
      <dcvalue element="identifier" qualifier="citation" language="en_US">Martin, N. D., Gnesdilow, D., &amp; Puntambekar, S.&#x20;(2015).&#x20;Peer Scaffolding to Learn Science in Symmetrical Groups Collaborating Over Time&#x20;In&#x20; Lindwall,&#x20;O.,&#x20;Häkkinen,&#x20;P.,&#x20;Koschman,&#x20;T.&#x20;Tchounikine,&#x20;P.&#x20;&#x20;Ludvigsen,&#x20;S.&#x20;(Eds.)&#x20;(2015).&#x20;Exploring&#x20;the&#x20;Material&#x20;Conditions&#x20;of&#x20;Learning:&#x20;The&#x20;Computer&#x20;Supported&#x20;Collaborative&#x20;Learning&#x20;(CSCL)&#x20;Conference&#x20;2015,&#x20;Volume&#x20;1.&#x20;Gothenburg,&#x20;Sweden:&#x20;The&#x20;International&#x20;Society&#x20;of&#x20;the&#x20;Learning&#x20;Sciences.</dcvalue>
      <dcvalue element="identifier" qualifier="uri">https://doi.dx.org&#x2F;10.22318&#x2F;cscl2015.320</dcvalue>
      <dcvalue element="description" qualifier="abstract" language="en_US">While educators often assume that students working together in symmetrical groups support each other’s learning, this scaffolding may look very different from scaffolding in asymmetrical relationships. Little is known about how students in symmetrical groups support one another to learn. We examined scaffolding interactions of two symmetrical groups of students as they worked on physics simulations over time. We analyzed the interactions within each group to understand how students support their peers to learn science. We found that students in Group A had a significantly greater proportion of scaffolding discourse than students in Group B, but there were no significant differences in students’ learning gains between the two groups. However, we found that one student in each group emerged as a more dominant scaffolder by driving the discourse and helping the group move forward with the task; this student made the most learning gains in each group.
</dcvalue>
      <dcvalue element="language" qualifier="iso" language="en_US">en</dcvalue>
      <dcvalue element="publisher" qualifier="none" language="en_US"> International&#x20;Society&#x20;of&#x20;the&#x20;Learning&#x20;Sciences,&#x20;Inc.&#x20;[ISLS].</dcvalue>
      <dcvalue element="title" qualifier="none" language="en_US">Peer Scaffolding to Learn Science in Symmetrical Groups Collaborating Over Time</dcvalue>
      <dcvalue element="type" qualifier="none" language="en_US">Book&#x20;chapter</dcvalue>
      <dc:subject xml:lang="en">Peer Scaffolding to Learn Science in Symmetrical Groups Collaborating Over Time</dc:subject>
<dc:subject xml:lang="en">scaffolding</dc:subject>
<dc:subject xml:lang="en">symmetrical peers</dc:subject>
<dc:subject xml:lang="en">collaboration</dc:subject>
<dc:subject xml:lang="en">science education</dc:subject>
    </dublin_core>