<?xml version="1.0" encoding="utf-8" standalone="no"?>
    <dublin_core schema="dc">
    <dcvalue element="contributor" qualifier="author">Dado, Marielle</dcvalue>
<dcvalue element="contributor" qualifier="author">Hecking, Tobias</dcvalue>
<dcvalue element="contributor" qualifier="author">Bodemer, Daniel</dcvalue>
<dcvalue element="contributor" qualifier="author">Hoppe, H. Ulrich</dcvalue>
      <dcvalue element="date" qualifier="accessioned">2017-06-19T10:50:27Z</dcvalue>
      <dcvalue element="date" qualifier="available">2017-06-19T10:50:27Z</dcvalue>
      <dcvalue element="date" qualifier="issued">2017-07</dcvalue>
      <dcvalue element="identifier" qualifier="citation" language="en_US">Dado, M., Hecking, T., Bodemer, D., &amp; Hoppe, H. U.&#x20;(2017).&#x20;On the Adoption of Social Network Analysis Methods in CSCL Research – A Network Analysis&#x20;In&#x20;Smith,&#x20;B.&#x20;K.,&#x20;Borge,&#x20;M.,&#x20;Mercier,&#x20;E.,&#x20;and&#x20;Lim,&#x20;K.&#x20;Y.&#x20;(Eds.).&#x20;(2017).&#x20;Making&#x20;a&#x20;Difference:&#x20;Prioritizing&#x20;Equity&#x20;and&#x20;Access&#x20;in&#x20;CSCL,&#x20;12th&#x20;International&#x20;Conference&#x20;on&#x20;Computer&#x20;Supported&#x20;Collaborative&#x20;Learning&#x20;(CSCL)&#x20;2017,&#x20;Volume&#x20;1.&#x20;Philadelphia,&#x20;PA:&#x20;International&#x20;Society&#x20;of&#x20;the&#x20;Learning&#x20;Sciences.</dcvalue>
      <dcvalue element="identifier" qualifier="uri">https:dx.doi.org&#x2F;10.22318&#x2F;cscl2017.40</dcvalue>
      <dcvalue element="description" qualifier="abstract" language="en_US">Originating from mathematical sociology, social network analysis (SNA) is a method for analyzing and representing relational structures in online communities. SNA applications in learning settings and CSCL scenarios are growing in popularity, which is in-line with new trends in learning analytics. For the CSCL research community, the adoption of SNA techniques as part of the methodological repertoire requires adequate understanding of the core concepts, their potential contributions, and limitations. We started from the hypotheses that (1) most applications of SNA in CSCL research make use of a small set of basic methods; and (2) the discourse related to SNA is partly inadequate or imprecise. To further analyze and corroborate these “issue hypotheses” we have used network analysis techniques in order to reveal relations between SNA measures and specific aspects of CSCL research (activities, contexts, research methods) based on a corpus of 90 published studies. Based on the results we pinpoint specific issues and outline new opportunities.</dcvalue>
      <dcvalue element="language" qualifier="iso" language="en_US">en</dcvalue>
      <dcvalue element="publisher" qualifier="none" language="en_US">Philadelphia,&#x20;PA:&#x20;International&#x20;Society&#x20;of&#x20;the&#x20;Learning&#x20;Sciences.</dcvalue>
      <dcvalue element="title" qualifier="none" language="en_US">On the Adoption of Social Network Analysis Methods in CSCL Research – A Network Analysis</dcvalue>
      <dcvalue element="type" qualifier="none" language="en_US">Book&#x20;chapter</dcvalue>
      <dc:subject xml:lang="en">Simulations</dc:subject>
<dc:subject xml:lang="en">Collaborative Problem Solving Skills</dc:subject>
<dc:subject xml:lang="en">Science Education</dc:subject>
<dc:subject xml:lang="en">Scaffolding</dc:subject>
    </dublin_core>