<?xml version="1.0" encoding="utf-8" standalone="no"?>
    <dublin_core schema="dc">
    <dcvalue element="contributor" qualifier="author">Vedder-Weiss, Dana</dcvalue>
      <dcvalue element="date" qualifier="accessioned">2017-03-21T12:05:42Z</dcvalue>
      <dcvalue element="date" qualifier="available">2017-03-21T12:05:42Z</dcvalue>
      <dcvalue element="date" qualifier="issued">2016-07</dcvalue>
      <dcvalue element="identifier" qualifier="citation" language="en_US">Vedder-Weiss, D.&#x20;(2016).&#x20;Multiple Legitimate Language Games in Family Serendipitous Science Engagement&#x20;In&#x20;Looi,&#x20;C.&#x20;K.,&#x20;Polman,&#x20;J.&#x20;L.,&#x20;Cress,&#x20;U.,&#x20;and&#x20;Reimann,&#x20;P.&#x20;(Eds.).&#x20;Transforming&#x20;Learning,&#x20;Empowering&#x20;Learners:&#x20;The&#x20;International&#x20;Conference&#x20;of&#x20;the&#x20;Learning&#x20;Sciences&#x20;(ICLS)&#x20;2016,&#x20;Volume&#x20;1.&#x20;Singapore:&#x20;International&#x20;Society&#x20;of&#x20;the&#x20;Learning&#x20;Sciences,&#x20;pp.&#x20;35-43.</dcvalue>
      <dcvalue element="identifier" qualifier="uri">info:doi&#x2F;10.22318&#x2F;icls2016.8</dcvalue>
      <dcvalue element="description" qualifier="abstract" language="en_US">In this paper, I explore the nature of family-based Serendipitous Science Engagement, analyzing a case of three children and a mother engaging with bugs they discovered in their yard. Employing linguistic ethnography methods, the analysis reveals how the absence of designated goals afforded legitimate multiple "language games", which supported each other. Guided participation entailed authentic sense-making modeling and gradual participation in the sense-making game, without abandoning other games. Theoretical and practical implications are discussed.</dcvalue>
      <dcvalue element="language" qualifier="iso" language="en_US">en</dcvalue>
      <dcvalue element="publisher" qualifier="none" language="en_US">Singapore:&#x20;International&#x20;Society&#x20;of&#x20;the&#x20;Learning&#x20;Sciences</dcvalue>
      <dcvalue element="title" qualifier="none" language="en_US">Multiple Legitimate Language Games in Family Serendipitous Science Engagement</dcvalue>
      <dcvalue element="type" qualifier="none" language="en_US">Book&#x20;chapter</dcvalue>
      &lt;dc:subject xml:lang="en"&gt;family learning&lt;/dc:subject&gt;
&lt;dc:subject xml:lang="en"&gt;informal science learning&lt;/dc:subject&gt;
&lt;dc:subject xml:lang="en"&gt;language game&lt;/dc:subject&gt;
&lt;dc:subject xml:lang="en"&gt;linguistic ethnography&lt;/dc:subject&gt;
    </dublin_core>