<?xml version="1.0" encoding="utf-8" standalone="no"?>
    <dublin_core schema="dc">
    <dcvalue element="contributor" qualifier="author">Wright, Kenneth</dcvalue>
<dcvalue element="contributor" qualifier="author">Pallant, Amy</dcvalue>
<dcvalue element="contributor" qualifier="author">Lee, Hee-Sun</dcvalue>
      <dcvalue element="date" qualifier="accessioned">2017-06-19T10:52:18Z</dcvalue>
      <dcvalue element="date" qualifier="available">2017-06-19T10:52:18Z</dcvalue>
      <dcvalue element="date" qualifier="issued">2017-07</dcvalue>
      <dcvalue element="identifier" qualifier="citation" language="en_US">Wright, K., Pallant, A., &amp; Lee, H.&#x20;(2017).&#x20;Appropriating a Climate Science Discourse About Uncertainty in Online Lessons&#x20;In&#x20;Smith,&#x20;B.&#x20;K.,&#x20;Borge,&#x20;M.,&#x20;Mercier,&#x20;E.,&#x20;and&#x20;Lim,&#x20;K.&#x20;Y.&#x20;(Eds.).&#x20;(2017).&#x20;Making&#x20;a&#x20;Difference:&#x20;Prioritizing&#x20;Equity&#x20;and&#x20;Access&#x20;in&#x20;CSCL,&#x20;12th&#x20;International&#x20;Conference&#x20;on&#x20;Computer&#x20;Supported&#x20;Collaborative&#x20;Learning&#x20;(CSCL)&#x20;2017,&#x20;Volume&#x20;2.&#x20;Philadelphia,&#x20;PA:&#x20;International&#x20;Society&#x20;of&#x20;the&#x20;Learning&#x20;Sciences.</dcvalue>
      <dcvalue element="identifier" qualifier="uri">https:dx.doi.org&#x2F;10.22318&#x2F;cscl2017.82</dcvalue>
      <dcvalue element="description" qualifier="abstract" language="en_US">In an online lesson on climate change, pairs of students make claims in the context of uncertainties, using graphs from authentic scientific publications designed originally for public use. As students grapple with describing and delimiting sources of uncertainty discerned from these rather sophisticated graphs, they migrate from attributing uncertainty to themselves to climate-related phenomena. The dialogue between students appears to be instrumental in the strengthening of uncertainty-based claims and explanations. </dcvalue>
      <dcvalue element="language" qualifier="iso" language="en_US">en</dcvalue>
      <dcvalue element="publisher" qualifier="none" language="en_US">Philadelphia,&#x20;PA:&#x20;International&#x20;Society&#x20;of&#x20;the&#x20;Learning&#x20;Sciences.</dcvalue>
      <dcvalue element="title" qualifier="none" language="en_US">Appropriating a Climate Science Discourse About Uncertainty in Online Lessons</dcvalue>
      <dcvalue element="type" qualifier="none" language="en_US">Book&#x20;chapter</dcvalue>
      <dc:subject xml:lang="en">Research Methodologies</dc:subject>
<dc:subject xml:lang="en">Discourse Analysis</dc:subject>
<dc:subject xml:lang="en">Informal Learning Settings</dc:subject>
    </dublin_core>