<?xml version="1.0" encoding="utf-8" standalone="no"?>
    <dublin_core schema="dc">
    <dcvalue element="contributor" qualifier="author">Walker, Erin</dcvalue>
<dcvalue element="contributor" qualifier="author">Chakravarthi, Rohit</dcvalue>
<dcvalue element="contributor" qualifier="author">Rodriguez, James</dcvalue>
<dcvalue element="contributor" qualifier="author">Wylie, Ruth</dcvalue>
      <dcvalue element="date" qualifier="accessioned">2017-06-19T14:51:54Z</dcvalue>
      <dcvalue element="date" qualifier="available">2017-06-19T14:51:54Z</dcvalue>
      <dcvalue element="date" qualifier="issued">2015-07</dcvalue>
      <dcvalue element="identifier" qualifier="citation" language="en_US">Walker, E., Chakravarthi, R., Rodriguez, J., &amp; Wylie, R.&#x20;(2015).&#x20;Promoting Interaction by Integrating a Question and Answer Forum with a Digital Textbook&#x20;In&#x20; Lindwall,&#x20;O.,&#x20;Häkkinen,&#x20;P.,&#x20;Koschman,&#x20;T.&#x20;Tchounikine,&#x20;P.&#x20;&#x20;Ludvigsen,&#x20;S.&#x20;(Eds.)&#x20;(2015).&#x20;Exploring&#x20;the&#x20;Material&#x20;Conditions&#x20;of&#x20;Learning:&#x20;The&#x20;Computer&#x20;Supported&#x20;Collaborative&#x20;Learning&#x20;(CSCL)&#x20;Conference&#x20;2015,&#x20;Volume&#x20;2.&#x20;Gothenburg,&#x20;Sweden:&#x20;The&#x20;International&#x20;Society&#x20;of&#x20;the&#x20;Learning&#x20;Sciences.</dcvalue>
      <dcvalue element="identifier" qualifier="uri">https://doi.dx.org&#x2F;10.22318&#x2F;cscl2015.350</dcvalue>
      <dcvalue element="description" qualifier="abstract" language="en_US">As digital textbooks become more common in formal learning environments, there is an opportunity to embed technology that represents our growing understanding of best pedagogical practices into the textbook itself. Integrating collaborative technologies into a textbook platform provides substantial opportunities for facilitating classroom discourse surrounding the textbook content. However, to be successful in a digital textbook, these technologies have to be perceived by students as useful, and must function well on the tablet platform. This paper proposes the integration of Q&amp;A into a digital textbook platform as a way of facilitating productive collaboration, designing for the tablet, and engaging students with the technology. We describe our implementation of an integrated Q&amp;A system and digital textbook, and outline the results of a pilot study that demonstrate how the Q&amp;A system might be effectively used by groups of students.
</dcvalue>
      <dcvalue element="language" qualifier="iso" language="en_US">en</dcvalue>
      <dcvalue element="publisher" qualifier="none" language="en_US"> International&#x20;Society&#x20;of&#x20;the&#x20;Learning&#x20;Sciences,&#x20;Inc.&#x20;[ISLS].</dcvalue>
      <dcvalue element="title" qualifier="none" language="en_US">Promoting Interaction by Integrating a Question and Answer Forum with a Digital Textbook</dcvalue>
      <dcvalue element="type" qualifier="none" language="en_US">Book&#x20;chapter</dcvalue>
      <dc:subject xml:lang="en">digital textbooks</dc:subject>
<dc:subject xml:lang="en">question and answer forums</dc:subject>
<dc:subject xml:lang="en">tablets</dc:subject>
<dc:subject xml:lang="en">introductory biology</dc:subject>
    </dublin_core>