<?xml version="1.0" encoding="utf-8" standalone="no"?>
    <dublin_core schema="dc">
    <dcvalue element="contributor" qualifier="author">Arvidsson, Toi Sin</dcvalue>
<dcvalue element="contributor" qualifier="author">Kuhn, Deanna</dcvalue>
      <dcvalue element="date" qualifier="accessioned">2017-03-21T12:05:42Z</dcvalue>
      <dcvalue element="date" qualifier="available">2017-03-21T12:05:42Z</dcvalue>
      <dcvalue element="date" qualifier="issued">2016-07</dcvalue>
      <dcvalue element="identifier" qualifier="citation" language="en_US">Arvidsson, T. S. &amp; Kuhn, D.&#x20;(2016).&#x20;Introducing Academically Low-Performing Young Science Students to Practices of Science&#x20;In&#x20;Looi,&#x20;C.&#x20;K.,&#x20;Polman,&#x20;J.&#x20;L.,&#x20;Cress,&#x20;U.,&#x20;and&#x20;Reimann,&#x20;P.&#x20;(Eds.).&#x20;Transforming&#x20;Learning,&#x20;Empowering&#x20;Learners:&#x20;The&#x20;International&#x20;Conference&#x20;of&#x20;the&#x20;Learning&#x20;Sciences&#x20;(ICLS)&#x20;2016,&#x20;Volume&#x20;1.&#x20;Singapore:&#x20;International&#x20;Society&#x20;of&#x20;the&#x20;Learning&#x20;Sciences,&#x20;pp.&#x20;35-43.</dcvalue>
      <dcvalue element="identifier" qualifier="uri">info:doi&#x2F;10.22318&#x2F;icls2016.13</dcvalue>
      <dcvalue element="description" qualifier="abstract" language="en_US">Our objective was to engage low-achieving young adolescents in activities introducing them to practices of science. These extended beyond control of variables to include attribution and prediction in coordination of multiple variables affecting an outcome, as well as argument and counterargument in advancing and challenging claims.  Social science content was used to help students see the purpose and value of scientific practices. The objective was largely met, as evidenced by two 6th grade classes (n = 49), both outperforming a control group (n = 23). Although students engaged successfully in argument and counterargument, less successful was meta-level reasoning about argumentation and nature of science. Importantly in its practical implications, one intervention group showed less gain in 10 45-min whole-class sessions than did the other group who engaged as pairs in the same sequence of activities over an average of six 24-min individualized sessions, suggesting the greater efficacy of individualized engagement.</dcvalue>
      <dcvalue element="language" qualifier="iso" language="en_US">en</dcvalue>
      <dcvalue element="publisher" qualifier="none" language="en_US">Singapore:&#x20;International&#x20;Society&#x20;of&#x20;the&#x20;Learning&#x20;Sciences</dcvalue>
      <dcvalue element="title" qualifier="none" language="en_US">Introducing Academically Low-Performing Young Science Students to Practices of Science</dcvalue>
      <dcvalue element="type" qualifier="none" language="en_US">Book&#x20;chapter</dcvalue>
      &lt;dc:subject xml:lang="en"&gt;scientific thinking&lt;/dc:subject&gt;
&lt;dc:subject xml:lang="en"&gt;scientific practice&lt;/dc:subject&gt;
&lt;dc:subject xml:lang="en"&gt;low-achieving populations&lt;/dc:subject&gt;
&lt;dc:subject xml:lang="en"&gt;multivariable reasoning&lt;/dc:subject&gt;
    </dublin_core>