<?xml version="1.0" encoding="utf-8" standalone="no"?>
    <dublin_core schema="dc">
    <dcvalue element="contributor" qualifier="author">Liu, Lei</dcvalue>
<dcvalue element="contributor" qualifier="author">Hao, Jiangang</dcvalue>
<dcvalue element="contributor" qualifier="author">Andrews, Jessica J.</dcvalue>
<dcvalue element="contributor" qualifier="author">Zhu, Mengxiao</dcvalue>
<dcvalue element="contributor" qualifier="author">Mislevy, Robert J.</dcvalue>
<dcvalue element="contributor" qualifier="author">Kyllonen, Patrick</dcvalue>
<dcvalue element="contributor" qualifier="author">von Davier, Alina A.</dcvalue>
<dcvalue element="contributor" qualifier="author">Kerr, Deirdre</dcvalue>
<dcvalue element="contributor" qualifier="author">Ricarte, Thales</dcvalue>
<dcvalue element="contributor" qualifier="author">Graesser, Art</dcvalue>
      <dcvalue element="date" qualifier="accessioned">2017-06-19T10:53:01Z</dcvalue>
      <dcvalue element="date" qualifier="available">2017-06-19T10:53:01Z</dcvalue>
      <dcvalue element="date" qualifier="issued">2017-07</dcvalue>
      <dcvalue element="identifier" qualifier="citation" language="en_US">Liu, L., Hao, J., Andrews, J. J., Zhu, M., Mislevy, R. J., Kyllonen, P., von Davier, A. A., Kerr, D., Ricarte, T., &amp; Graesser, A.&#x20;(2017).&#x20;Collaborative Problem Solving: Innovating Standardized Assessment&#x20;In&#x20;Smith,&#x20;B.&#x20;K.,&#x20;Borge,&#x20;M.,&#x20;Mercier,&#x20;E.,&#x20;and&#x20;Lim,&#x20;K.&#x20;Y.&#x20;(Eds.).&#x20;(2017).&#x20;Making&#x20;a&#x20;Difference:&#x20;Prioritizing&#x20;Equity&#x20;and&#x20;Access&#x20;in&#x20;CSCL,&#x20;12th&#x20;International&#x20;Conference&#x20;on&#x20;Computer&#x20;Supported&#x20;Collaborative&#x20;Learning&#x20;(CSCL)&#x20;2017,&#x20;Volume&#x20;2.&#x20;Philadelphia,&#x20;PA:&#x20;International&#x20;Society&#x20;of&#x20;the&#x20;Learning&#x20;Sciences.</dcvalue>
      <dcvalue element="identifier" qualifier="uri">https:dx.doi.org&#x2F;10.22318&#x2F;cscl2017.118</dcvalue>
      <dcvalue element="description" qualifier="abstract" language="en_US">In this symposium, we present the overall design, data, and scientific findings from the ETS Collaborative Science Assessment Prototype (ECSAP). We are opening our data to the CSCL community and introducing the procedures to request access to the data. ECSAP was developed to explore the assessment of collaborative problem solving (CPS) competency through a large-scale and standardized approach. The goal of this symposium is to examine research questions that are of interest to the CSCL community, such as how CPS skills and collaborative patterns interact with performance outcomes, and how prior content knowledge and personality of team members affect the collaboration process and outcomes. In our study, we collected both individual and collaborative responses (~1500 responses) to the ECSAP instruments. We present our study findings that used new methodologies in psychometrics and followed the best practices of psychometrics and statistics. </dcvalue>
      <dcvalue element="language" qualifier="iso" language="en_US">en</dcvalue>
      <dcvalue element="publisher" qualifier="none" language="en_US">Philadelphia,&#x20;PA:&#x20;International&#x20;Society&#x20;of&#x20;the&#x20;Learning&#x20;Sciences.</dcvalue>
      <dcvalue element="title" qualifier="none" language="en_US">Collaborative Problem Solving: Innovating Standardized Assessment</dcvalue>
      <dcvalue element="type" qualifier="none" language="en_US">Book&#x20;chapter</dcvalue>
      <dc:subject xml:lang="en"></dc:subject>
    </dublin_core>