<?xml version="1.0" encoding="utf-8" standalone="no"?>
    <dublin_core schema="dc">
    <dcvalue element="contributor" qualifier="author">McBride, Elizabeth</dcvalue>
<dcvalue element="contributor" qualifier="author">Vitale, Jonathan</dcvalue>
<dcvalue element="contributor" qualifier="author">Applebaum, Lauren</dcvalue>
<dcvalue element="contributor" qualifier="author">Linn, Marcia</dcvalue>
      <dcvalue element="date" qualifier="accessioned">2017-06-19T10:50:27Z</dcvalue>
      <dcvalue element="date" qualifier="available">2017-06-19T10:50:27Z</dcvalue>
      <dcvalue element="date" qualifier="issued">2017-07</dcvalue>
      <dcvalue element="identifier" qualifier="citation" language="en_US">McBride, E., Vitale, J., Applebaum, L., &amp; Linn, M.&#x20;(2017).&#x20;Examining the Flow of Ideas During Critique Activities in a Design Project&#x20;In&#x20;Smith,&#x20;B.&#x20;K.,&#x20;Borge,&#x20;M.,&#x20;Mercier,&#x20;E.,&#x20;and&#x20;Lim,&#x20;K.&#x20;Y.&#x20;(Eds.).&#x20;(2017).&#x20;Making&#x20;a&#x20;Difference:&#x20;Prioritizing&#x20;Equity&#x20;and&#x20;Access&#x20;in&#x20;CSCL,&#x20;12th&#x20;International&#x20;Conference&#x20;on&#x20;Computer&#x20;Supported&#x20;Collaborative&#x20;Learning&#x20;(CSCL)&#x20;2017,&#x20;Volume&#x20;1.&#x20;Philadelphia,&#x20;PA:&#x20;International&#x20;Society&#x20;of&#x20;the&#x20;Learning&#x20;Sciences.</dcvalue>
      <dcvalue element="identifier" qualifier="uri">https:dx.doi.org&#x2F;10.22318&#x2F;cscl2017.9</dcvalue>
      <dcvalue element="description" qualifier="abstract" language="en_US">Peer critique activities in design projects give students the opportunity to share ideas, receive feedback, and revise their work. Critique can increase student feelings of ownership of science ideas and help students to distinguish between different ideas they may have about how things work. In this paper, we examine how students use their own ideas and ideas from a partner group to revise and improve a physical solar oven they have built using guidance from an online curriculum. We find that students fall into two groups: distinguishing ideas and adding new ideas. Within distinguishing ideas, students can further separated by whether or not they kept only their own ideas or also added the ideas from their partner group. We look at case studies to determine how these groups changed their ideas before, during, and after the critique activity.</dcvalue>
      <dcvalue element="language" qualifier="iso" language="en_US">en</dcvalue>
      <dcvalue element="publisher" qualifier="none" language="en_US">Philadelphia,&#x20;PA:&#x20;International&#x20;Society&#x20;of&#x20;the&#x20;Learning&#x20;Sciences.</dcvalue>
      <dcvalue element="title" qualifier="none" language="en_US">Examining the Flow of Ideas During Critique Activities in a Design Project</dcvalue>
      <dcvalue element="type" qualifier="none" language="en_US">Book&#x20;chapter</dcvalue>
      <dc:subject xml:lang="en">Handheld/Mobile Devices</dc:subject>
<dc:subject xml:lang="en">Simulations</dc:subject>
<dc:subject xml:lang="en">Case-Based Instruction</dc:subject>
<dc:subject xml:lang="en">Participatory Simulations</dc:subject>
<dc:subject xml:lang="en">University</dc:subject>
<dc:subject xml:lang="en">Situated Learning</dc:subject>
<dc:subject xml:lang="en">Competence/Expertise</dc:subject>
<dc:subject xml:lang="en">Teacher Education</dc:subject>
<dc:subject xml:lang="en">Innovative Software/Artifacts</dc:subject>
<dc:subject xml:lang="en">Interaction Tool</dc:subject>
<dc:subject xml:lang="en">Design-Based Research</dc:subject>
<dc:subject xml:lang="en">Education Technology</dc:subject>
<dc:subject xml:lang="en">Core Competencies</dc:subject>
    </dublin_core>