<?xml version="1.0" encoding="utf-8" standalone="no"?>
    <dublin_core schema="dc">
    <dcvalue element="contributor" qualifier="author">Georgen, Chris</dcvalue>
<dcvalue element="contributor" qualifier="author">Duncan, Sean C.</dcvalue>
<dcvalue element="contributor" qualifier="author">Cook, Lucas</dcvalue>
      <dcvalue element="date" qualifier="accessioned">2017-06-19T14:51:54Z</dcvalue>
      <dcvalue element="date" qualifier="available">2017-06-19T14:51:54Z</dcvalue>
      <dcvalue element="date" qualifier="issued">2015-07</dcvalue>
      <dcvalue element="identifier" qualifier="citation" language="en_US">Georgen, C., Duncan, S. C., &amp; Cook, L.&#x20;(2015).&#x20;From Lurking to Participatory Spectatorship: Understanding Affordances of the Dota 2 Noob Stream&#x20;In&#x20; Lindwall,&#x20;O.,&#x20;Häkkinen,&#x20;P.,&#x20;Koschman,&#x20;T.&#x20;Tchounikine,&#x20;P.&#x20;&#x20;Ludvigsen,&#x20;S.&#x20;(Eds.)&#x20;(2015).&#x20;Exploring&#x20;the&#x20;Material&#x20;Conditions&#x20;of&#x20;Learning:&#x20;The&#x20;Computer&#x20;Supported&#x20;Collaborative&#x20;Learning&#x20;(CSCL)&#x20;Conference&#x20;2015,&#x20;Volume&#x20;2.&#x20;Gothenburg,&#x20;Sweden:&#x20;The&#x20;International&#x20;Society&#x20;of&#x20;the&#x20;Learning&#x20;Sciences.</dcvalue>
      <dcvalue element="identifier" qualifier="uri">https://doi.dx.org&#x2F;10.22318&#x2F;cscl2015.393</dcvalue>
      <dcvalue element="description" qualifier="abstract" language="en_US">From investigations in online learning and virtual communities, peripheral observation or “lurking” has been framed as an active process in which learners align themselves with the practices and discourses of a community. In this paper, we further develop the notion of lurking in informal computer-mediated contexts, focusing on competitive gaming communities, where games are marked for the steep learning curves and players demonstrate an extended commitment toward mastery. In this descriptive case study, we leverage new perspectives on routes to participation in order illustrate participatory spectatorship as integral in not only the act of becoming a player but also in learning the discourses and practices of a larger gaming enterprise.
</dcvalue>
      <dcvalue element="language" qualifier="iso" language="en_US">en</dcvalue>
      <dcvalue element="publisher" qualifier="none" language="en_US"> International&#x20;Society&#x20;of&#x20;the&#x20;Learning&#x20;Sciences,&#x20;Inc.&#x20;[ISLS].</dcvalue>
      <dcvalue element="title" qualifier="none" language="en_US">From Lurking to Participatory Spectatorship: Understanding Affordances of the Dota 2 Noob Stream</dcvalue>
      <dcvalue element="type" qualifier="none" language="en_US">Book&#x20;chapter</dcvalue>
      <dc:subject xml:lang="en">lurking</dc:subject>
<dc:subject xml:lang="en">participatory spectatorship</dc:subject>
<dc:subject xml:lang="en">participation</dc:subject>
    </dublin_core>