<?xml version="1.0" encoding="utf-8" standalone="no"?>
    <dublin_core schema="dc">
    <dcvalue element="contributor" qualifier="author">Tao, Dan</dcvalue>
<dcvalue element="contributor" qualifier="author">Zhang, Jianwei</dcvalue>
<dcvalue element="contributor" qualifier="author">Gao, Dandan</dcvalue>
      <dcvalue element="date" qualifier="accessioned">2017-06-19T10:52:18Z</dcvalue>
      <dcvalue element="date" qualifier="available">2017-06-19T10:52:18Z</dcvalue>
      <dcvalue element="date" qualifier="issued">2017-07</dcvalue>
      <dcvalue element="identifier" qualifier="citation" language="en_US">Tao, D., Zhang, J., &amp; Gao, D.&#x20;(2017).&#x20;Reflective Structuration of Knowledge Building Practices in Grade 5 Science: A Two-Year Design-Based Research&#x20;In&#x20;Smith,&#x20;B.&#x20;K.,&#x20;Borge,&#x20;M.,&#x20;Mercier,&#x20;E.,&#x20;and&#x20;Lim,&#x20;K.&#x20;Y.&#x20;(Eds.).&#x20;(2017).&#x20;Making&#x20;a&#x20;Difference:&#x20;Prioritizing&#x20;Equity&#x20;and&#x20;Access&#x20;in&#x20;CSCL,&#x20;12th&#x20;International&#x20;Conference&#x20;on&#x20;Computer&#x20;Supported&#x20;Collaborative&#x20;Learning&#x20;(CSCL)&#x20;2017,&#x20;Volume&#x20;2.&#x20;Philadelphia,&#x20;PA:&#x20;International&#x20;Society&#x20;of&#x20;the&#x20;Learning&#x20;Sciences.</dcvalue>
      <dcvalue element="identifier" qualifier="uri">https:dx.doi.org&#x2F;10.22318&#x2F;cscl2017.99</dcvalue>
      <dcvalue element="description" qualifier="abstract" language="en_US">This study was conducted in two Grade 5 classes (A and B) taught by the same teacher in two successive school years. Each year students studied human body systems over a whole school year using Knowledge Forum (KF). Both classes worked with an idea-centered, principle-based framework of knowledge building; students in class B (year 2) particularly engaged in reflective structuration to co-construct structures of inquiry as their work unfolded. Qualitative analyses of rich classroom data elaborated the reflective structuration process in class B. The analyses of student online discourse showed that compared to class A in year 1, class B made more purposeful and sustained contributions to understanding various human body systems and developed more sophisticated explanations.</dcvalue>
      <dcvalue element="language" qualifier="iso" language="en_US">en</dcvalue>
      <dcvalue element="publisher" qualifier="none" language="en_US">Philadelphia,&#x20;PA:&#x20;International&#x20;Society&#x20;of&#x20;the&#x20;Learning&#x20;Sciences.</dcvalue>
      <dcvalue element="title" qualifier="none" language="en_US">Reflective Structuration of Knowledge Building Practices in Grade 5 Science: A Two-Year Design-Based Research</dcvalue>
      <dcvalue element="type" qualifier="none" language="en_US">Book&#x20;chapter</dcvalue>
      <dc:subject xml:lang="en">Game-based Media</dc:subject>
<dc:subject xml:lang="en">Cognitive Studies</dc:subject>
<dc:subject xml:lang="en">Design Experiments</dc:subject>
<dc:subject xml:lang="en">Artificial Intelligence</dc:subject>
<dc:subject xml:lang="en">Cognitive Psychology</dc:subject>
<dc:subject xml:lang="en">Computer Science</dc:subject>
<dc:subject xml:lang="en">Educational Psychology</dc:subject>
<dc:subject xml:lang="en">Human-Computer Interaction</dc:subject>
<dc:subject xml:lang="en">Psychology</dc:subject>
<dc:subject xml:lang="en">Adoption of Technologies</dc:subject>
<dc:subject xml:lang="en">Cognitive Dimensions</dc:subject>
<dc:subject xml:lang="en">Learning Outcomes</dc:subject>
<dc:subject xml:lang="en">Intelligent Systems</dc:subject>
<dc:subject xml:lang="en">Discovery Learning</dc:subject>
<dc:subject xml:lang="en">Life Long Learning</dc:subject>
<dc:subject xml:lang="en">Primary School</dc:subject>
<dc:subject xml:lang="en">Secondary School</dc:subject>
<dc:subject xml:lang="en">University</dc:subject>
<dc:subject xml:lang="en">Virtual Communities</dc:subject>
<dc:subject xml:lang="en">Workplace</dc:subject>
<dc:subject xml:lang="en">Behaviorism</dc:subject>
<dc:subject xml:lang="en">Engagement and Transfer</dc:subject>
<dc:subject xml:lang="en">Learning Analytics / Educational Data Mining</dc:subject>
<dc:subject xml:lang="en">Psychometric Analysis</dc:subject>
<dc:subject xml:lang="en">Learning Analytics and Monitoring Tools</dc:subject>
<dc:subject xml:lang="en">Motivation</dc:subject>
<dc:subject xml:lang="en">Self-Regulated Learning</dc:subject>
<dc:subject xml:lang="en">Early Childhood Education</dc:subject>
<dc:subject xml:lang="en">Innovative Interfaces</dc:subject>
<dc:subject xml:lang="en">Innovative Software/Artifacts</dc:subject>
<dc:subject xml:lang="en">Innovative Design Approach</dc:subject>
<dc:subject xml:lang="en">Constructivism/Constructionism</dc:subject>
<dc:subject xml:lang="en">Interaction Tool</dc:subject>
<dc:subject xml:lang="en">Authoring Tool</dc:subject>
<dc:subject xml:lang="en">Developmental Psychology</dc:subject>
<dc:subject xml:lang="en">Education Technology</dc:subject>
<dc:subject xml:lang="en">Design Thinking</dc:subject>
<dc:subject xml:lang="en">Transfer</dc:subject>
<dc:subject xml:lang="en">Computing Education</dc:subject>
<dc:subject xml:lang="en">Online Learning</dc:subject>
<dc:subject xml:lang="en">Assistive Technology</dc:subject>
<dc:subject xml:lang="en">Gaming</dc:subject>
<dc:subject xml:lang="en">Personalized Learning Environments</dc:subject>
<dc:subject xml:lang="en">Information Analysis</dc:subject>
<dc:subject xml:lang="en">Regulation</dc:subject>
<dc:subject xml:lang="en">Process Support</dc:subject>
    </dublin_core>