<?xml version="1.0" encoding="utf-8" standalone="no"?>
    <dublin_core schema="dc">
    <dcvalue element="contributor" qualifier="author">Downton, Michael P.</dcvalue>
      <dcvalue element="date" qualifier="accessioned">2017-06-19T14:15:51Z</dcvalue>
      <dcvalue element="date" qualifier="available">2017-06-19T14:15:51Z</dcvalue>
      <dcvalue element="date" qualifier="issued">2015-07</dcvalue>
      <dcvalue element="identifier" qualifier="citation" language="en_US">Downton, M. P.&#x20;(2015).&#x20;“That’s What Everyone Else Is Saying…”: Collaborative Reflection-in-Action during Creative Activities&#x20;In&#x20; Lindwall,&#x20;O.,&#x20;Häkkinen,&#x20;P.,&#x20;Koschman,&#x20;T.&#x20;Tchounikine,&#x20;P.&#x20;&#x20;Ludvigsen,&#x20;S.&#x20;(Eds.)&#x20;(2015).&#x20;Exploring&#x20;the&#x20;Material&#x20;Conditions&#x20;of&#x20;Learning:&#x20;The&#x20;Computer&#x20;Supported&#x20;Collaborative&#x20;Learning&#x20;(CSCL)&#x20;Conference&#x20;2015,&#x20;Volume&#x20;1.&#x20;Gothenburg,&#x20;Sweden:&#x20;The&#x20;International&#x20;Society&#x20;of&#x20;the&#x20;Learning&#x20;Sciences.</dcvalue>
      <dcvalue element="identifier" qualifier="uri">https://doi.dx.org&#x2F;10.22318&#x2F;cscl2015.105</dcvalue>
      <dcvalue element="description" qualifier="abstract" language="en_US">With the progression of more user-friendly music production software packages (i.e., Apple’s GarageBand) and the importance of social media, learners are engaging with music without having any formal education on important musical concepts.  It has been suggested that novice music learners should start with what they know how to intuitively do already, which will allow them to move to more sophisticated musical concepts (e.g., notation, intervals).  However, music production is becoming more a group project than a solitary one in which everyone in a group has a voice.  A fourth grade classroom (N = 36) engaged in a music curriculum using the learning software Impromptu.  Findings suggest that when students are able to reflect-in-action, their reflections become building blocks for others in the group to use and add to their knowledge base.
</dcvalue>
      <dcvalue element="language" qualifier="iso" language="en_US">en</dcvalue>
      <dcvalue element="publisher" qualifier="none" language="en_US"> International&#x20;Society&#x20;of&#x20;the&#x20;Learning&#x20;Sciences,&#x20;Inc.&#x20;[ISLS].</dcvalue>
      <dcvalue element="title" qualifier="none" language="en_US">“That’s What Everyone Else Is Saying…”: Collaborative Reflection-in-Action during Creative Activities</dcvalue>
      <dcvalue element="type" qualifier="none" language="en_US">Book&#x20;chapter</dcvalue>
      <dc:subject xml:lang="en">“That’s What Everyone Else Is Saying…”: Collaborative Reflection-in-Action during Creative Activities</dc:subject>
<dc:subject xml:lang="en">music</dc:subject>
<dc:subject xml:lang="en">intuitions</dc:subject>
<dc:subject xml:lang="en">social negotiation</dc:subject>
    </dublin_core>