<?xml version="1.0" encoding="utf-8" standalone="no"?>
    <dublin_core schema="dc">
    <dcvalue element="contributor" qualifier="author">Celepkolu, Mehmet</dcvalue>
<dcvalue element="contributor" qualifier="author">Wiggins, Joseph B.</dcvalue>
<dcvalue element="contributor" qualifier="author">Boyer, Kristy Elizabeth</dcvalue>
<dcvalue element="contributor" qualifier="author">McMullen, Kyla</dcvalue>
      <dcvalue element="date" qualifier="accessioned">2017-06-19T10:50:27Z</dcvalue>
      <dcvalue element="date" qualifier="available">2017-06-19T10:50:27Z</dcvalue>
      <dcvalue element="date" qualifier="issued">2017-07</dcvalue>
      <dcvalue element="identifier" qualifier="citation" language="en_US">Celepkolu, M., Wiggins, J. B., Boyer, K. E., &amp; McMullen, K.&#x20;(2017).&#x20;Think First: Fostering Substantive Contributions in Collaborative Problem-Solving Dialogues&#x20;In&#x20;Smith,&#x20;B.&#x20;K.,&#x20;Borge,&#x20;M.,&#x20;Mercier,&#x20;E.,&#x20;and&#x20;Lim,&#x20;K.&#x20;Y.&#x20;(Eds.).&#x20;(2017).&#x20;Making&#x20;a&#x20;Difference:&#x20;Prioritizing&#x20;Equity&#x20;and&#x20;Access&#x20;in&#x20;CSCL,&#x20;12th&#x20;International&#x20;Conference&#x20;on&#x20;Computer&#x20;Supported&#x20;Collaborative&#x20;Learning&#x20;(CSCL)&#x20;2017,&#x20;Volume&#x20;1.&#x20;Philadelphia,&#x20;PA:&#x20;International&#x20;Society&#x20;of&#x20;the&#x20;Learning&#x20;Sciences.</dcvalue>
      <dcvalue element="identifier" qualifier="uri">https:dx.doi.org&#x2F;10.22318&#x2F;cscl2017.41</dcvalue>
      <dcvalue element="description" qualifier="abstract" language="en_US">Working collaboratively holds many benefits for learners. However, varying incoming knowledge and attitudes toward collaboration present challenges and can lead to frustration for students. An important open question is how to support effective collaboration and foster equity for students with different levels of incoming preparation. In this study, we compared two collaborative instructional approaches for computer science problem solving, in which students participated in one of two conditions: The Baseline condition featured collaborative problem solving in which students worked in dyads from the beginning of the collaboration; in the other condition, called Think-First, students first worked on the problem individually for a short time and then began collaborating to produce a common solution. The results from 190 students from an introductory programming class working in 95 pair-programming teams demonstrate that this simple modification to pair programming had a significant positive effect on test scores and on substantive contributions in collaborative dialogue. </dcvalue>
      <dcvalue element="language" qualifier="iso" language="en_US">en</dcvalue>
      <dcvalue element="publisher" qualifier="none" language="en_US">Philadelphia,&#x20;PA:&#x20;International&#x20;Society&#x20;of&#x20;the&#x20;Learning&#x20;Sciences.</dcvalue>
      <dcvalue element="title" qualifier="none" language="en_US">Think First: Fostering Substantive Contributions in Collaborative Problem-Solving Dialogues</dcvalue>
      <dcvalue element="type" qualifier="none" language="en_US">Book&#x20;chapter</dcvalue>
      <dc:subject xml:lang="en">Scaffolding</dc:subject>
<dc:subject xml:lang="en">Inquiry Learning</dc:subject>
<dc:subject xml:lang="en">Science Education</dc:subject>
<dc:subject xml:lang="en">Skill Development</dc:subject>
    </dublin_core>