<?xml version="1.0" encoding="utf-8" standalone="no"?>
    <dublin_core schema="dc">
    <dcvalue element="contributor" qualifier="author">Yoon, Susan A.</dcvalue>
<dcvalue element="contributor" qualifier="author">Koehler-Yom, Jessica</dcvalue>
<dcvalue element="contributor" qualifier="author">Anderson, Emma</dcvalue>
<dcvalue element="contributor" qualifier="author">Evans, Chad</dcvalue>
      <dcvalue element="date" qualifier="accessioned">2017-03-21T12:05:42Z</dcvalue>
      <dcvalue element="date" qualifier="available">2017-03-21T12:05:42Z</dcvalue>
      <dcvalue element="date" qualifier="issued">2016-07</dcvalue>
      <dcvalue element="identifier" qualifier="citation" language="en_US">Yoon, S. A., Koehler-Yom, J., Anderson, E., &amp; Evans, C.&#x20;(2016).&#x20;Validating a Model for Assessing Teacher’s Adaptive Expertise With Computer Supported Complex Systems Curricula and Its Relationship to Student Learning Outcomes&#x20;In&#x20;Looi,&#x20;C.&#x20;K.,&#x20;Polman,&#x20;J.&#x20;L.,&#x20;Cress,&#x20;U.,&#x20;and&#x20;Reimann,&#x20;P.&#x20;(Eds.).&#x20;Transforming&#x20;Learning,&#x20;Empowering&#x20;Learners:&#x20;The&#x20;International&#x20;Conference&#x20;of&#x20;the&#x20;Learning&#x20;Sciences&#x20;(ICLS)&#x20;2016,&#x20;Volume&#x20;1.&#x20;Singapore:&#x20;International&#x20;Society&#x20;of&#x20;the&#x20;Learning&#x20;Sciences,&#x20;pp.&#x20;35-43.</dcvalue>
      <dcvalue element="identifier" qualifier="uri">info:doi&#x2F;10.22318&#x2F;icls2016.16</dcvalue>
      <dcvalue element="description" qualifier="abstract" language="en_US">The success of the Next Generation Science Standards (NGSS) and similar reforms is contingent upon the quality of teaching, yet the shifts in teaching practice required are substantial. In this study, we propose and validate a model of adaptive expertise needed for teachers to successfully deliver NGSS-informed computer supported complex systems curricula in high school science classrooms. The model is comprised of three research-based qualities that we hypothesize teachers need to demonstrate: flexibility, deeper level understanding, and deliberate practice, in adapting interventions to their particular teaching contexts. We apply the model to understand whether it can, a) show variation between teachers, and b) predict student-learning outcomes. Results show that teacher enactments and interview responses assessed on the model reveal sufficient variation, and are also predictive of students’ growth in complex systems understanding. The model has important implications for how to support teachers in adopting new science education reforms.</dcvalue>
      <dcvalue element="language" qualifier="iso" language="en_US">en</dcvalue>
      <dcvalue element="publisher" qualifier="none" language="en_US">Singapore:&#x20;International&#x20;Society&#x20;of&#x20;the&#x20;Learning&#x20;Sciences</dcvalue>
      <dcvalue element="title" qualifier="none" language="en_US">Validating a Model for Assessing Teacher’s Adaptive Expertise With Computer Supported Complex Systems Curricula and Its Relationship to Student Learning Outcomes</dcvalue>
      <dcvalue element="type" qualifier="none" language="en_US">Book&#x20;chapter</dcvalue>
      &lt;dc:subject xml:lang="en"&gt;teacher’s adaptive expertise&lt;/dc:subject&gt;
&lt;dc:subject xml:lang="en"&gt;computer supported curricula&lt;/dc:subject&gt;
&lt;dc:subject xml:lang="en"&gt;complex systems&lt;/dc:subject&gt;
&lt;dc:subject xml:lang="en"&gt;NGSS&lt;/dc:subject&gt;
    </dublin_core>