<?xml version="1.0" encoding="utf-8" standalone="no"?>
    <dublin_core schema="dc">
    <dcvalue element="contributor" qualifier="author">McKenney, Susan</dcvalue>
<dcvalue element="contributor" qualifier="author">van Aalst, Jan</dcvalue>
<dcvalue element="contributor" qualifier="author">Forbes, Cory</dcvalue>
      <dcvalue element="date" qualifier="accessioned">2017-03-21T12:05:42Z</dcvalue>
      <dcvalue element="date" qualifier="available">2017-03-21T12:05:42Z</dcvalue>
      <dcvalue element="date" qualifier="issued">2016-07</dcvalue>
      <dcvalue element="identifier" qualifier="citation" language="en_US">McKenney, S., van Aalst, J., &amp; Forbes, C.&#x20;(2016).&#x20;Realizing Research-Practice Connections: Three Cases From the Learning Sciences&#x20;In&#x20;Looi,&#x20;C.&#x20;K.,&#x20;Polman,&#x20;J.&#x20;L.,&#x20;Cress,&#x20;U.,&#x20;and&#x20;Reimann,&#x20;P.&#x20;(Eds.).&#x20;Transforming&#x20;Learning,&#x20;Empowering&#x20;Learners:&#x20;The&#x20;International&#x20;Conference&#x20;of&#x20;the&#x20;Learning&#x20;Sciences&#x20;(ICLS)&#x20;2016,&#x20;Volume&#x20;1.&#x20;Singapore:&#x20;International&#x20;Society&#x20;of&#x20;the&#x20;Learning&#x20;Sciences,&#x20;pp.&#x20;35-43.</dcvalue>
      <dcvalue element="identifier" qualifier="uri">info:doi&#x2F;10.22318&#x2F;icls2016.83</dcvalue>
      <dcvalue element="description" qualifier="abstract" language="en_US">Empirical insights from the learning sciences must be translatable to contexts of application to maximize impact. Despite the importance of dissemination, however, little guidance is available to help researchers proactively bridge the research-practice divide. To address this need, we draw from theoretical perspectives on the utility of empirical research to characterize, illustrate, and discuss three cases involving the communication and translation of research. By offering framework for analysis and initial findings based on three projects in the learning sciences, this paper helps learning scientists conceptualize a range of research-practice connection types and envision how they can take shape in learning sciences projects.</dcvalue>
      <dcvalue element="language" qualifier="iso" language="en_US">en</dcvalue>
      <dcvalue element="publisher" qualifier="none" language="en_US">Singapore:&#x20;International&#x20;Society&#x20;of&#x20;the&#x20;Learning&#x20;Sciences</dcvalue>
      <dcvalue element="title" qualifier="none" language="en_US">Realizing Research-Practice Connections: Three Cases From the Learning Sciences</dcvalue>
      <dcvalue element="type" qualifier="none" language="en_US">Book&#x20;chapter</dcvalue>
      &lt;dc:subject xml:lang="en"&gt;research valorisation&lt;/dc:subject&gt;
&lt;dc:subject xml:lang="en"&gt;impact&lt;/dc:subject&gt;
&lt;dc:subject xml:lang="en"&gt;DBR&lt;/dc:subject&gt;
&lt;dc:subject xml:lang="en"&gt;teacher community&lt;/dc:subject&gt;
    </dublin_core>