<?xml version="1.0" encoding="utf-8" standalone="no"?>
    <dublin_core schema="dc">
    <dcvalue element="contributor" qualifier="author">Vogel, Freydis</dcvalue>
<dcvalue element="contributor" qualifier="author">Kollar, Ingo</dcvalue>
<dcvalue element="contributor" qualifier="author">Ufer, Stefan</dcvalue>
<dcvalue element="contributor" qualifier="author">Reiss, Kristina</dcvalue>
<dcvalue element="contributor" qualifier="author">Fischer, Frank</dcvalue>
      <dcvalue element="date" qualifier="accessioned">2017-03-21T12:05:42Z</dcvalue>
      <dcvalue element="date" qualifier="available">2017-03-21T12:05:42Z</dcvalue>
      <dcvalue element="date" qualifier="issued">2016-07</dcvalue>
      <dcvalue element="identifier" qualifier="citation" language="en_US">Vogel, F., Kollar, I., Ufer, S., Reiss, K., &amp; Fischer, F.&#x20;(2016).&#x20;Fostering University Freshmen’s Mathematical Argumentation Skills With Collaboration Scripts&#x20;In&#x20;Looi,&#x20;C.&#x20;K.,&#x20;Polman,&#x20;J.&#x20;L.,&#x20;Cress,&#x20;U.,&#x20;and&#x20;Reimann,&#x20;P.&#x20;(Eds.).&#x20;Transforming&#x20;Learning,&#x20;Empowering&#x20;Learners:&#x20;The&#x20;International&#x20;Conference&#x20;of&#x20;the&#x20;Learning&#x20;Sciences&#x20;(ICLS)&#x20;2016,&#x20;Volume&#x20;1.&#x20;Singapore:&#x20;International&#x20;Society&#x20;of&#x20;the&#x20;Learning&#x20;Sciences,&#x20;pp.&#x20;35-43.</dcvalue>
      <dcvalue element="identifier" qualifier="uri">info:doi&#x2F;10.22318&#x2F;icls2016.78</dcvalue>
      <dcvalue element="description" qualifier="abstract" language="en_US">Students often have problems formulating und using arguments in mathematical contexts. Therefore, we investigated to what extent a collaboration script helps students overcome their problems and acquire mathematical argumentation skills. In two previous studies, we showed that collaboration scripts can have positive effects on learning cross-domain argumentation skills in the mathematical context. Yet, the effectiveness of the script depended on individual prerequisites such as final high school grade (GPA) and self-regulation skills. In this study, N = 96 participants learned in one of three script conditions. We found that a high-structured domain-general collaboration script for argumentation was more effective for acquiring domain-specific mathematical argumentation skills than a low-structured or an adaptable one. Furthermore, only in the condition with the low-structured script, learners’ self-regulated learning skills played an important role for the learning outcomes.</dcvalue>
      <dcvalue element="language" qualifier="iso" language="en_US">en</dcvalue>
      <dcvalue element="publisher" qualifier="none" language="en_US">Singapore:&#x20;International&#x20;Society&#x20;of&#x20;the&#x20;Learning&#x20;Sciences</dcvalue>
      <dcvalue element="title" qualifier="none" language="en_US">Fostering University Freshmen’s Mathematical Argumentation Skills With Collaboration Scripts</dcvalue>
      <dcvalue element="type" qualifier="none" language="en_US">Book&#x20;chapter</dcvalue>
      &lt;dc:subject xml:lang="en"&gt;mathematics&lt;/dc:subject&gt;
&lt;dc:subject xml:lang="en"&gt;argumentation&lt;/dc:subject&gt;
&lt;dc:subject xml:lang="en"&gt;collaboration scripts&lt;/dc:subject&gt;
    </dublin_core>