<?xml version="1.0" encoding="utf-8" standalone="no"?>
    <dublin_core schema="dc">
    <dcvalue element="contributor" qualifier="author">Chiu, Thomas K.F.</dcvalue>
      <dcvalue element="date" qualifier="accessioned">2017-03-21T12:05:42Z</dcvalue>
      <dcvalue element="date" qualifier="available">2017-03-21T12:05:42Z</dcvalue>
      <dcvalue element="date" qualifier="issued">2016-07</dcvalue>
      <dcvalue element="identifier" qualifier="citation" language="en_US">Chiu, T. K.&#x20;(2016).&#x20;Prior Knowledge and Mathematics Different Order Thinking Skills in Multimedia Learning&#x20;In&#x20;Looi,&#x20;C.&#x20;K.,&#x20;Polman,&#x20;J.&#x20;L.,&#x20;Cress,&#x20;U.,&#x20;and&#x20;Reimann,&#x20;P.&#x20;(Eds.).&#x20;Transforming&#x20;Learning,&#x20;Empowering&#x20;Learners:&#x20;The&#x20;International&#x20;Conference&#x20;of&#x20;the&#x20;Learning&#x20;Sciences&#x20;(ICLS)&#x20;2016,&#x20;Volume&#x20;1.&#x20;Singapore:&#x20;International&#x20;Society&#x20;of&#x20;the&#x20;Learning&#x20;Sciences,&#x20;pp.&#x20;35-43.</dcvalue>
      <dcvalue element="identifier" qualifier="uri">info:doi&#x2F;10.22318&#x2F;icls2016.22</dcvalue>
      <dcvalue element="description" qualifier="abstract" language="en_US">This experimental study investigated prior knowledge and instructional visual aid on different mathematical order thinking skills of remembering, understanding and analyzing in multimedia learning. One hundred and twenty-three secondary school students was randomly assigned to a condition, in a 2 (prior knowledge: weaker vs stronger) x 2 (aid: with vs without) between subjects factorial design. In the experiment, the aid was evolved from variation theory and multiple representations and the materials were designed using multimedia learning principles. The results showed that the stronger group learned better on remembering, only the weaker group benefited from the aid on understanding, and the aid was more beneficial on analyzing. We suggest that multimedia presentation designs should take into account prior knowledge and order thinking. Limitations and future research are discussed.</dcvalue>
      <dcvalue element="language" qualifier="iso" language="en_US">en</dcvalue>
      <dcvalue element="publisher" qualifier="none" language="en_US">Singapore:&#x20;International&#x20;Society&#x20;of&#x20;the&#x20;Learning&#x20;Sciences</dcvalue>
      <dcvalue element="title" qualifier="none" language="en_US">Prior Knowledge and Mathematics Different Order Thinking Skills in Multimedia Learning</dcvalue>
      <dcvalue element="type" qualifier="none" language="en_US">Book&#x20;chapter</dcvalue>
      &lt;dc:subject xml:lang="en"&gt;prior knowledge&lt;/dc:subject&gt;
&lt;dc:subject xml:lang="en"&gt;multimedia learning&lt;/dc:subject&gt;
&lt;dc:subject xml:lang="en"&gt;mathematics&lt;/dc:subject&gt;
&lt;dc:subject xml:lang="en"&gt;order thinking skill&lt;/dc:subject&gt;
&lt;dc:subject xml:lang="en"&gt;cognitive processing&lt;/dc:subject&gt;
    </dublin_core>