<?xml version="1.0" encoding="utf-8" standalone="no"?>
    <dublin_core schema="dc">
    <dcvalue element="contributor" qualifier="author">Matuk, Camillia</dcvalue>
<dcvalue element="contributor" qualifier="author">Zhang, Jiayuan</dcvalue>
<dcvalue element="contributor" qualifier="author">Linn, Marcia C.</dcvalue>
      <dcvalue element="date" qualifier="accessioned">2017-06-19T10:50:27Z</dcvalue>
      <dcvalue element="date" qualifier="available">2017-06-19T10:50:27Z</dcvalue>
      <dcvalue element="date" qualifier="issued">2017-07</dcvalue>
      <dcvalue element="identifier" qualifier="citation" language="en_US">Matuk, C., Zhang, J., &amp; Linn, M. C.&#x20;(2017).&#x20;How Middle School Students Construct and Critique Graphs to Explain Cancer Treatment&#x20;In&#x20;Smith,&#x20;B.&#x20;K.,&#x20;Borge,&#x20;M.,&#x20;Mercier,&#x20;E.,&#x20;and&#x20;Lim,&#x20;K.&#x20;Y.&#x20;(Eds.).&#x20;(2017).&#x20;Making&#x20;a&#x20;Difference:&#x20;Prioritizing&#x20;Equity&#x20;and&#x20;Access&#x20;in&#x20;CSCL,&#x20;12th&#x20;International&#x20;Conference&#x20;on&#x20;Computer&#x20;Supported&#x20;Collaborative&#x20;Learning&#x20;(CSCL)&#x20;2017,&#x20;Volume&#x20;1.&#x20;Philadelphia,&#x20;PA:&#x20;International&#x20;Society&#x20;of&#x20;the&#x20;Learning&#x20;Sciences.</dcvalue>
      <dcvalue element="identifier" qualifier="uri">https:dx.doi.org&#x2F;10.22318&#x2F;cscl2017.51</dcvalue>
      <dcvalue element="description" qualifier="abstract" language="en_US">Using graphs in science is challenging as it requires both scientific and representational fluency. We examined how different graphing activities during science inquiry helped to develop these interrelated abilities in students. Grade 7 students (N=117) worked in pairs on a web-based cell biology unit to either generate or critique graphs of the effects of proposed cancer treatments on cell numbers. All students gained in their graph and science explanation abilities. While students who critiqued graphs gave better overall explanations within the unit, students who constructed graphs better applied their conceptual understanding of science to explain their graphs, both within the unit and later on the post test. We interpret these findings in terms of the relative affordances and constraints of critique and construction activities, and observe students’ common misunderstandings of graphs. This study has implications for designing instruction that supports students’ uses of graphs within science contexts.</dcvalue>
      <dcvalue element="language" qualifier="iso" language="en_US">en</dcvalue>
      <dcvalue element="publisher" qualifier="none" language="en_US">Philadelphia,&#x20;PA:&#x20;International&#x20;Society&#x20;of&#x20;the&#x20;Learning&#x20;Sciences.</dcvalue>
      <dcvalue element="title" qualifier="none" language="en_US">How Middle School Students Construct and Critique Graphs to Explain Cancer Treatment</dcvalue>
      <dcvalue element="type" qualifier="none" language="en_US">Book&#x20;chapter</dcvalue>
      <dc:subject xml:lang="en">Gaming</dc:subject>
<dc:subject xml:lang="en">Virtual Communities</dc:subject>
<dc:subject xml:lang="en">Literacy</dc:subject>
<dc:subject xml:lang="en">Education Technology</dc:subject>
    </dublin_core>