<?xml version="1.0" encoding="utf-8" standalone="no"?>
    <dublin_core schema="dc">
    <dcvalue element="contributor" qualifier="author">Hartmann, Christian</dcvalue>
<dcvalue element="contributor" qualifier="author">Angersbach, Jennifer</dcvalue>
<dcvalue element="contributor" qualifier="author">Rummel, Nikol</dcvalue>
      <dcvalue element="date" qualifier="accessioned">2017-06-19T14:51:54Z</dcvalue>
      <dcvalue element="date" qualifier="available">2017-06-19T14:51:54Z</dcvalue>
      <dcvalue element="date" qualifier="issued">2015-07</dcvalue>
      <dcvalue element="identifier" qualifier="citation" language="en_US">Hartmann, C., Angersbach, J., &amp; Rummel, N.&#x20;(2015).&#x20;Social Interaction, Constructivism and their Application within (CS)CL Theories&#x20;In&#x20; Lindwall,&#x20;O.,&#x20;Häkkinen,&#x20;P.,&#x20;Koschman,&#x20;T.&#x20;Tchounikine,&#x20;P.&#x20;&#x20;Ludvigsen,&#x20;S.&#x20;(Eds.)&#x20;(2015).&#x20;Exploring&#x20;the&#x20;Material&#x20;Conditions&#x20;of&#x20;Learning:&#x20;The&#x20;Computer&#x20;Supported&#x20;Collaborative&#x20;Learning&#x20;(CSCL)&#x20;Conference&#x20;2015,&#x20;Volume&#x20;2.&#x20;Gothenburg,&#x20;Sweden:&#x20;The&#x20;International&#x20;Society&#x20;of&#x20;the&#x20;Learning&#x20;Sciences.</dcvalue>
      <dcvalue element="identifier" qualifier="uri">https://doi.dx.org&#x2F;10.22318&#x2F;cscl2015.312</dcvalue>
      <dcvalue element="description" qualifier="abstract" language="en_US">We argue that the diversity of theories underlying CSCL research and the dispute concerning the distinction between the terms cooperation and collaboration may be explained (at least in part) by the variability of assumptions concerning the role of social interaction for individual learning. In this paper we identify different roles ascribed to social interaction in theories of learning and attempt to link them to different forms of constructivism in order to categorize theoretical conceptualizations of (CS)CL. This categorization may provide a starting point for developing a framework that enables consolidating various theoretical points of view.
</dcvalue>
      <dcvalue element="language" qualifier="iso" language="en_US">en</dcvalue>
      <dcvalue element="publisher" qualifier="none" language="en_US"> International&#x20;Society&#x20;of&#x20;the&#x20;Learning&#x20;Sciences,&#x20;Inc.&#x20;[ISLS].</dcvalue>
      <dcvalue element="title" qualifier="none" language="en_US">Social Interaction, Constructivism and their Application within (CS)CL Theories</dcvalue>
      <dcvalue element="type" qualifier="none" language="en_US">Book&#x20;chapter</dcvalue>
      <dc:subject xml:lang="en">cooperation</dc:subject>
<dc:subject xml:lang="en">collaboration</dc:subject>
<dc:subject xml:lang="en">constructivism</dc:subject>
<dc:subject xml:lang="en">social interaction</dc:subject>
    </dublin_core>