<?xml version="1.0" encoding="utf-8" standalone="no"?>
    <dublin_core schema="dc">
    <dcvalue element="contributor" qualifier="author">Curnow, Joe</dcvalue>
<dcvalue element="contributor" qualifier="author">Chan, Jody R.</dcvalue>
      <dcvalue element="date" qualifier="accessioned">2017-03-21T12:05:42Z</dcvalue>
      <dcvalue element="date" qualifier="available">2017-03-21T12:05:42Z</dcvalue>
      <dcvalue element="date" qualifier="issued">2016-07</dcvalue>
      <dcvalue element="identifier" qualifier="citation" language="en_US">Curnow, J. &amp; Chan, J. R.&#x20;(2016).&#x20;Becoming an “Expert”: Gendered Positioning, Praise, and Participation in an Activist Community&#x20;In&#x20;Looi,&#x20;C.&#x20;K.,&#x20;Polman,&#x20;J.&#x20;L.,&#x20;Cress,&#x20;U.,&#x20;and&#x20;Reimann,&#x20;P.&#x20;(Eds.).&#x20;Transforming&#x20;Learning,&#x20;Empowering&#x20;Learners:&#x20;The&#x20;International&#x20;Conference&#x20;of&#x20;the&#x20;Learning&#x20;Sciences&#x20;(ICLS)&#x20;2016,&#x20;Volume&#x20;1.&#x20;Singapore:&#x20;International&#x20;Society&#x20;of&#x20;the&#x20;Learning&#x20;Sciences,&#x20;pp.&#x20;35-43.</dcvalue>
      <dcvalue element="identifier" qualifier="uri">info:doi&#x2F;10.22318&#x2F;icls2016.21</dcvalue>
      <dcvalue element="description" qualifier="abstract" language="en_US">This paper argues that gendered participation in a community of practice can create an illusion of expertise and learning based on masculine performances of expertise. Looking at a local campaign of the student climate change movement over the course of one year, we analyze participants’ interactions and examine how gendered positioning produces “experts”. We argue that these experts achieve their expertise not through learning or achieving mastery of the core competencies of the community of practice, but rather by performing dominant forms of masculinity, which are affirmed by other members of the community and recognized as authoritative. We argue that theorizations of situated learning must centre critiques of sociohistorical power relations in order to accommodate for such tendencies.</dcvalue>
      <dcvalue element="language" qualifier="iso" language="en_US">en</dcvalue>
      <dcvalue element="publisher" qualifier="none" language="en_US">Singapore:&#x20;International&#x20;Society&#x20;of&#x20;the&#x20;Learning&#x20;Sciences</dcvalue>
      <dcvalue element="title" qualifier="none" language="en_US">Becoming an “Expert”: Gendered Positioning, Praise, and Participation in an Activist Community</dcvalue>
      <dcvalue element="type" qualifier="none" language="en_US">Book&#x20;chapter</dcvalue>
      &lt;dc:subject xml:lang="en"&gt;gender&lt;/dc:subject&gt;
&lt;dc:subject xml:lang="en"&gt;situated learning&lt;/dc:subject&gt;
&lt;dc:subject xml:lang="en"&gt;communities of practice&lt;/dc:subject&gt;
&lt;dc:subject xml:lang="en"&gt;positioning&lt;/dc:subject&gt;
    </dublin_core>