<?xml version="1.0" encoding="utf-8" standalone="no"?>
    <dublin_core schema="dc">
    <dcvalue element="contributor" qualifier="author">Evenstone, Amanda L.</dcvalue>
<dcvalue element="contributor" qualifier="author">Puntambekar, Sadhana</dcvalue>
      <dcvalue element="date" qualifier="accessioned">2017-06-19T14:51:54Z</dcvalue>
      <dcvalue element="date" qualifier="available">2017-06-19T14:51:54Z</dcvalue>
      <dcvalue element="date" qualifier="issued">2015-07</dcvalue>
      <dcvalue element="identifier" qualifier="citation" language="en_US">Evenstone, A. L. &amp; Puntambekar, S.&#x20;(2015).&#x20;Internalization of Physics Concepts and Relationships Based on Teacher Modeling of Collaborative Prompts&#x20;In&#x20; Lindwall,&#x20;O.,&#x20;Häkkinen,&#x20;P.,&#x20;Koschman,&#x20;T.&#x20;Tchounikine,&#x20;P.&#x20;&#x20;Ludvigsen,&#x20;S.&#x20;(Eds.)&#x20;(2015).&#x20;Exploring&#x20;the&#x20;Material&#x20;Conditions&#x20;of&#x20;Learning:&#x20;The&#x20;Computer&#x20;Supported&#x20;Collaborative&#x20;Learning&#x20;(CSCL)&#x20;Conference&#x20;2015,&#x20;Volume&#x20;2.&#x20;Gothenburg,&#x20;Sweden:&#x20;The&#x20;International&#x20;Society&#x20;of&#x20;the&#x20;Learning&#x20;Sciences.</dcvalue>
      <dcvalue element="identifier" qualifier="uri">https://doi.dx.org&#x2F;10.22318&#x2F;cscl2015.344</dcvalue>
      <dcvalue element="description" qualifier="abstract" language="en_US">As students create shared artifacts, individuals and the social system co-evolve through dynamic processes in which individuals and groups shape each other. After collaboration, however, it is not always clear what students internalize from this interaction. Even when students are aware of group-work benefits, effective collaboration does not necessarily occur spontaneously within the group context. To address this potential issue, the teacher can facilitate collaboration by modeling how to foster elaborative group discussions. In this paper, we evaluate how teacher modeling of collaboration prompts may increase the quantity and quality of concepts that students internalize before, during, and after collaboration. We found that students who did not observe modeling increased the quantity of connection on their post concept maps. In contrast, students who did receive modeling increased both the quantity and quality of their connections. This suggests that modeling of prompts before collaboration can deepen the internalization of concepts. 
</dcvalue>
      <dcvalue element="language" qualifier="iso" language="en_US">en</dcvalue>
      <dcvalue element="publisher" qualifier="none" language="en_US"> International&#x20;Society&#x20;of&#x20;the&#x20;Learning&#x20;Sciences,&#x20;Inc.&#x20;[ISLS].</dcvalue>
      <dcvalue element="title" qualifier="none" language="en_US">Internalization of Physics Concepts and Relationships Based on Teacher Modeling of Collaborative Prompts</dcvalue>
      <dcvalue element="type" qualifier="none" language="en_US">Book&#x20;chapter</dcvalue>
      <dc:subject xml:lang="en">shared knowledge</dc:subject>
<dc:subject xml:lang="en">collaboration skills</dc:subject>
<dc:subject xml:lang="en">network analysis</dc:subject>
    </dublin_core>