<?xml version="1.0" encoding="utf-8" standalone="no"?>
    <dublin_core schema="dc">
    <dcvalue element="contributor" qualifier="author">Schmitt, Lara Johanna</dcvalue>
<dcvalue element="contributor" qualifier="author">Weinberger, Armin</dcvalue>
      <dcvalue element="date" qualifier="accessioned">2017-06-19T10:50:27Z</dcvalue>
      <dcvalue element="date" qualifier="available">2017-06-19T10:50:27Z</dcvalue>
      <dcvalue element="date" qualifier="issued">2017-07</dcvalue>
      <dcvalue element="identifier" qualifier="citation" language="en_US">Schmitt, L. J. &amp; Weinberger, A.&#x20;(2017).&#x20;Collaborative Learning on Multi-Touch Interfaces: Scaffolding Elementary School Students&#x20;In&#x20;Smith,&#x20;B.&#x20;K.,&#x20;Borge,&#x20;M.,&#x20;Mercier,&#x20;E.,&#x20;and&#x20;Lim,&#x20;K.&#x20;Y.&#x20;(Eds.).&#x20;(2017).&#x20;Making&#x20;a&#x20;Difference:&#x20;Prioritizing&#x20;Equity&#x20;and&#x20;Access&#x20;in&#x20;CSCL,&#x20;12th&#x20;International&#x20;Conference&#x20;on&#x20;Computer&#x20;Supported&#x20;Collaborative&#x20;Learning&#x20;(CSCL)&#x20;2017,&#x20;Volume&#x20;1.&#x20;Philadelphia,&#x20;PA:&#x20;International&#x20;Society&#x20;of&#x20;the&#x20;Learning&#x20;Sciences.</dcvalue>
      <dcvalue element="identifier" qualifier="uri">https:dx.doi.org&#x2F;10.22318&#x2F;cscl2017.5</dcvalue>
      <dcvalue element="description" qualifier="abstract" language="en_US">Multi-touch interfaces allow for direct and simultaneous input by several co-present learners. Additional scaffolding may or may not be needed to ease or problematize tasks that involve intuitive bodily experiences. In this study, a tablet app (“Proportion”) is supposed to enable two novices (about 10 years old) to collaboratively construct an understanding of proportional relations. In a 2×2 factorial design (n = 162), effects of facilitating strategy prompts (with / without) and problematizing verbalization prompts (with / without) regarding the variables task focus, emotions, quality of dialogue and learning gains have been investigated. While the strategy prompts did not have any significant influence, the verbalization prompts had versatile effects: On one hand, quality of talk was improved, on the other hand, task focus and emotions were negatively affected. Learning gains were limited to near transfer task types and comparable over conditions.</dcvalue>
      <dcvalue element="language" qualifier="iso" language="en_US">en</dcvalue>
      <dcvalue element="publisher" qualifier="none" language="en_US">Philadelphia,&#x20;PA:&#x20;International&#x20;Society&#x20;of&#x20;the&#x20;Learning&#x20;Sciences.</dcvalue>
      <dcvalue element="title" qualifier="none" language="en_US">Collaborative Learning on Multi-Touch Interfaces: Scaffolding Elementary School Students</dcvalue>
      <dcvalue element="type" qualifier="none" language="en_US">Book&#x20;chapter</dcvalue>
      <dc:subject xml:lang="en">Design-Based Research</dc:subject>
<dc:subject xml:lang="en">Simulations</dc:subject>
<dc:subject xml:lang="en">Usability Test</dc:subject>
<dc:subject xml:lang="en">Collaborative Problem Solving Skills</dc:subject>
    </dublin_core>