<?xml version="1.0" encoding="utf-8" standalone="no"?>
    <dublin_core schema="dc">
    <dcvalue element="contributor" qualifier="author">Margulieux, Lauren E.</dcvalue>
<dcvalue element="contributor" qualifier="author">Morrison, Briana B.</dcvalue>
<dcvalue element="contributor" qualifier="author">Guzdial, Mark</dcvalue>
<dcvalue element="contributor" qualifier="author">Catrambone, Richard</dcvalue>
      <dcvalue element="date" qualifier="accessioned">2017-03-21T12:05:42Z</dcvalue>
      <dcvalue element="date" qualifier="available">2017-03-21T12:05:42Z</dcvalue>
      <dcvalue element="date" qualifier="issued">2016-07</dcvalue>
      <dcvalue element="identifier" qualifier="citation" language="en_US">Margulieux, L. E., Morrison, B. B., Guzdial, M., &amp; Catrambone, R.&#x20;(2016).&#x20;Training Learners to Self-Explain: Designing Instructions and Examples to Improve Problem Solving&#x20;In&#x20;Looi,&#x20;C.&#x20;K.,&#x20;Polman,&#x20;J.&#x20;L.,&#x20;Cress,&#x20;U.,&#x20;and&#x20;Reimann,&#x20;P.&#x20;(Eds.).&#x20;Transforming&#x20;Learning,&#x20;Empowering&#x20;Learners:&#x20;The&#x20;International&#x20;Conference&#x20;of&#x20;the&#x20;Learning&#x20;Sciences&#x20;(ICLS)&#x20;2016,&#x20;Volume&#x20;1.&#x20;Singapore:&#x20;International&#x20;Society&#x20;of&#x20;the&#x20;Learning&#x20;Sciences,&#x20;pp.&#x20;35-43.</dcvalue>
      <dcvalue element="identifier" qualifier="uri">info:doi&#x2F;10.22318&#x2F;icls2016.15</dcvalue>
      <dcvalue element="description" qualifier="abstract" language="en_US">In this experiment, we integrated two learning methods – subgoal learning and constructive learning – to explore their interactions and effects on solving computer programming problems. We taught learners to solve problems using worked example and practice problem pairs with one of three kinds of instructional design that either did not highlight the subgoals, described the subgoals, or prompted participants to describe the subgoals for themselves. In addition, we varied the distance of transfer between the worked example and practice problem pairs. We found that instructions that highlighted subgoals improved performance on later problem solving tasks. The groups that performed best were those that received subgoal descriptions with farther transfer between examples and practice problems and those that described subgoals for themselves with nearer transfer.</dcvalue>
      <dcvalue element="language" qualifier="iso" language="en_US">en</dcvalue>
      <dcvalue element="publisher" qualifier="none" language="en_US">Singapore:&#x20;International&#x20;Society&#x20;of&#x20;the&#x20;Learning&#x20;Sciences</dcvalue>
      <dcvalue element="title" qualifier="none" language="en_US">Training Learners to Self-Explain: Designing Instructions and Examples to Improve Problem Solving</dcvalue>
      <dcvalue element="type" qualifier="none" language="en_US">Book&#x20;chapter</dcvalue>
      &lt;dc:subject xml:lang="en"&gt;worked examples&lt;/dc:subject&gt;
&lt;dc:subject xml:lang="en"&gt;constructive learning&lt;/dc:subject&gt;
&lt;dc:subject xml:lang="en"&gt;subgoal learning&lt;/dc:subject&gt;
&lt;dc:subject xml:lang="en"&gt;self-explanation&lt;/dc:subject&gt;
    </dublin_core>