<?xml version="1.0" encoding="utf-8" standalone="no"?>
    <dublin_core schema="dc">
    <dcvalue element="contributor" qualifier="author">Deitrick, Elise</dcvalue>
<dcvalue element="contributor" qualifier="author">Shapiro, R. Benjamin</dcvalue>
<dcvalue element="contributor" qualifier="author">Gravel, Brian</dcvalue>
      <dcvalue element="date" qualifier="accessioned">2017-03-21T12:05:42Z</dcvalue>
      <dcvalue element="date" qualifier="available">2017-03-21T12:05:42Z</dcvalue>
      <dcvalue element="date" qualifier="issued">2016-07</dcvalue>
      <dcvalue element="identifier" qualifier="citation" language="en_US">Deitrick, E., Shapiro, R. B., &amp; Gravel, B.&#x20;(2016).&#x20;How Do We Assess Equity in Programming Pairs?&#x20;In&#x20;Looi,&#x20;C.&#x20;K.,&#x20;Polman,&#x20;J.&#x20;L.,&#x20;Cress,&#x20;U.,&#x20;and&#x20;Reimann,&#x20;P.&#x20;(Eds.).&#x20;Transforming&#x20;Learning,&#x20;Empowering&#x20;Learners:&#x20;The&#x20;International&#x20;Conference&#x20;of&#x20;the&#x20;Learning&#x20;Sciences&#x20;(ICLS)&#x20;2016,&#x20;Volume&#x20;1.&#x20;Singapore:&#x20;International&#x20;Society&#x20;of&#x20;the&#x20;Learning&#x20;Sciences,&#x20;pp.&#x20;35-43.</dcvalue>
      <dcvalue element="identifier" qualifier="uri">info:doi&#x2F;10.22318&#x2F;icls2016.49</dcvalue>
      <dcvalue element="description" qualifier="abstract" language="en_US">We comparatively apply methods for assessing equity to find ways that allow us to better interrogate, describe, and understand the construct’s complexities. To do so, we replicate prior work assessing equity in programming pairs (Lewis &amp; Shah, 2015; Shah, Lewis, &amp; Caires, 2014) by creating distributions of coded (1) computer use, (2) turns of talk, and (3) questions and commands; furthermore we build upon their application by (4) examining students’ embodied interaction and social positioning. Using these four methods to analyze the discourse of a pair of students programming, we identified numerous examples of positioning shifts, and see how inequities could potentially emerge through discursive mechanisms. We then reflect on what each of these four different methods foreground, their strengths and shortcomings, including their sensitivity to time-scope and pedagogy, and triangulate the quantified and qualitative results.</dcvalue>
      <dcvalue element="language" qualifier="iso" language="en_US">en</dcvalue>
      <dcvalue element="publisher" qualifier="none" language="en_US">Singapore:&#x20;International&#x20;Society&#x20;of&#x20;the&#x20;Learning&#x20;Sciences</dcvalue>
      <dcvalue element="title" qualifier="none" language="en_US">How Do We Assess Equity in Programming Pairs?</dcvalue>
      <dcvalue element="type" qualifier="none" language="en_US">Book&#x20;chapter</dcvalue>
      &lt;dc:subject xml:lang="en"&gt;equity&lt;/dc:subject&gt;
&lt;dc:subject xml:lang="en"&gt;collaborative learning&lt;/dc:subject&gt;
&lt;dc:subject xml:lang="en"&gt;research methods&lt;/dc:subject&gt;
&lt;dc:subject xml:lang="en"&gt;computer science&lt;/dc:subject&gt;
    </dublin_core>