,Source,Target
0,381,246
1,542,252
2,824,458
3,387,574
4,126,314
5,158,78
6,472,1
7,448,409
8,101,381
9,156,728
10,85,720
11,6,662
12,370,384
13,56,5
14,530,232
15,689,418
16,506,30
17,691,568
18,667,455
19,455,530
20,192,318
21,434,329
22,475,160
23,830,663
24,830,157
25,336,62
26,620,800
27,597,542
28,508,506
29,433,633
30,378,276
31,288,184
32,560,492
33,78,155
34,150,727
35,83,438
36,620,760
37,268,508
38,248,594
39,467,452
40,452,576
41,157,433
42,237,40
43,654,496
44,148,521
45,736,499
46,62,818
47,211,448
48,769,671
49,335,784
50,348,760
51,719,493
52,157,396
53,706,68
54,534,821
55,494,381
56,649,488
57,202,508
58,537,769
59,238,423
60,583,23
61,645,593
62,126,419
63,53,673
64,494,723
65,419,506
66,508,576
67,455,592
68,97,90
69,798,480
70,592,830
71,314,89
72,743,304
73,801,666
74,741,691
75,363,476
76,587,637
77,479,813
78,230,721
79,324,659
80,448,148
81,454,158
82,277,104
83,634,140
84,829,522
85,264,825
86,647,458
87,617,174
88,448,176
89,681,670
90,176,96
91,261,767
92,23,651
93,91,301
94,832,436
95,264,770
96,429,785
97,499,741
98,167,336
99,577,680
100,514,259
101,9,370
102,30,448
103,685,824
104,65,689
105,335,820
106,729,389
107,784,335
108,74,814
109,510,89
110,583,266
111,586,542
112,583,604
113,81,588
114,490,342
115,229,744
116,596,464
117,208,85
118,208,239
119,607,334
120,69,157
121,130,367
122,512,303
123,56,157
124,152,840
125,845,189
126,743,770
127,290,753
128,528,184
129,380,515
130,329,415
131,297,334
132,667,530
133,726,738
134,361,553
135,185,44
136,571,351
137,176,30
138,829,32
139,545,796
140,94,647
141,676,592
142,817,309
143,140,320
144,202,314
145,772,727
146,202,156
147,540,719
148,508,96
149,293,335
150,283,493
151,31,293
152,239,454
153,167,182
154,580,75
155,159,334
156,90,154
157,4,163
158,371,529
159,75,580
160,718,560
161,180,259
162,229,427
163,288,265
164,157,713
165,268,30
166,504,429
167,820,329
168,360,486
169,733,20
170,90,334
171,53,667
172,840,18
173,199,770
174,654,521
175,562,265
176,517,684
177,320,634
178,357,254
179,157,152
180,594,248
181,221,7
182,328,713
183,156,419
184,677,164
185,536,290
186,195,95
187,634,617
188,537,193
189,705,12
190,749,527
191,94,677
192,25,455
193,329,581
194,727,323
195,271,665
196,97,327
197,205,514
198,515,825
199,78,531
200,120,706
201,320,140
202,246,381
203,661,167
204,650,763
205,647,94
206,448,467
207,490,272
208,449,792
209,515,304
210,763,470
211,485,684
212,357,418
213,433,727
214,130,159
215,447,79
216,562,326
217,540,40
218,406,606
219,362,785
220,47,451
221,415,168
222,126,727
223,801,838
224,217,741
225,726,353
226,382,190
227,159,790
228,622,30
229,487,844
230,297,159
231,329,75
232,335,157
233,827,575
234,829,226
235,713,323
236,264,380
237,21,30
238,148,211
239,796,53
240,830,620
241,357,717
242,372,616
243,634,320
244,236,790
245,335,31
246,409,508
247,607,529
248,820,817
249,551,566
250,775,138
251,202,30
252,271,419
253,728,665
254,337,371
255,754,468
256,109,449
257,400,102
258,733,683
259,309,727
260,233,454
261,307,748
262,88,539
263,720,233
264,336,637
265,813,292
266,261,254
267,534,155
268,395,680
269,537,212
270,536,154
271,817,329
272,436,406
273,554,722
274,454,720
275,790,529
276,0,697
277,517,818
278,493,463
279,48,626
280,556,696
281,290,97
282,329,580
283,226,31
284,186,23
285,407,759
286,271,89
287,506,109
288,193,245
289,386,759
290,793,174
291,796,349
292,232,257
293,723,212
294,158,813
295,360,372
296,157,663
297,157,640
298,334,117
299,22,296
300,366,261
301,576,510
302,245,723
303,727,314
304,140,501
305,78,239
306,492,212
307,654,409
308,530,592
309,289,381
310,549,122
311,44,774
312,372,640
313,796,673
314,647,335
315,349,796
316,292,679
317,508,480
318,103,27
319,109,96
320,228,360
321,331,470
322,268,109
323,673,232
324,211,576
325,535,79
326,602,149
327,411,558
328,157,633
329,320,745
330,52,360
331,713,832
332,610,36
333,508,832
334,489,585
335,813,155
336,191,508
337,307,570
338,557,454
339,381,141
340,96,606
341,510,576
342,821,773
343,406,764
344,366,835
345,657,753
346,536,790
347,45,422
348,627,650
349,62,5
350,512,360
351,168,644
352,54,679
353,807,72
354,291,134
355,327,529
356,290,90
357,344,422
358,176,406
359,435,483
360,367,695
361,592,113
362,101,212
363,529,57
364,156,271
365,785,318
366,272,779
367,384,370
368,409,176
369,498,701
370,800,429
371,461,424
372,790,327
373,337,529
374,70,62
375,176,467
376,815,384
377,660,255
378,61,72
379,164,647
380,727,436
381,592,192
382,163,173
383,57,513
384,794,252
385,101,718
386,89,539
387,467,727
388,616,93
389,181,652
390,492,537
391,254,835
392,26,32
393,118,430
394,779,431
395,624,392
396,504,760
397,813,388
398,334,536
399,165,619
400,370,626
401,246,289
402,433,713
403,226,26
404,94,32
405,148,30
406,68,430
407,437,731
408,245,560
409,818,56
410,741,217
411,820,727
412,23,604
413,9,815
414,259,514
415,436,817
416,756,610
417,329,318
418,826,529
419,326,15
420,199,380
421,308,137
422,320,457
423,257,642
424,607,569
425,183,591
426,290,159
427,232,53
428,690,698
429,280,74
430,433,436
431,290,536
432,510,126
433,521,92
434,78,85
435,268,89
436,30,176
437,271,727
438,320,174
439,824,226
440,360,27
441,264,657
442,373,645
443,683,131
444,309,713
445,772,654
446,166,660
447,557,233
448,384,9
449,494,101
450,419,156
451,449,96
452,433,323
453,313,80
454,57,597
455,290,154
456,529,536
457,463,143
458,606,156
459,603,204
460,677,31
461,303,637
462,356,212
463,98,722
464,202,728
465,40,719
466,56,661
467,727,654
468,20,110
469,536,97
470,569,154
471,406,252
472,844,487
473,604,23
474,793,617
475,357,835
476,373,404
477,32,824
478,813,89
479,522,293
480,449,606
481,380,290
482,148,176
483,803,601
484,651,23
485,409,148
486,760,504
487,743,657
488,515,657
489,26,31
490,587,62
491,545,592
492,665,727
493,109,510
494,101,245
495,734,18
496,673,545
497,832,87
498,338,555
499,512,592
500,304,380
501,560,245
502,486,360
503,813,235
504,378,774
505,335,804
506,255,626
507,301,450
508,145,587
509,185,774
510,30,665
511,412,706
512,154,297
513,718,769
514,777,14
515,158,155
516,415,157
517,429,318
518,70,637
519,698,27
520,508,89
521,27,640
522,25,530
523,817,335
524,647,226
525,710,102
526,29,217
527,449,382
528,844,217
529,824,677
530,529,236
531,770,753
532,202,89
533,415,581
534,356,193
535,780,638
536,265,326
537,813,777
538,640,501
539,735,261
540,684,813
541,565,675
542,735,357
543,790,154
544,87,508
545,454,85
546,529,337
547,581,508
548,521,452
549,761,809
550,198,525
551,515,290
552,261,366
553,657,770
554,21,96
555,511,655
556,409,496
557,185,276
558,150,271
559,366,735
560,587,818
561,31,522
562,494,537
563,637,661
564,159,97
565,80,298
566,508,820
567,337,536
568,15,839
569,494,141
570,616,640
571,506,156
572,733,131
573,620,348
574,496,772
575,809,539
576,245,212
577,172,836
578,527,281
579,735,835
580,289,141
581,406,335
582,736,29
583,717,366
584,763,301
585,508,191
586,835,261
587,718,492
588,289,356
589,477,801
590,835,357
591,725,367
592,193,723
593,690,734
594,414,566
595,178,718
596,640,734
597,53,545
598,640,360
599,728,406
600,592,360
601,329,688
602,464,596
603,360,541
604,512,228
605,684,818
606,95,529
607,684,485
608,329,323
609,686,711
610,98,554
611,126,508
612,247,389
613,560,193
614,592,25
615,190,33
616,559,185
617,304,825
618,415,586
619,510,156
620,348,157
621,829,293
622,236,327
623,804,522
624,131,110
625,290,529
626,454,813
627,829,31
628,510,109
629,760,663
630,730,210
631,173,4
632,569,97
633,19,40
634,110,68
635,158,773
636,154,117
637,430,674
638,158,454
639,578,206
640,463,719
641,634,793
642,448,727
643,675,565
644,830,760
645,450,763
646,133,6
647,521,409
648,713,581
649,406,268
650,486,579
651,161,670
652,94,824
653,825,753
654,449,406
655,626,166
656,718,537
657,95,542
658,467,148
659,327,337
660,54,108
661,638,276
662,525,435
663,67,819
664,429,760
665,87,764
666,166,626
667,393,499
668,360,592
669,815,166
670,326,402
671,753,770
672,150,510
673,545,333
674,38,737
675,67,339
676,371,380
677,226,293
678,174,457
679,268,156
680,785,192
681,307,679
682,53,349
683,106,195
684,769,356
685,560,101
686,84,179
687,521,148
688,492,289
689,234,651
690,824,293
691,575,203
692,670,514
693,146,469
694,110,412
695,839,528
696,341,225
697,18,698
698,592,512
699,569,371
700,247,171
701,444,303
702,612,447
703,767,357
704,801,360
705,679,235
706,239,85
707,372,18
708,728,89
709,230,197
710,510,669
711,205,161
712,612,535
713,688,69
714,416,340
715,800,663
716,155,773
717,720,274
718,75,157
719,249,653
720,761,92
721,19,463
722,101,246
723,706,680
724,753,304
725,680,412
726,438,83
727,576,508
728,335,32
729,842,404
730,117,371
731,577,68
732,2,512
733,767,835
734,126,728
735,820,633
736,415,323
737,530,333
738,399,352
739,548,314
740,609,604
741,777,813
742,514,161
743,663,429
744,695,63
745,271,506
746,96,30
747,103,734
748,508,727
749,620,830
750,134,716
751,159,90
752,415,252
753,318,329
754,351,461
755,226,94
756,804,685
757,722,351
758,826,57
759,469,813
760,709,63
761,833,611
762,625,719
763,448,211
764,779,272
765,157,727
766,515,743
767,289,178
768,314,21
769,141,492
770,101,560
771,384,48
772,314,30
773,427,399
774,293,824
775,157,192
776,337,154
777,437,262
778,661,5
779,502,262
780,547,837
781,139,471
782,691,765
783,728,449
784,764,309
785,293,226
786,176,772
787,403,746
788,504,800
789,301,404
790,691,715
791,290,569
792,504,348
793,685,804
794,247,729
795,674,680
796,212,141
797,713,764
798,265,15
799,515,770
800,769,245
801,279,248
802,293,485
803,820,832
804,91,404
805,501,793
806,174,501
807,567,795
808,808,85
809,731,437
810,764,436
811,21,89
812,208,274
813,351,424
814,252,415
815,436,433
816,592,434
817,784,31
818,539,469
819,268,727
820,404,373
821,348,429
822,406,87
823,532,71
824,223,700
825,347,599
826,226,335
827,125,592
828,231,692
829,406,449
830,571,77
831,30,521
832,531,85
833,164,226
834,176,150
835,737,38
836,647,164
837,30,156
838,25,232
839,690,103
840,513,662
841,274,813
842,87,817
843,449,21
844,800,433
845,667,25
846,89,150
847,211,30
848,824,685
849,389,171
850,592,460
851,293,164
852,290,371
853,526,171
854,838,477
855,44,559
856,755,397
857,164,685
858,246,212
859,21,314
860,530,460
861,665,419
862,646,360
863,727,309
864,311,533
865,554,461
866,103,640
867,195,513
868,32,31
869,40,625
870,18,372
871,372,698
872,777,679
873,692,231
874,62,70
875,501,734
876,234,583
877,78,158
878,508,415
879,571,554
880,39,491
881,510,727
882,210,470
883,40,463
884,638,185
885,634,457
886,316,57
887,660,370
888,54,813
889,289,246
890,406,510
891,31,824
892,452,148
893,617,634
894,345,708
895,65,254
896,30,409
897,727,508
898,178,671
899,838,495
900,155,250
901,633,157
902,393,487
903,697,312
904,528,562
905,654,772
906,342,431
907,56,192
908,654,314
909,126,406
910,350,225
911,360,838
912,449,30
913,428,802
914,818,293
915,73,499
916,437,502
917,496,148
918,342,490
919,581,329
920,493,719
921,199,371
922,157,103
923,293,647
924,522,647
925,780,44
926,198,768
927,633,713
928,667,232
929,485,517
930,193,246
931,533,532
932,271,508
933,250,85
934,452,521
935,333,460
936,157,830
937,734,840
938,452,508
939,613,539
940,759,28
941,280,814
942,366,767
943,798,227
944,30,419
945,720,78
946,479,209
947,358,643
948,767,717
949,407,28
950,429,56
951,65,735
952,154,327
953,729,171
954,277,561
955,96,109
956,90,159
957,665,268
958,32,458
959,159,536
960,5,818
961,620,429
962,429,434
963,152,27
964,194,678
965,794,542
966,97,371
967,734,372
968,109,176
969,604,234
970,178,246
971,83,588
972,335,647
973,519,73
974,406,794
975,545,673
976,291,653
977,77,351
978,115,132
979,94,26
980,722,554
981,158,243
982,486,749
983,651,543
984,182,818
985,102,400
986,804,164
987,433,508
988,62,167
989,667,460
990,18,27
991,157,323
992,192,785
993,274,158
994,192,429
995,435,768
996,753,371
997,276,44
998,711,332
999,176,271
1000,748,307
1001,604,147
1002,418,689
1003,731,692
1004,276,780
1005,647,31
1006,543,234
1007,360,527
1008,285,179
1009,713,436
1010,449,126
1011,304,770
1012,730,331
1013,63,695
1014,5,587
1015,159,629
1016,158,239
1017,592,550
1018,651,266
1019,110,187
1020,120,68
1021,148,314
1022,335,633
1023,535,612
1024,449,268
1025,494,212
1026,620,504
1027,174,617
1028,504,106
1029,672,805
1030,419,314
1031,529,117
1032,360,228
1033,522,824
1034,606,96
1035,607,97
1036,588,204
1037,697,200
1038,690,501
1039,208,233
1040,211,510
1041,320,501
1042,26,784
1043,542,57
1044,92,521
1045,278,180
1046,508,419
1047,379,747
1048,178,492
1049,406,314
1050,581,832
1051,522,32
1052,250,239
1053,745,320
1054,418,717
1055,496,508
1056,554,571
1057,192,830
1058,772,30
1059,281,527
1060,665,506
1061,255,9
1062,541,666
1063,333,455
1064,406,728
1065,844,736
1066,266,583
1067,180,514
1068,27,698
1069,30,314
1070,301,91
1071,21,449
1072,209,813
1073,279,213
1074,419,89
1075,157,832
1076,70,336
1077,202,506
1078,728,156
1079,543,520
1080,732,789
1081,571,724
1082,492,246
1083,202,419
1084,283,19
1085,813,78
1086,441,422
1087,39,702
1088,728,508
1089,211,594
1090,5,70
1091,581,764
1092,360,801
1093,688,433
1094,87,309
1095,606,510
1096,77,554
1097,748,570
1098,215,162
1099,89,176
1100,433,504
1101,18,840
1102,633,727
1103,723,671
1104,761,573
1105,769,560
1106,640,698
1107,785,75
1108,53,455
1109,593,473
1110,152,698
1111,367,725
1112,371,264
1113,506,406
1114,272,490
1115,768,483
1116,211,496
1117,587,444
1118,202,271
1119,743,380
1120,459,635
1121,239,813
1122,419,728
1123,621,500
1124,30,89
1125,677,26
1126,510,506
1127,357,366
1128,433,396
1129,158,531
1130,537,671
1131,486,303
1132,454,274
1133,515,199
1134,721,197
1135,329,436
1136,691,364
1137,415,644
1138,254,65
1139,568,765
1140,303,527
1141,814,107
1142,300,342
1143,764,87
1144,236,297
1145,406,271
1146,87,713
1147,606,109
1148,141,494
1149,496,314
1150,110,120
1151,449,201
1152,691,29
1153,685,26
1154,281,646
1155,251,498
1156,522,31
1157,335,522
1158,508,496
1159,209,479
1160,362,75
1161,581,335
1162,303,281
1163,356,141
1164,53,257
1165,785,580
1166,276,378
1167,453,552
1168,328,567
1169,577,412
1170,797,700
1171,587,182
1172,776,72
1173,415,508
1174,804,31
1175,66,219
1176,69,396
1177,622,539
1178,233,250
1179,330,199
1180,539,92
1181,723,101
1182,56,362
1183,825,770
1184,691,741
1185,70,818
1186,436,329
1187,592,303
1188,406,157
1189,493,540
1190,259,180
1191,479,108
1192,171,425
1193,434,56
1194,713,433
1195,508,21
1196,501,457
1197,103,501
1198,47,528
1199,677,94
1200,352,427
1201,293,458
1202,154,529
1203,433,830
1204,844,29
1205,40,237
1206,312,0
1207,449,89
1208,455,53
1209,78,557
1210,448,30
1211,501,157
1212,769,289
1213,157,56
1214,529,334
1215,727,728
1216,537,381
1217,204,816
1218,150,728
1219,486,646
1220,53,460
1221,150,449
1222,713,795
1223,419,202
1224,277,138
1225,482,805
1226,65,261
1227,529,297
1228,629,130
1229,620,433
1230,90,297
1231,40,143
1232,381,560
1233,78,720
1234,360,281
1235,118,674
1236,804,32
1237,226,829
1238,501,640
1239,106,504
1240,487,741
1241,695,725
1242,92,809
1243,536,607
1244,371,569
1245,501,617
1246,587,5
1247,134,291
1248,444,167
1249,53,658
1250,32,335
1251,409,448
1252,200,697
1253,265,528
1254,429,192
1255,176,58
1256,157,508
1257,418,835
1258,559,240
1259,21,506
1260,117,297
1261,593,114
1262,362,157
1263,27,616
1264,734,103
1265,328,633
1266,155,531
1267,245,141
1268,477,360
1269,155,85
1270,657,304
1271,114,645
1272,40,19
1273,677,293
1274,455,545
1275,159,367
1276,717,767
1277,531,158
1278,356,494
1279,58,789
1280,832,713
1281,449,510
1282,15,184
1283,818,62
1284,162,608
1285,448,496
1286,360,840
1287,821,155
1288,628,326
1289,425,149
1290,506,449
1291,790,159
1292,501,372
1293,644,406
1294,161,205
1295,840,27
1296,813,274
1297,798,508
1298,109,606
1299,186,543
1300,27,690
1301,354,411
1302,640,103
1303,192,329
1304,185,83
1305,238,466
1306,689,366
1307,26,804
1308,310,24
1309,772,496
1310,512,749
1311,311,532
1312,96,21
1313,531,557
1314,723,245
1315,510,419
1316,720,239
1317,157,504
1318,249,55
1319,110,733
1320,492,245
1321,698,734
1322,26,94
1323,832,406
1324,815,48
1325,825,304
1326,110,577
1327,633,328
1328,665,271
1329,521,30
1330,304,264
1331,606,419
1332,174,634
1333,560,381
1334,832,309
1335,796,545
1336,573,539
1337,691,736
1338,335,26
1339,718,193
1340,84,285
1341,202,727
1342,138,104
1343,266,23
1344,466,253
1345,110,683
1346,466,238
1347,295,206
1348,429,329
1349,665,202
1350,433,832
1351,278,161
1352,433,663
1353,787,779
1354,645,738
1355,300,787
1356,506,728
1357,187,270
1358,360,131
1359,254,735
1360,472,284
1361,360,2
1362,371,337
1363,536,529
1364,506,202
1365,447,612
1366,354,558
1367,770,657
1368,530,25
1369,680,577
1370,501,745
1371,381,212
1372,249,136
1373,546,376
1374,164,458
1375,448,510
1376,749,360
1377,597,513
1378,99,443
1379,61,776
1380,772,314
1381,435,525
1382,289,671
1383,533,105
1384,265,451
1385,698,501
1386,366,357
1387,228,2
1388,78,208
1389,371,236
1390,515,330
1391,681,205
1392,356,178
1393,376,546
1394,111,230
1395,725,629
1396,179,285
1397,1,472
1398,75,785
1399,424,461
1400,492,141
1401,414,551
1402,417,664
1403,245,101
1404,731,592
1405,171,389
1406,727,665
1407,836,709
1408,380,371
1409,830,785
1410,136,249
1411,510,268
1412,437,692
1413,597,57
1414,513,504
1415,557,274
1416,525,483
1417,486,281
1418,669,546
1419,724,424
1420,157,840
1421,286,374
1422,206,812
1423,309,508
1424,510,150
1425,30,21
1426,784,164
1427,617,501
1428,529,95
1429,117,97
1430,508,817
1431,366,689
1432,342,272
1433,625,19
1434,329,69
1435,612,79
1436,126,606
1437,334,607
1438,569,607
1439,520,266
1440,108,679
1441,450,404
1442,727,506
1443,264,371
1444,640,18
1445,176,496
1446,109,419
1447,150,268
1448,443,621
1449,661,70
1450,264,753
1451,77,724
1452,165,405
1453,232,545
1454,318,785
1455,419,508
1456,543,651
1457,429,580
1458,711,712
1459,199,304
1460,157,820
1461,186,604
1462,318,580
1463,133,662
1464,457,501
1465,542,195
1466,405,402
1467,604,543
1468,29,844
1469,334,90
1470,790,337
1471,765,691
1472,303,592
1473,214,338
1474,337,117
1475,87,633
1476,298,80
1477,429,800
1478,30,727
1479,47,265
1480,372,734
1481,143,540
1482,658,53
1483,647,32
1484,30,508
1485,274,78
1486,818,167
1487,793,140
1488,226,804
1489,654,452
1490,629,367
1491,362,592
1492,795,436
1493,528,326
1494,5,62
1495,131,456
1496,360,501
1497,329,764
1498,336,587
1499,21,271
1500,96,449
1501,154,790
1502,458,647
1503,71,533
1504,156,268
1505,433,87
1506,152,157
1507,318,830
1508,69,688
1509,512,646
1510,246,178
1511,235,292
1512,176,510
1513,370,660
1514,560,289
1515,839,288
1516,195,597
1517,520,234
1518,768,435
1519,167,661
1520,429,504
1521,829,335
1522,329,396
1523,193,381
1524,554,724
1525,209,679
1526,492,560
1527,695,836
1528,268,728
1529,706,120
1530,460,530
1531,335,329
1532,205,681
1533,521,539
1534,569,529
1535,372,501
1536,597,504
1537,97,236
1538,784,824
1539,271,406
1540,94,226
1541,326,528
1542,156,606
1543,304,515
1544,496,727
1545,318,429
1546,684,293
1547,101,289
1548,490,787
1549,671,178
1550,722,724
1551,360,734
1552,542,644
1553,504,195
1554,683,20
1555,462,375
1556,525,768
1557,829,26
1558,412,430
1559,329,335
1560,674,430
1561,819,339
1562,431,490
1563,646,592
1564,3,649
1565,794,586
1566,501,634
1567,26,293
1568,174,140
1569,281,512
1570,804,824
1571,499,736
1572,117,90
1573,160,475
1574,490,300
1575,337,159
1576,21,728
1577,772,211
1578,832,817
1579,159,695
1580,193,101
1581,384,626
1582,800,504
1583,211,654
1584,312,200
1585,733,110
1586,432,539
1587,104,277
1588,449,314
1589,698,157
1590,647,784
1591,131,360
1592,481,258
1593,741,499
1594,253,423
1595,522,677
1596,660,48
1597,360,640
1598,157,372
1599,454,155
1600,193,560
1601,450,373
1602,680,674
1603,506,508
1604,11,837
1605,297,117
1606,824,829
1607,94,522
1608,372,27
1609,380,199
1610,2,228
1611,246,537
1612,335,677
1613,727,521
1614,75,429
1615,455,232
1616,561,138
1617,793,501
1618,250,78
1619,254,261
1620,150,606
1621,105,71
1622,536,327
1623,147,609
1624,735,717
1625,759,315
1626,239,233
1627,494,245
1628,209,108
1629,580,56
1630,89,606
1631,772,576
1632,70,56
1633,26,226
1634,158,821
1635,70,5
1636,559,638
1637,271,606
1638,593,738
1639,587,56
1640,65,835
1641,186,266
1642,433,69
1643,373,763
1644,704,298
1645,809,573
1646,96,271
1647,638,44
1648,93,734
1649,371,90
1650,331,627
1651,362,830
1652,36,256
1653,753,330
1654,710,360
1655,661,62
1656,690,360
1657,493,40
1658,274,454
1659,266,651
1660,731,502
1661,679,307
1662,433,157
1663,293,804
1664,356,492
1665,386,315
1666,691,393
1667,531,274
1668,458,677
1669,69,433
1670,155,274
1671,93,616
1672,65,357
1673,666,801
1674,735,254
1675,824,784
1676,29,741
1677,835,717
1678,202,510
1679,252,542
1680,542,415
1681,312,697
1682,281,360
1683,779,490
1684,825,657
1685,625,143
1686,455,460
1687,679,479
1688,458,522
1689,654,467
1690,326,398
1691,30,506
1692,727,211
1693,182,637
1694,21,419
1695,495,541
1696,252,794
1697,640,616
1698,225,341
1699,660,166
1700,645,373
1701,820,508
1702,681,161
1703,83,559
1704,467,654
1705,27,734
1706,629,725
1707,212,494
1708,463,625
1709,378,559
1710,784,32
1711,430,412
1712,245,769
1713,800,830
1714,342,787
1715,671,494
1716,288,326
1717,171,247
1718,116,60
1719,56,580
1720,452,727
1721,677,32
1722,204,603
1723,592,333
1724,488,649
1725,323,508
1726,202,406
1727,455,667
1728,148,448
1729,700,223
1730,537,492
1731,835,254
1732,236,529
1733,176,211
1734,87,820
1735,105,533
1736,418,366
1737,501,690
1738,723,141
1739,626,370
1740,234,604
1741,729,247
1742,720,531
1743,356,246
1744,769,723
1745,813,146
1746,499,691
1747,339,426
1748,816,603
1749,584,487
1750,562,451
1751,31,677
1752,242,695
1753,766,322
1754,25,53
1755,473,114
1756,182,661
1757,157,87
1758,166,370
1759,829,824
1760,323,309
1761,239,531
1762,647,824
1763,764,633
1764,27,501
1765,18,360
1766,694,615
1767,467,448
1768,461,351
1769,665,156
1770,532,311
1771,109,268
1772,633,581
1773,790,236
1774,468,823
1775,158,274
1776,328,795
1777,832,764
1778,666,477
1779,316,504
1780,779,342
1781,542,106
1782,818,485
1783,558,354
1784,232,455
1785,335,433
1786,506,271
1787,165,326
1788,510,508
1789,85,78
1790,327,790
1791,309,433
1792,289,212
1793,573,521
1794,11,547
1795,18,157
1796,665,150
1797,148,654
1798,744,229
1799,393,741
1800,371,515
1801,56,62
1802,607,327
1803,9,255
1804,256,610
1805,381,671
1806,637,182
1807,747,379
1808,353,645
1809,217,393
1810,646,527
1811,529,90
1812,367,159
1813,583,186
1814,154,236
1815,333,545
1816,790,297
1817,574,387
1818,421,374
1819,569,327
1820,349,53
1821,337,327
1822,193,494
1823,496,467
1824,586,415
1825,49,51
1826,30,406
1827,448,508
1828,689,767
1829,254,767
1830,700,797
1831,770,743
1832,521,496
1833,793,634
1834,412,395
1835,449,176
1836,454,531
1837,297,790
1838,384,660
1839,360,152
1840,57,504
1841,172,695
1842,430,706
1843,192,362
1844,434,318
1845,18,734
1846,581,727
1847,245,289
1848,449,665
1849,152,103
1850,164,522
1851,661,56
1852,695,172
1853,376,669
1854,202,126
1855,606,30
1856,250,813
1857,501,174
1858,239,155
1859,457,617
1860,65,767
1861,384,166
1862,268,21
1863,767,254
1864,386,28
1865,610,103
1866,631,294
1867,625,463
1868,537,289
1869,246,356
1870,588,816
1871,775,277
1872,212,193
1873,734,93
1874,630,831
1875,754,823
1876,499,519
1877,689,65
1878,510,202
1879,569,236
1880,130,725
1881,157,698
1882,406,168
1883,499,217
1884,454,557
1885,508,510
1886,422,441
1887,78,274
1888,698,18
1889,513,597
1890,265,562
1891,117,334
1892,148,727
1893,466,423
1894,818,587
1895,382,33
1896,510,271
1897,375,462
1898,467,211
1899,389,729
1900,48,255
1901,577,395
1902,492,718
1903,557,78
1904,817,633
1905,625,540
1906,189,843
1907,725,159
1908,176,202
1909,31,226
1910,373,473
1911,196,112
1912,97,334
1913,517,293
1914,494,492
1915,830,592
1916,661,587
1917,763,450
1918,567,436
1919,18,501
1920,617,140
1921,800,348
1922,336,661
1923,234,543
1924,193,537
1925,606,727
1926,298,313
1927,184,265
1928,241,119
1929,141,537
1930,832,508
1931,790,290
1932,677,458
1933,97,790
1934,129,291
1935,477,666
1936,832,727
1937,677,685
1938,327,90
1939,769,101
1940,352,399
1941,840,616
1942,773,821
1943,412,110
1944,93,343
1945,44,378
1946,315,407
1947,208,720
1948,607,290
1949,723,537
1950,371,743
1951,409,727
1952,36,610
1953,336,70
1954,592,75
1955,290,334
1956,32,164
1957,185,240
1958,813,54
1959,47,326
1960,391,694
1961,103,616
1962,126,271
1963,540,463
1964,297,290
1965,490,431
1966,82,771
1967,140,793
1968,10,782
1969,840,734
1970,564,807
1971,150,665
1972,266,234
1973,109,21
1974,261,65
1975,444,145
1976,709,836
1977,724,554
1978,406,109
1979,582,310
1980,239,208
1981,665,126
1982,314,202
1983,95,826
1984,653,249
1985,62,182
1986,303,444
1987,252,586
1988,408,592
1989,792,449
1990,326,47
1991,696,556
1992,118,706
1993,645,114
1994,537,723
1995,333,232
1996,13,173
1997,266,604
1998,616,372
1999,506,268
2000,212,245
2001,184,326
2002,840,372
2003,208,155
2004,774,559
2005,508,156
2006,14,679
2007,212,101
2008,309,87
2009,176,109
2010,255,815
2011,423,253
2012,288,15
2013,155,208
2014,728,727
2015,117,337
2016,131,52
2017,557,250
2018,576,176
2019,627,331
2020,191,227
2021,314,419
2022,19,719
2023,657,290
2024,19,625
2025,557,808
2026,89,96
2027,245,718
2028,619,402
2029,727,832
2030,467,314
2031,655,590
2032,677,335
2033,122,549
2034,607,154
2035,727,713
2036,579,360
2037,406,309
2038,360,110
2039,81,204
2040,785,329
2041,594,213
2042,513,428
2043,560,671
2044,226,677
2045,770,380
2046,663,348
2047,663,157
2048,485,818
2049,386,407
2050,531,155
2051,610,756
2052,164,32
2053,458,335
2054,433,581
2055,381,193
2056,150,89
2057,199,264
2058,25,592
2059,202,449
2060,290,825
2061,533,71
2062,127,575
2063,540,283
2064,47,184
2065,651,234
2066,289,723
2067,426,819
2068,254,357
2069,520,186
2070,424,722
2071,304,290
2072,772,448
2073,52,131
2074,200,0
2075,483,768
2076,68,120
2077,96,728
2078,576,30
2079,723,289
2080,335,713
2081,190,792
2082,212,492
2083,245,381
2084,9,384
2085,832,820
2086,764,581
2087,323,329
2088,219,66
2089,671,492
2090,581,820
2091,652,181
2092,531,720
2093,510,449
2094,770,825
2095,154,337
2096,606,506
2097,356,769
2098,758,177
2099,334,337
2100,31,685
2101,157,406
2102,314,496
2103,559,276
2104,734,360
2105,137,308
2106,451,15
2107,373,593
2108,458,804
2109,661,637
2110,96,150
2111,685,293
2112,539,813
2113,527,592
2114,266,520
2115,199,515
2116,830,56
2117,222,474
2118,743,371
2119,839,265
2120,335,824
2121,607,117
2122,164,824
2123,388,209
2124,703,843
2125,539,809
2126,679,777
2127,528,288
2128,143,625
2129,75,56
2130,211,279
2131,834,618
2132,676,113
2133,543,23
2134,523,417
2135,695,709
2136,727,433
2137,674,577
2138,232,349
2139,842,91
2140,164,31
2141,334,569
2142,19,540
2143,650,730
2144,694,391
2145,816,81
2146,544,250
2147,356,718
2148,323,820
2149,370,166
2150,436,309
2151,365,202
2152,520,583
2153,251,701
2154,48,370
2155,337,297
2156,109,406
2157,203,575
2158,645,353
2159,24,310
2160,597,106
2161,701,498
2162,150,21
2163,327,334
2164,284,1
2165,727,30
2166,415,832
2167,508,409
2168,515,264
2169,236,154
2170,193,141
2171,802,513
2172,20,131
2173,340,416
2174,231,731
2175,698,690
2176,496,211
2177,617,745
2178,228,512
2179,176,449
2180,380,770
2181,57,316
2182,224,783
2183,727,409
2184,381,718
2185,620,663
2186,371,199
2187,199,290
2188,21,406
2189,95,513
2190,94,784
2191,486,527
2192,529,569
2193,819,67
2194,724,351
2195,734,501
2196,85,250
2197,57,826
2198,323,581
2199,723,492
2200,431,779
2201,372,157
2202,830,348
2203,537,356
2204,103,18
2205,637,56
2206,344,441
2207,815,626
2208,702,491
2209,79,535
2210,212,671
2211,108,813
2212,457,745
2213,178,769
2214,739,260
2215,152,616
2216,434,830
2217,511,590
2218,520,23
2219,71,532
2220,735,767
2221,557,158
2222,159,337
2223,152,372
2224,331,730
2225,763,730
2226,419,665
2227,117,569
2228,205,670
2229,480,227
2230,234,520
2231,591,59
2232,91,373
2233,598,841
2234,571,98
2235,743,264
2236,424,554
2237,57,95
2238,685,164
2239,604,186
2240,90,790
2241,371,290
2242,419,727
2243,290,297
2244,264,743
2245,176,539
2246,601,803
2247,448,314
2248,727,176
2249,522,784
2250,256,36
2251,265,184
2252,830,318
2253,154,536
2254,250,531
2255,214,507
2256,15,47
2257,504,826
2258,77,424
2259,348,830
2260,657,380
2261,303,360
2262,804,26
2263,774,276
2264,723,769
2265,178,212
2266,94,804
2267,9,166
2268,575,127
2269,559,780
2270,434,362
2271,208,557
2272,140,174
2273,646,12
2274,14,777
2275,510,728
2276,261,418
2277,393,691
2278,337,569
2279,388,108
2280,728,271
2281,148,576
2282,212,246
2283,246,193
2284,513,57
2285,448,772
2286,176,448
2287,236,97
2288,217,691
2289,434,75
2290,695,367
2291,832,633
2292,242,629
2293,246,671
2294,157,581
2295,522,804
2296,508,633
2297,728,150
2298,32,94
2299,795,713
2300,53,232
2301,52,733
2302,813,158
2303,164,335
2304,186,583
2305,320,617
2306,770,290
2307,110,131
2308,645,473
2309,283,463
2310,338,507
2311,491,39
2312,603,588
2313,15,288
2314,96,126
2315,321,727
2316,785,434
2317,62,587
2318,173,13
2319,289,718
2320,677,804
2321,300,490
2322,283,40
2323,508,309
2324,157,817
2325,108,388
2326,87,436
2327,793,745
2328,496,521
2329,297,90
2330,422,45
2331,412,680
2332,297,529
2333,372,690
2334,26,829
2335,494,718
2336,476,363
2337,581,415
2338,398,326
2339,674,68
2340,539,89
2341,542,406
2342,329,592
2343,577,118
2344,23,266
2345,272,431
2346,449,419
2347,830,433
2348,450,306
2349,406,415
2350,95,316
2351,68,110
2352,516,307
2353,727,452
2354,120,395
2355,727,335
2356,28,407
2357,440,267
2358,157,734
2359,4,173
2360,289,560
2361,479,679
2362,726,645
2363,510,314
2364,433,309
2365,508,202
2366,250,454
2367,323,764
2368,348,800
2369,167,444
2370,101,537
2371,14,813
2372,670,681
2373,156,665
2374,840,501
2375,454,208
2376,812,206
2377,581,309
2378,395,674
2379,744,427
2380,544,813
2381,260,739
2382,150,126
2383,536,159
2384,802,428
2385,185,780
2386,813,684
2387,316,597
2388,342,779
2389,381,245
2390,539,176
2391,454,239
2392,133,513
2393,713,335
2394,274,16
2395,156,30
2396,248,211
2397,96,202
2398,231,502
2399,28,386
2400,746,750
2401,713,508
2402,117,154
2403,441,45
2404,412,674
2405,455,25
2406,252,644
2407,157,501
2408,402,165
2409,288,839
2410,835,418
2411,654,510
2412,85,155
2413,300,779
2414,836,63
2415,713,633
2416,211,508
2417,647,804
2418,769,537
2419,362,434
2420,329,406
2421,356,537
2422,470,650
2423,575,827
2424,126,202
2425,407,315
2426,356,381
2427,75,318
2428,818,517
2429,685,677
2430,457,174
2431,235,679
2432,690,27
2433,290,117
2434,32,647
2435,198,435
2436,510,176
2437,411,359
2438,496,510
2439,545,349
2440,521,809
2441,544,684
2442,775,104
2443,211,521
2444,643,358
2445,744,352
2446,118,395
2447,829,164
2448,723,560
2449,155,557
2450,191,798
2451,539,30
2452,647,677
2453,770,199
2454,837,547
2455,710,666
2456,85,813
2457,428,513
2458,530,53
2459,735,418
2460,684,517
2461,504,513
2462,311,71
2463,192,157
2464,21,126
2465,184,839
2466,281,592
2467,2,360
2468,649,3
2469,671,769
2470,513,6
2471,161,681
2472,506,727
2473,781,523
2474,501,152
2475,713,87
2476,9,48
2477,529,327
2478,637,167
2479,32,784
2480,586,406
2481,202,665
2482,646,512
2483,415,633
2484,744,399
2485,684,544
2486,77,722
2487,19,283
2488,718,381
2489,388,813
2490,718,494
2491,429,362
2492,329,433
2493,334,154
2494,635,78
2495,521,510
2496,671,141
2497,337,334
2498,74,280
2499,820,581
2500,449,728
2501,433,820
2502,212,718
2503,167,5
2504,138,775
2505,430,68
2506,232,673
2507,167,56
2508,679,209
2509,661,182
2510,348,504
2511,23,583
2512,406,419
2513,647,26
2514,587,303
2515,671,718
2516,327,97
2517,85,454
2518,335,164
2519,87,329
2520,62,637
2521,283,143
2522,832,335
2523,818,637
2524,106,542
2525,316,542
2526,674,706
2527,826,316
2528,634,745
2529,373,114
2530,461,554
2531,723,494
2532,276,185
2533,467,30
2534,452,314
2535,124,675
2536,591,183
2537,815,9
2538,417,781
2539,381,101
2540,581,817
2541,842,373
2542,362,429
2543,606,126
2544,637,145
2545,606,665
2546,554,351
2547,351,77
2548,246,101
2549,210,627
2550,103,698
2551,607,159
2552,32,829
2553,510,96
2554,412,118
2555,314,409
2556,141,246
2557,245,537
2558,192,580
2559,335,94
2560,827,127
2561,569,159
2562,665,109
2563,749,592
2564,233,239
2565,318,56
2566,250,158
2567,300,272
2568,789,176
2569,90,236
2570,415,764
2571,493,625
2572,326,451
2573,208,250
2574,529,504
2575,117,536
2576,87,323
2577,706,110
2578,658,287
2579,276,559
2580,185,638
2581,240,185
2582,689,261
2583,448,654
2584,256,93
2585,581,633
2586,554,98
2587,689,357
2588,210,331
2589,663,433
2590,329,362
2591,785,429
2592,378,44
2593,813,85
2594,727,156
2595,148,772
2596,813,239
2597,342,300
2598,818,684
2599,155,158
2600,685,829
2601,840,360
2602,335,406
2603,197,111
2604,90,337
2605,499,487
2606,62,56
2607,576,452
2608,74,107
2609,253,238
2610,633,87
2611,569,790
2612,156,314
2613,451,326
2614,504,597
2615,518,636
2616,366,717
2617,784,685
2618,559,378
2619,660,9
2620,19,143
2621,662,6
2622,233,208
2623,677,824
2624,602,425
2625,195,57
2626,469,89
2627,95,504
2628,458,829
2629,167,587
2630,670,161
2631,167,145
2632,784,804
2633,689,735
2634,626,384
2635,482,810
2636,554,424
2637,722,77
2638,753,380
2639,126,21
2640,662,513
2641,486,512
2642,838,360
2643,772,452
2644,728,21
2645,281,749
2646,728,30
2647,727,169
2648,427,229
2649,359,558
2650,844,741
2651,717,689
2652,698,640
2653,335,508
2654,378,780
2655,83,185
2656,353,738
2657,71,105
2658,99,500
2659,454,250
2660,183,59
2661,344,45
2662,415,713
2663,138,561
2664,53,592
2665,392,624
2666,15,451
2667,745,634
2668,543,266
2669,769,381
2670,262,437
2671,404,450
2672,213,248
2673,184,288
2674,753,743
2675,604,651
2676,504,830
2677,820,713
2678,634,174
2679,508,87
2680,156,109
2681,30,449
2682,335,415
2683,45,344
2684,572,659
2685,167,818
2686,159,569
2687,112,196
2688,212,289
2689,254,717
2690,449,156
2691,371,297
2692,157,69
2693,731,231
2694,206,295
2695,820,157
2696,537,141
2697,371,753
2698,736,487
2699,671,289
2700,289,769
2701,233,274
2702,323,713
2703,351,98
2704,89,314
2705,293,522
2706,26,677
2707,669,383
2708,314,271
2709,97,117
2710,212,723
2711,560,718
2712,582,24
2713,663,800
2714,658,232
2715,459,78
2716,541,360
2717,56,818
2718,616,157
2719,611,833
2720,606,150
2721,671,193
2722,46,219
2723,650,331
2724,30,728
2725,227,798
2726,168,794
2727,230,111
2728,178,141
2729,800,157
2730,426,67
2731,80,313
2732,436,328
2733,406,586
2734,211,467
2735,531,239
2736,309,581
2737,85,274
2738,118,680
2739,494,178
2740,26,164
2741,536,337
2742,542,597
2743,395,110
2744,96,156
2745,283,719
2746,250,274
2747,193,178
2748,741,393
2749,816,588
2750,106,57
2751,98,351
2752,255,660
2753,769,718
2754,238,253
2755,78,250
2756,619,326
2757,180,161
2758,727,406
2759,690,18
2760,671,560
2761,55,136
2762,593,353
2763,480,191
2764,677,647
2765,494,560
2766,353,593
2767,504,57
2768,212,560
2769,246,560
2770,68,674
2771,90,117
2772,334,529
2773,121,135
2774,335,309
2775,31,335
2776,242,159
2777,718,141
2778,409,467
2779,818,182
2780,807,564
2781,19,493
2782,289,492
2783,314,510
2784,141,381
2785,718,356
2786,621,443
2787,764,415
2788,286,421
2789,256,343
2790,801,477
2791,155,78
2792,212,178
2793,527,360
2794,335,293
2795,203,827
2796,800,620
2797,208,158
2798,132,115
2799,467,496
2800,814,74
2801,663,504
2802,239,274
2803,647,685
2804,233,813
2805,191,480
2806,460,232
2807,688,329
2808,817,713
2809,75,830
2810,829,804
2811,508,329
2812,537,101
2813,613,88
2814,250,208
2815,734,152
2816,588,603
2817,795,633
2818,685,32
2819,395,430
2820,118,577
2821,307,292
2822,373,842
2823,393,29
2824,109,150
2825,711,686
2826,20,733
2827,406,176
2828,77,98
2829,415,727
2830,633,323
2831,393,736
2832,117,290
2833,178,356
2834,627,730
2835,103,157
2836,764,832
2837,25,545
2838,419,510
2839,638,774
2840,627,470
2841,567,328
2842,176,89
2843,492,671
2844,193,671
2845,736,741
2846,329,508
2847,560,537
2848,568,715
2849,211,148
2850,521,211
2851,289,537
2852,176,654
2853,545,25
2854,633,820
2855,508,323
2856,467,176
2857,504,157
2858,193,356
2859,728,510
2860,274,155
2861,212,381
2862,323,727
2863,780,559
2864,293,829
2865,20,683
2866,607,790
2867,436,567
2868,790,607
2869,784,293
2870,246,492
2871,633,329
2872,140,745
2873,690,372
2874,264,199
2875,243,158
2876,339,67
2877,607,90
2878,510,654
2879,521,176
2880,587,336
2881,26,522
2882,389,247
2883,168,415
2884,335,458
2885,27,103
2886,734,616
2887,406,633
2888,818,336
2889,329,56
2890,820,433
2891,314,156
2892,62,336
2893,156,510
2894,512,486
2895,804,647
2896,13,4
2897,9,626
2898,818,70
2899,616,27
2900,31,458
2901,745,793
2902,532,105
2903,360,733
2904,157,309
2905,765,568
2906,727,21
2907,117,159
2908,569,337
2909,318,362
2910,346,432
2911,202,21
2912,233,78
2913,789,58
2914,31,164
2915,97,159
2916,334,371
2917,396,157
2918,259,278
2919,829,685
2920,97,337
2921,85,233
2922,794,644
2923,817,323
2924,246,718
2925,650,627
2926,78,813
2927,529,597
2928,197,230
2929,334,290
2930,357,689
2931,264,290
2932,706,674
2933,772,467
2934,653,291
2935,131,733
2936,159,297
2937,813,479
2938,698,840
2939,524,153
2940,570,748
2941,306,450
2942,645,726
2943,508,728
2944,68,680
2945,496,176
2946,202,268
2947,715,364
2948,335,832
2949,85,557
2950,409,452
2951,226,522
2952,176,21
2953,592,530
2954,832,415
2955,449,271
2956,178,245
2957,727,321
2958,745,617
2959,654,148
2960,506,606
2961,580,329
2962,501,103
2963,718,178
2964,68,395
2965,304,657
2966,274,250
2967,94,685
2968,156,89
2969,101,193
2970,178,494
2971,592,478
2972,626,660
2973,87,433
2974,800,760
2975,683,360
2976,356,560
2977,143,283
2978,371,536
2979,592,281
2980,323,817
2981,478,592
2982,543,604
2983,826,504
2984,531,250
2985,70,182
2986,408,676
2987,644,415
2988,155,534
2989,487,736
2990,727,271
2991,824,94
2992,577,110
2993,690,640
2994,429,620
2995,713,329
2996,724,77
2997,211,452
2998,730,650
2999,709,172
3000,30,452
3001,567,713
3002,498,251
3003,452,510
3004,333,592
3005,187,110
3006,152,18
3007,573,761
3008,68,118
3009,727,576
3010,233,155
3011,534,773
3012,555,338
3013,150,156
3014,599,347
3015,586,252
3016,639,572
3017,192,434
3018,334,159
3019,452,654
3020,271,156
3021,530,455
3022,727,126
3023,421,286
3024,508,126
3025,450,91
3026,264,515
3027,674,412
3028,48,815
3029,456,131
3030,405,165
3031,825,380
3032,655,511
3033,239,557
3034,9,660
3035,805,188
3036,97,607
3037,798,191
3038,409,314
3039,293,94
3040,654,727
3041,333,530
3042,130,242
3043,455,333
3044,66,46
3045,309,633
3046,633,406
3047,141,101
3048,784,677
3049,560,723
3050,583,234
3051,764,157
3052,726,593
3053,15,326
3054,480,508
3055,780,378
3056,483,198
3057,760,348
3058,101,356
3059,201,449
3060,46,66
3061,415,406
3062,26,647
3063,761,539
3064,217,499
3065,90,371
3066,52,20
3067,106,597
3068,770,304
3069,606,449
3070,5,56
3071,836,172
3072,451,839
3073,265,47
3074,293,685
3075,166,384
3076,430,395
3077,85,531
3078,685,458
3079,452,496
3080,536,117
3081,676,408
3082,89,271
3083,665,89
3084,159,117
3085,463,540
3086,449,202
3087,406,21
3088,725,242
3089,654,176
3090,718,246
3091,30,96
3092,585,489
3093,625,493
3094,633,795
3095,132,224
3096,108,54
3097,492,193
3098,47,15
3099,838,666
3100,817,433
3101,653,55
3102,804,94
3103,313,298
3104,268,506
3105,824,335
3106,671,246
3107,815,255
3108,202,365
3109,146,539
3110,449,109
3111,460,667
3112,728,109
3113,140,617
3114,117,327
3115,21,727
3116,838,541
3117,562,184
3118,15,265
3119,388,54
3120,327,154
3121,189,845
3122,30,211
3123,174,745
3124,840,152
3125,784,26
3126,96,176
3127,650,210
3128,579,486
3129,150,30
3130,184,15
3131,157,434
3132,770,264
3133,373,450
3134,523,781
3135,606,728
3136,101,769
3137,619,165
3138,779,300
3139,150,109
3140,727,449
3141,424,98
3142,500,99
3143,115,783
3144,89,508
3145,313,704
3146,154,334
3147,32,677
3148,606,314
3149,767,689
3150,533,311
3151,89,146
3152,695,242
3153,30,268
3154,820,415
3155,356,723
3156,499,584
3157,37,151
3158,607,236
3159,433,406
3160,248,279
3161,528,451
3162,573,92
3163,148,508
3164,767,418
3165,40,540
3166,272,787
3167,233,557
3168,145,637
3169,830,434
3170,461,722
3171,299,806
3172,87,832
3173,297,236
3174,733,52
3175,823,468
3176,157,335
3177,418,261
3178,403,750
3179,419,406
3180,303,646
3181,301,842
3182,289,101
3183,233,531
3184,31,94
3185,284,472
3186,670,205
3187,289,245
3188,367,242
3189,529,513
3190,118,412
3191,157,580
3192,463,19
3193,384,815
3194,606,89
3195,763,210
3196,485,293
3197,545,53
3198,271,268
3199,720,85
3200,96,506
3201,785,830
3202,253,466
3203,141,723
3204,826,542
3205,158,85
3206,494,769
3207,749,646
3208,508,150
3209,411,354
3210,654,448
3211,805,482
3212,118,110
3213,837,11
3214,30,109
3215,438,588
3216,334,327
3217,745,457
3218,335,764
3219,452,211
3220,415,817
3221,109,271
3222,625,40
3223,336,5
3224,773,158
3225,157,800
3226,309,820
3227,493,19
3228,27,157
3229,451,562
3230,826,513
3231,316,513
3232,236,569
3233,785,592
3234,514,681
3235,794,168
3236,680,120
3237,250,544
3238,461,571
3239,769,492
3240,232,333
3241,406,581
3242,796,232
3243,98,571
3244,348,663
3245,787,490
3246,775,561
3247,293,684
3248,774,638
3249,840,698
3250,270,187
3251,493,143
3252,114,373
3253,96,665
3254,362,56
3255,813,544
3256,6,133
3257,226,685
3258,274,239
3259,715,765
3260,813,720
3261,235,813
3262,560,212
3263,329,727
3264,419,109
3265,449,506
3266,734,27
3267,513,133
3268,226,458
3269,692,437
3270,27,360
3271,331,763
3272,522,226
3273,644,586
3274,704,80
3275,157,362
3276,542,168
3277,727,150
3278,30,606
3279,389,505
3280,824,522
3281,541,495
3282,569,117
3283,388,479
3284,360,579
3285,179,84
3286,90,529
3287,678,194
3288,329,820
3289,351,571
3290,131,20
3291,65,418
3292,87,581
3293,185,378
3294,114,593
3295,316,826
3296,698,152
3297,95,106
3298,683,110
3299,20,52
3300,30,467
3301,433,348
3302,592,455
3303,329,192
3304,40,493
3305,323,832
3306,496,30
3307,380,743
3308,178,101
3309,539,573
3310,314,654
3311,436,87
3312,536,569
3313,143,463
3314,817,157
3315,327,371
3316,424,724
3317,452,772
3318,633,415
3319,208,78
3320,157,360
3321,152,734
3322,292,307
3323,217,487
3324,129,716
3325,450,301
3326,246,769
3327,326,562
3328,382,449
3329,164,26
3330,504,95
3331,477,838
3332,146,813
3333,333,667
3334,581,323
3335,240,559
3336,527,749
3337,723,246
3338,31,784
3339,434,192
3340,706,395
3341,679,54
3342,804,293
3343,763,842
3344,262,731
3345,716,134
3346,560,356
3347,483,525
3348,54,388
3349,431,300
3350,97,529
3351,826,597
3352,314,449
3353,528,15
3354,154,90
3355,569,290
3356,562,839
3357,29,487
3358,581,406
3359,562,15
3360,63,709
3361,832,157
3362,531,233
3363,419,126
3364,327,607
3365,491,702
3366,56,329
3367,620,157
3368,749,281
3369,547,11
3370,558,359
3371,830,800
3372,661,336
3373,28,759
3374,557,720
3375,633,817
3376,734,690
3377,348,620
3378,156,21
3379,734,640
3380,576,496
3381,434,157
3382,92,539
3383,709,695
3384,640,840
3385,236,337
3386,331,650
3387,297,327
3388,117,236
3389,32,226
3390,245,193
3391,809,92
3392,728,126
3393,360,103
3394,508,606
3395,737,128
3396,727,467
3397,164,804
3398,90,607
3399,566,414
3400,576,772
3401,94,335
3402,239,250
3403,829,677
3404,460,333
3405,764,508
3406,430,120
3407,449,33
3408,728,176
3409,314,728
3410,236,290
3411,31,829
3412,314,484
3413,101,178
3414,292,235
3415,616,18
3416,508,467
3417,722,571
3418,236,371
3419,506,510
3420,329,309
3421,607,371
3422,75,362
3423,499,73
3424,120,674
3425,719,283
3426,433,817
3427,271,510
3428,665,406
3429,461,98
3430,406,89
3431,708,345
3432,290,337
3433,419,30
3434,415,309
3435,395,118
3436,782,10
3437,812,295
3438,698,372
3439,412,68
3440,557,155
3441,665,510
3442,199,753
3443,166,9
3444,688,157
3445,165,402
3446,536,334
3447,159,290
3448,576,654
3449,793,457
3450,520,604
3451,168,586
3452,259,161
3453,290,236
3454,817,727
3455,406,820
3456,484,314
3457,232,25
3458,690,157
3459,502,731
3460,496,576
3461,71,311
3462,625,283
3463,143,719
3464,790,97
3465,586,794
3466,250,233
3467,717,254
3468,323,87
3469,7,221
3470,433,335
3471,433,800
3472,197,721
3473,271,176
3474,298,704
3475,733,360
3476,238,708
3477,72,564
3478,199,330
3479,316,195
3480,372,360
3481,372,152
3482,721,230
3483,323,335
3484,271,126
3485,176,419
3486,522,685
3487,717,835
3488,103,152
3489,106,316
3490,334,236
3491,815,370
3492,454,233
3493,592,157
3494,753,657
3495,429,592
3496,90,536
3497,184,562
3498,720,454
3499,334,297
3500,576,521
3501,522,94
3502,178,289
3503,646,749
3504,717,418
3505,647,293
3506,120,680
3507,314,406
3508,820,335
3509,825,264
3510,162,215
3511,463,493
3512,96,268
3513,164,293
3514,360,495
3515,21,150
3516,77,461
3517,412,577
3518,114,473
3519,145,303
3520,753,264
3521,229,352
3522,109,156
3523,767,65
3524,21,508
3525,606,21
3526,113,408
3527,360,616
3528,120,110
3529,513,802
3530,355,161
3531,738,645
3532,728,606
3533,786,692
3534,479,54
3535,583,651
3536,817,406
3537,103,690
3538,451,265
3539,844,691
3540,75,434
3541,128,38
3542,409,654
3543,587,145
3544,337,90
3545,790,334
3546,360,18
3547,261,735
3548,492,723
3549,89,727
3550,813,233
3551,467,510
3552,418,735
3553,774,44
3554,592,329
3555,406,665
3556,560,178
3557,143,19
3558,18,640
3559,204,81
3560,141,193
3561,581,433
3562,293,818
3563,457,320
3564,370,9
3565,506,89
3566,522,829
3567,232,592
3568,309,329
3569,680,110
3570,557,531
3571,436,323
3572,56,434
3573,141,718
3574,561,277
3575,166,815
3576,749,486
3577,606,268
3578,290,380
3579,105,532
3580,297,154
3581,813,679
3582,542,586
3583,804,677
3584,315,759
3585,98,77
3586,101,492
3587,642,53
3588,364,715
3589,366,418
3590,98,461
3591,65,717
3592,510,21
3593,136,55
3594,590,511
3595,315,28
3596,452,30
3597,697,0
3598,433,429
3599,606,508
3600,362,580
3601,521,772
3602,636,518
3603,551,414
3604,581,87
3605,429,663
3606,458,32
3607,156,202
3608,577,706
3609,176,156
3610,501,27
3611,75,592
3612,288,451
3613,311,105
3614,318,434
3615,510,772
3616,514,205
3617,467,772
3618,674,110
3619,157,785
3620,727,148
3621,769,494
3622,329,429
3623,303,749
3624,236,536
3625,685,647
3626,274,208
3627,222,788
3628,318,157
3629,94,829
3630,423,466
3631,569,334
3632,262,502
3633,713,817
3634,452,448
3635,157,27
3636,158,233
3637,332,686
3638,698,360
3639,211,727
3640,431,342
3641,327,117
3642,529,542
3643,409,510
3644,40,283
3645,406,542
3646,176,521
3647,47,839
3648,716,291
3649,432,346
3650,262,231
3651,736,217
3652,72,807
3653,155,454
3654,820,323
3655,390,618
3656,781,417
3657,415,433
3658,510,467
3659,149,602
3660,592,53
3661,510,30
3662,617,457
3663,151,37
3664,741,844
3665,157,760
3666,434,785
3667,494,246
3668,479,388
3669,454,78
3670,492,101
3671,120,118
3672,157,592
3673,149,171
3674,597,95
3675,513,95
3676,126,449
3677,537,560
3678,396,69
3679,580,592
3680,329,785
3681,580,318
3682,690,152
3683,500,443
3684,161,514
3685,315,386
3686,637,62
3687,510,606
3688,419,268
3689,583,520
3690,829,94
3691,824,164
3692,727,581
3693,667,545
3694,374,421
3695,419,606
3696,140,457
3697,813,531
3698,79,612
3699,185,559
3700,276,638
3701,117,607
3702,70,587
3703,463,40
3704,720,158
3705,508,271
3706,129,134
3707,89,469
3708,107,74
3709,27,152
3710,337,97
3711,176,728
3712,29,393
3713,735,65
3714,316,529
3715,303,486
3716,508,581
3717,818,661
3718,56,167
3719,232,667
3720,784,829
3721,651,583
3722,178,381
3723,449,190
3724,508,521
3725,396,329
3726,529,97
3727,580,429
3728,406,96
3729,657,825
3730,458,685
3731,724,571
3732,126,156
3733,723,178
3734,171,729
3735,562,288
3736,713,415
3737,154,290
3738,31,804
3739,508,314
3740,209,54
3741,110,52
3742,167,70
3743,240,276
3744,661,818
3745,362,318
3746,810,805
3747,92,573
3748,268,606
3749,18,690
3750,415,820
3751,193,718
3752,268,510
3753,727,820
3754,333,53
3755,326,619
3756,176,789
3757,730,627
3758,309,817
3759,21,202
3760,291,129
3761,774,185
3762,713,727
3763,494,671
3764,257,53
3765,680,68
3766,329,434
3767,685,31
3768,840,157
3769,504,663
3770,373,91
3771,303,512
3772,604,583
3773,212,769
3774,255,384
3775,760,830
3776,357,767
3777,371,657
3778,374,286
3779,360,683
3780,274,720
3781,753,290
3782,101,723
3783,246,141
3784,157,616
3785,515,753
3786,229,399
3787,829,647
3788,470,627
3789,193,492
3790,176,314
3791,667,333
3792,504,433
3793,96,508
3794,48,660
3795,32,293
3796,666,541
3797,155,813
3798,274,85
3799,817,436
3800,178,193
3801,120,412
3802,226,824
3803,30,496
3804,810,482
3805,662,133
3806,30,271
3807,558,595
3808,508,436
3809,669,510
3810,152,501
3811,508,449
3812,157,329
3813,825,290
3814,451,288
3815,202,96
3816,290,790
3817,63,836
3818,399,744
3819,759,386
3820,829,458
3821,314,548
3822,504,620
3823,250,155
3824,53,25
3825,108,209
3826,720,250
3827,436,633
3828,724,722
3829,96,510
3830,336,167
3831,504,529
3832,829,784
3833,283,625
3834,495,360
3835,279,211
3836,415,436
3837,818,5
3838,159,242
3839,606,176
3840,381,723
3841,192,592
3842,436,508
3843,840,690
3844,593,726
3845,81,603
3846,213,594
3847,741,487
3848,314,148
3849,539,88
3850,824,31
3851,89,268
3852,776,61
3853,89,156
3854,242,367
3855,735,689
3856,149,425
3857,380,825
3858,404,91
3859,603,816
3860,56,336
3861,473,373
3862,835,767
3863,429,75
3864,360,20
3865,176,665
3866,545,667
3867,261,835
3868,527,303
3869,697,363
3870,437,231
3871,268,150
3872,227,480
3873,141,769
3874,157,348
3875,168,406
3876,21,109
3877,106,95
3878,26,335
3879,610,142
3880,127,203
3881,543,186
3882,371,154
3883,458,164
3884,471,139
3885,29,691
3886,396,688
3887,406,323
3888,90,97
3889,536,371
3890,268,271
3891,657,199
3892,202,176
3893,760,157
3894,467,409
3895,98,724
3896,501,360
3897,406,508
3898,817,832
3899,44,185
3900,231,437
3901,569,536
3902,702,39
3903,329,713
3904,817,581
3905,163,13
3906,522,164
3907,531,813
3908,835,689
3909,572,324
3910,592,646
3911,296,22
3912,406,150
3913,91,763
3914,314,665
3915,193,289
3916,261,357
3917,713,157
3918,542,316
3919,692,502
3920,176,506
3921,531,454
3922,774,378
3923,513,529
3924,597,529
3925,557,813
3926,576,314
3927,314,448
3928,692,731
3929,609,147
3930,323,406
3931,433,415
3932,580,362
3933,771,82
3934,72,776
3935,820,406
3936,182,56
3937,97,154
3938,53,333
3939,406,644
3940,506,126
3941,163,4
3942,577,674
3943,373,301
3944,92,761
3945,736,844
3946,339,819
3947,728,314
3948,492,381
3949,96,419
3950,424,571
3951,102,710
3952,830,580
3953,787,272
3954,808,78
3955,539,521
3956,506,176
3957,569,90
3958,384,255
3959,510,665
3960,267,440
3961,809,521
3962,592,676
3963,326,165
3964,300,431
3965,225,350
3966,430,577
3967,48,9
3968,813,250
3969,817,415
3970,723,356
3971,242,725
3972,101,494
3973,686,332
3974,569,297
3975,531,78
3976,200,312
3977,419,96
3978,746,403
3979,841,598
3980,405,326
3981,586,644
3982,843,189
3983,327,290
3984,174,793
3985,290,304
3986,91,450
3987,774,780
3988,26,685
3989,372,103
3990,496,409
3991,212,537
3992,469,539
3993,790,536
3994,54,479
3995,592,527
3996,62,661
3997,360,710
3998,70,661
3999,271,449
4000,210,763
4001,304,753
4002,512,527
4003,150,419
4004,501,140
4005,303,587
4006,619,405
4007,422,344
4008,560,141
4009,671,212
4010,109,506
4011,326,184
4012,663,760
4013,542,794
4014,335,87
4015,32,522
4016,640,152
4017,520,543
4018,18,103
4019,314,126
4020,283,540
4021,457,634
4022,193,212
4023,408,113
4024,409,211
4025,173,163
4026,770,515
4027,154,569
4028,156,176
4029,219,46
4030,25,333
4031,406,30
4032,679,388
4033,759,407
4034,290,264
4035,493,283
4036,148,467
4037,159,725
4038,695,130
4039,336,182
4040,268,419
4041,718,212
4042,156,126
4043,672,810
4044,728,202
4045,507,214
4046,665,606
4047,537,178
4048,271,202
4049,616,360
4050,380,264
4051,21,606
4052,356,101
4053,433,329
4054,839,15
4055,126,30
4056,309,436
4057,654,30
4058,30,772
4059,158,250
4060,436,795
4061,105,311
4062,616,690
4063,224,115
4064,415,335
4065,81,816
4066,176,126
4067,154,371
4068,790,371
4069,637,444
4070,124,565
4071,496,654
4072,815,660
4073,147,604
4074,842,450
4075,644,252
4076,653,136
4077,110,430
4078,767,366
4079,680,706
4080,673,53
4081,128,737
4082,647,522
4083,767,735
4084,255,166
4085,360,646
4086,780,276
4087,560,246
4088,433,764
4089,685,784
4090,309,832
4091,673,349
4092,790,117
4093,515,380
4094,587,167
4095,441,344
4096,161,180
4097,30,576
4098,528,265
4099,586,168
4100,161,259
4101,126,510
4102,5,182
4103,592,362
4104,689,835
4105,732,58
4106,198,483
4107,353,726
4108,304,199
4109,667,592
4110,506,96
4111,359,411
4112,211,314
4113,521,467
4114,110,270
4115,245,356
4116,291,716
4117,236,334
4118,171,149
4119,314,452
4120,174,320
4121,371,770
4122,587,661
4123,371,327
4124,141,560
4125,23,543
4126,250,684
4127,720,208
4128,327,159
4129,671,101
4130,371,825
4131,715,568
4132,242,130
4133,209,388
4134,285,84
4135,738,593
4136,23,234
4137,409,772
4138,821,158
4139,360,157
4140,461,77
4141,4,13
4142,186,651
4143,706,118
4144,322,766
4145,458,94
4146,536,90
4147,468,754
4148,690,840
4149,763,91
4150,592,785
4151,813,454
4152,126,176
4153,559,44
4154,510,496
4155,211,213
4156,213,211
4157,795,567
4158,780,774
4159,5,336
4160,804,335
4161,499,29
4162,719,19
4163,167,62
4164,524,770
4165,436,581
4166,372,840
4167,536,297
4168,685,335
4169,664,417
4170,581,157
4171,429,830
4172,706,577
4173,360,303
4174,53,642
4175,826,106
4176,504,542
4177,349,673
4178,689,254
4179,679,292
4180,247,505
4181,95,57
4182,813,208
4183,272,300
4184,607,536
4185,539,761
4186,399,229
4187,202,109
4188,725,695
4189,307,813
4190,536,236
4191,309,335
4192,671,381
4193,314,150
4194,621,99
4195,12,705
4196,542,513
4197,323,415
4198,266,543
4199,164,784
4200,642,232
4201,287,658
4202,419,176
4203,839,451
4204,297,97
4205,510,521
4206,351,724
4207,388,679
4208,329,817
4209,89,506
4210,713,567
4211,131,683
4212,805,672
4213,657,515
4214,274,233
4215,150,506
4216,211,176
4217,606,271
4218,157,688
4219,680,395
4220,427,352
4221,405,619
4222,323,633
4223,104,561
4224,769,246
4225,364,691
4226,323,433
4227,460,25
4228,75,329
4229,370,815
4230,632,219
4231,713,328
4232,839,47
4233,30,539
4234,318,192
4235,492,356
4236,727,817
4237,274,531
4238,452,467
4239,271,30
4240,474,788
4241,33,382
4242,271,21
4243,592,232
4244,418,65
4245,202,606
4246,680,118
4247,176,727
4248,159,529
4249,713,309
4250,53,530
4251,195,316
4252,810,672
4253,488,3
4254,161,355
4255,404,842
4256,195,529
4257,616,698
4258,637,587
4259,741,736
4260,813,469
4261,293,26
4262,232,460
4263,56,429
4264,761,521
4265,825,199
4266,427,744
4267,505,247
4268,727,157
4269,541,838
4270,155,233
4271,494,356
4272,268,665
4273,654,508
4274,359,354
4275,457,793
4276,521,314
4277,520,651
4278,508,772
4279,210,730
4280,727,772
4281,211,409
4282,352,229
4283,508,148
4284,15,528
4285,539,613
4286,449,727
4287,171,526
4288,508,654
4289,557,208
4290,371,790
4291,143,493
4292,817,820
4293,406,727
4294,327,569
4295,723,193
4296,245,178
4297,217,844
4298,529,154
4299,647,829
4300,513,106
4301,53,796
4302,120,430
4303,787,342
4304,307,235
4305,335,685
4306,335,436
4307,514,180
4308,406,156
4309,371,607
4310,490,779
4311,318,592
4312,272,342
4313,195,542
4314,126,96
4315,309,323
4316,337,236
4317,594,279
4318,415,751
4319,444,587
4320,745,174
4321,580,830
4322,666,710
4323,492,494
4324,637,70
4325,659,572
4326,760,433
4327,301,763
4328,89,406
4329,470,331
4330,508,176
4331,297,569
4332,110,680
4333,280,107
4334,150,406
4335,150,314
4336,663,620
4337,265,288
4338,89,21
4339,832,581
4340,826,95
4341,543,583
4342,268,96
4343,588,83
4344,178,560
4345,25,460
4346,593,645
4347,824,32
4348,141,178
4349,34,42
4350,409,521
4351,722,98
4352,508,448
4353,727,202
4354,522,458
4355,87,727
4356,288,528
4357,521,727
4358,487,217
4359,745,501
4360,28,315
4361,502,692
4362,217,29
4363,460,592
4364,406,817
4365,633,309
4366,108,479
4367,293,784
4368,314,606
4369,667,53
4370,356,245
4371,576,211
4372,521,508
4373,626,9
4374,529,159
4375,646,486
4376,790,569
4377,80,704
4378,246,723
4379,487,691
4380,732,176
4381,412,120
4382,67,426
4383,360,690
4384,89,449
4385,304,743
4386,817,508
4387,592,486
4388,813,539
4389,245,246
4390,430,680
4391,107,814
4392,820,87
4393,314,467
4394,56,182
4395,794,415
4396,671,723
4397,730,763
4398,443,500
4399,529,290
4400,723,381
4401,309,157
4402,126,150
4403,335,727
4404,580,785
4405,31,32
4406,508,109
4407,669,376
4408,501,698
4409,597,195
4410,513,195
4411,764,817
4412,666,360
4413,96,406
4414,446,737
4415,539,346
4416,96,314
4417,537,246
4418,683,52
4419,127,827
4420,156,406
4421,59,183
4422,303,145
4423,54,209
4424,323,436
4425,126,268
4426,430,118
4427,380,753
4428,119,241
4429,290,515
4430,1,284
4431,506,419
4432,483,435
4433,141,245
4434,110,674
4435,638,559
4436,592,429
4437,508,211
4438,492,178
4439,823,754
4440,152,360
4441,794,406
4442,718,289
4443,671,537
4444,712,332
4445,58,732
4446,764,329
4447,316,106
4448,597,826
4449,0,312
4450,78,459
4451,255,370
4452,434,429
4453,760,800
4454,101,671
4455,588,81
4456,819,426
4457,419,150
4458,406,202
4459,349,545
4460,521,654
4461,329,832
4462,395,577
4463,537,718
4464,245,494
4465,821,534
4466,763,650
4467,540,143
4468,261,689
4469,727,109
4470,29,736
4471,824,804
4472,558,411
4473,691,217
4474,293,32
4475,627,763
4476,120,577
4477,232,796
4478,770,153
4479,720,557
4480,234,186
4481,637,5
4482,346,539
4483,506,314
4484,190,449
4485,508,433
4486,337,607
4487,495,666
4488,508,406
4489,604,520
4490,172,63
4491,85,158
4492,157,690
4493,158,534
4494,130,629
4495,371,97
4496,150,176
4497,671,245
4498,32,26
4499,73,519
4500,16,274
4501,830,362
4502,559,83
4503,727,419
4504,712,711
4505,246,245
4506,164,677
4507,724,98
4508,460,53
4509,265,839
4510,730,470
4511,559,774
4512,436,764
4513,164,94
4514,169,727
4515,626,255
4516,431,787
4517,233,85
4518,5,167
4519,301,373
4520,785,362
4521,6,513
4522,362,329
4523,56,318
4524,18,152
4525,458,31
4526,637,818
4527,793,320
4528,78,808
4529,458,26
4530,635,459
4531,785,56
4532,519,499
4533,123,86
4534,378,185
4535,487,393
4536,805,810
4537,195,504
4538,30,510
4539,571,722
4540,727,496
4541,787,431
4542,510,211
4543,208,813
4544,467,576
4545,713,820
4546,787,300
4547,279,594
4548,607,337
4549,825,743
4550,226,647
4551,5,637
4552,508,452
4553,261,717
4554,44,276
4555,141,356
4556,690,616
4557,152,640
4558,153,770
4559,79,447
4560,712,686
4561,297,337
4562,290,743
4563,239,158
4564,779,787
4565,110,706
4566,95,195
4567,310,582
4568,534,158
4569,436,335
4570,769,178
4571,57,106
4572,97,536
4573,617,320
4574,47,562
4575,545,232
4576,448,452
4577,665,728
4578,406,506
4579,743,825
4580,499,844
4581,109,508
4582,21,176
4583,660,384
4584,44,780
4585,804,829
4586,328,436
4587,146,89
4588,592,731
4589,741,29
4590,836,695
4591,467,521
4592,271,150
4593,770,524
4594,96,727
4595,597,316
4596,290,770
4597,513,316
4598,772,176
4599,697,476
4600,561,775
4601,527,486
4602,87,157
4603,156,727
4604,584,499
4605,542,529
4606,254,418
4607,567,633
4608,521,761
4609,178,723
4610,750,403
4611,768,198
4612,323,157
4613,103,360
4614,24,582
4615,529,195
4616,727,510
4617,530,667
4618,644,794
4619,145,167
4620,406,832
4621,532,533
4622,397,755
4623,56,75
4624,530,545
4625,157,318
4626,671,356
4627,193,769
4628,492,769
4629,57,195
4630,727,96
4631,642,257
4632,303,167
4633,93,256
4634,363,697
4635,568,691
4636,56,592
4637,644,542
4638,381,494
4639,527,512
4640,406,436
4641,212,356
4642,371,159
4643,629,695
4644,393,844
4645,737,446
4646,380,304
4647,843,845
4648,21,665
4649,840,640
4650,176,148
4651,480,798
4652,156,96
4653,728,96
4654,627,210
4655,685,94
4656,126,89
4657,552,453
4658,640,690
4659,289,193
4660,85,208
4661,143,40
4662,717,261
4663,566,551
4664,804,784
4665,195,106
4666,562,528
4667,451,528
4668,186,520
4669,157,764
4670,415,87
4671,87,415
4672,97,297
4673,510,409
4674,587,70
4675,842,763
4676,274,557
4677,513,542
4678,675,124
4679,109,314
4680,366,254
4681,360,52
4682,95,597
4683,695,159
4684,772,409
4685,495,838
4686,134,129
4687,764,433
4688,3,488
4689,314,521
4690,461,724
4691,395,68
4692,470,763
4693,333,25
4694,504,316
4695,402,405
4696,727,87
4697,327,536
4698,236,159
4699,539,432
4700,784,522
4701,318,75
4702,487,29
4703,718,671
4704,329,157
4705,529,607
4706,717,735
4707,68,577
4708,839,562
4709,417,523
4710,30,126
4711,32,804
4712,166,255
4713,521,573
4714,271,728
4715,157,429
4716,576,409
4717,239,78
4718,390,834
4719,590,655
4720,104,775
4721,592,408
4722,816,204
4723,85,239
4724,502,231
4725,157,75
4726,86,123
4727,159,130
4728,130,695
4729,210,650
4730,99,621
4731,159,236
4732,651,604
4733,835,735
4734,719,143
4735,633,567
4736,526,247
4737,592,749
4738,626,48
4739,843,703
4740,182,70
4741,297,536
4742,314,772
4743,381,178
4744,727,415
4745,436,157
4746,419,449
4747,383,669
4748,15,562
4749,150,202
4750,680,430
4751,104,138
4752,159,154
4753,70,167
4754,651,520
4755,334,97
4756,226,164
4757,103,840
4758,470,210
4759,89,813
4760,356,289
4761,769,212
4762,840,103
4763,738,353
4764,820,309
4765,529,826
4766,78,233
4767,335,581
4768,186,234
4769,673,796
4770,406,329
4771,458,293
4772,335,323
4773,736,393
4774,109,728
4775,126,109
4776,433,760
4777,101,141
4778,719,540
4779,304,371
4780,338,214
4781,637,336
4782,257,232
4783,735,366
4784,608,162
4785,236,90
4786,501,320
4787,245,671
4788,482,672
4789,436,727
4790,508,713
4791,418,254
4792,234,266
4793,56,587
4794,48,384
4795,689,717
4796,89,109
4797,192,56
4798,138,277
4799,150,508
4800,665,449
4801,58,176
4802,367,629
4803,545,530
4804,463,283
4805,419,21
4806,691,487
4807,535,447
4808,309,764
4809,719,463
4810,106,826
4811,324,572
4812,633,436
4813,290,607
4814,452,176
4815,289,494
4816,236,607
4817,156,506
4818,773,155
4819,72,61
4820,153,524
4821,290,199
4822,309,415
4823,594,211
4824,666,495
4825,717,357
4826,449,508
4827,268,449
4828,458,824
4829,233,720
4830,161,278
4831,679,14
4832,406,433
4833,681,514
4834,835,366
4835,381,537
4836,640,27
4837,89,419
4838,626,815
4839,206,578
4840,769,141
4841,487,499
4842,514,670
4843,369,329
4844,232,658
4845,510,452
4846,245,492
4847,592,667
4848,56,637
4849,429,348
4850,55,653
4851,633,764
4852,686,712
4853,638,780
4854,545,455
4855,327,236
4856,844,499
4857,56,70
4858,199,743
4859,426,339
4860,29,499
4861,633,832
4862,537,245
4863,592,125
4864,580,434
4865,409,576
4866,457,140
4867,813,14
4868,425,602
4869,47,288
4870,784,647
4871,232,642
4872,176,452
4873,508,268
4874,728,268
4875,314,211
4876,830,429
4877,30,150
4878,52,110
4879,425,171
4880,764,323
4881,505,389
4882,326,839
4883,508,665
4884,110,395
4885,423,238
4886,68,706
4887,278,514
4888,845,843
4889,573,809
4890,720,813
4891,727,764
4892,813,209
4893,329,369
4894,743,290
4895,142,610
4896,356,671
4897,616,734
4898,764,820
4899,760,620
4900,616,152
4901,246,494
4902,213,279
4903,522,335
4904,235,307
4905,110,118
4906,184,47
4907,844,393
4908,106,513
4909,294,631
4910,103,372
4911,698,103
4912,434,580
4913,381,769
4914,804,458
4915,753,515
4916,178,537
4917,727,268
4918,88,613
4919,406,713
4920,720,155
4921,341,350
4922,825,515
4923,830,504
4924,335,226
4925,679,813
4926,281,303
4927,30,148
4928,424,77
4929,602,171
4930,224,132
4931,727,89
4932,268,176
4933,592,56
4934,788,222
4935,94,458
4936,406,126
4937,830,75
4938,357,261
4939,540,19
4940,685,226
4941,753,825
4942,418,767
4943,268,126
4944,314,508
4945,87,406
4946,496,452
4947,330,515
4948,271,109
4949,252,406
4950,728,419
4951,529,371
4952,502,437
4953,97,569
4954,343,256
4955,59,591
4956,743,515
4957,839,326
4958,528,47
4959,789,732
4960,616,501
4961,182,587
4962,562,47
4963,57,529
4964,832,433
4965,710,400
4966,593,373
4967,517,485
4968,764,713
4969,293,31
4970,336,56
4971,215,608
4972,577,120
4973,176,268
4974,409,30
4975,145,444
4976,258,481
4977,288,562
4978,494,289
4979,21,510
4980,292,813
4981,110,20
4982,277,775
4983,704,313
4984,159,371
4985,429,433
4986,233,158
4987,48,166
4988,168,542
4989,400,710
4990,402,619
4991,135,121
4992,633,433
4993,682,757
4994,357,735
4995,295,812
4996,156,508
4997,404,763
4998,177,758
4999,171,602
5000,297,371
5001,332,712
5002,606,202
5003,540,625
5004,764,335
5005,148,409
5006,329,830
5007,381,492
5008,506,150
5009,525,198
5010,155,239
5011,806,299
5012,268,406
5013,106,529
5014,202,150
5015,701,251
5016,326,405
5017,172,709
5018,580,192
5019,570,307
5020,529,106
5021,763,331
5022,826,195
5023,716,129
5024,510,448
5025,436,832
5026,749,303
5027,719,625
5028,157,415
5029,723,718
5030,500,621
5031,234,23
5032,592,580
5033,326,628
5034,159,327
5035,684,250
5036,595,558
5037,297,607
5038,380,657
5039,94,31
5040,691,499
5041,749,512
5042,557,85
5043,521,448
5044,557,239
5045,262,692
5046,772,148
5047,141,212
5048,443,99
5049,94,293
5050,521,576
5051,155,720
5052,109,89
5053,360,666
5054,679,108
5055,731,262
5056,834,390
5057,208,531
5058,832,323
5059,436,820
5060,30,654
5061,494,193
5062,158,208
5063,508,798
5064,271,96
5065,450,842
5066,176,606
5067,182,167
5068,117,529
5069,581,713
5070,576,467
5071,126,665
5072,31,647
5073,727,633
5074,65,366
5075,542,504
5076,68,412
5077,460,455
5078,293,677
5079,316,95
5080,839,184
5081,354,359
5082,404,301
5083,603,81
5084,615,694
5085,180,278
5086,499,393
5087,576,727
5088,571,424
5089,38,128
5090,343,93
5091,266,186
5092,583,543
5093,763,373
5094,167,303
5095,773,534
5096,768,525
5097,331,210
5098,633,335
5099,109,727
5100,527,646
5101,592,545
5102,360,477
5103,695,629
5104,176,576
5105,617,793
5106,665,508
5107,634,501
5108,371,117
5109,513,826
5110,290,657
5111,184,528
5112,738,726
5113,87,335
5114,436,415
5115,727,606
5116,52,683
5117,832,329
5118,665,30
5119,20,360
5120,395,706
5121,107,280
5122,512,281
5123,56,785
5124,708,238
5125,126,506
5126,657,371
5127,419,271
5128,148,452
5129,184,451
5130,433,620
5131,783,132
5132,89,202
5133,674,395
5134,588,438
5135,170,610
5136,610,170
5137,32,685
5138,418,357
5139,743,753
5140,381,289
5141,156,150
5142,314,506
5143,431,272
5144,824,647
5145,330,753
5146,430,110
5147,813,108
5148,501,840
5149,764,727
5150,232,530
5151,784,94
5152,734,698
5153,691,844
5154,629,242
5155,508,764
5156,335,817
5157,809,761
5158,677,522
5159,501,616
5160,141,289
5161,227,508
5162,77,571
5163,281,486
5164,148,496
5165,674,118
5166,18,616
5167,660,815
5168,553,361
5169,399,427
5170,550,592
5171,217,736
5172,314,576
5173,486,592
5174,814,280
5175,665,21
5176,820,764
5177,329,87
5178,788,474
5179,23,520
5180,334,790
5181,56,830
5182,5,661
5183,288,47
5184,27,372
5185,838,801
5186,473,593
5187,685,522
5188,370,255
5189,154,97
5190,496,448
5191,783,115
5192,476,697
5193,351,554
5194,97,290
5195,770,371
5196,255,48
5197,27,18
5198,785,157
5199,576,148
5200,560,494
5201,830,192
5202,158,720
5203,448,521
5204,813,307
5205,529,316
5206,514,278
5207,402,326
5208,677,829
5209,469,146
5210,407,386
5211,820,436
5212,654,576
5213,660,626
5214,327,297
5215,94,164
5216,21,268
5217,592,318
5218,765,715
5219,646,281
5220,109,202
5221,89,510
5222,248,213
5223,254,689
5224,772,521
5225,326,288
5226,760,429
5227,155,821
5228,159,607
5229,27,840
5230,659,324
5231,415,542
5232,728,506
5233,650,470
5234,239,720
5235,85,808
5236,657,743
5237,158,557
5238,529,790
5239,576,448
5240,148,510
5241,717,65
5242,666,838
5243,360,512
5244,719,40
5245,510,148
5246,395,120
5247,75,192
5248,30,622
5249,448,576
5250,208,454
5251,314,96
5252,772,510
5253,763,404
5254,276,240
5255,109,126
5256,817,764
5257,90,290
5258,192,75
5259,824,26
5260,176,409
5261,506,665
5262,606,406
5263,715,691
5264,683,733
5265,12,646
5266,199,825
5267,349,232
5268,435,198
5269,270,110
5270,677,784
5271,473,645
5272,117,790
5273,348,433
5274,111,197
5275,13,163
5276,501,18
5277,616,840
5278,452,409
5279,763,627
5280,110,360
5281,236,117
5282,278,259
5283,451,47
5284,90,569
5285,23,186
5286,772,508
5287,332,711
5288,69,329
5289,351,722
5290,141,671
5291,314,268
5292,57,542
5293,156,449
5294,314,176
5295,152,690
5296,608,215
5297,33,190
5298,166,48
5299,451,184
5300,44,638
5301,764,406
5302,607,297
5303,537,494
5304,433,688
5305,96,89
5306,276,774
5307,522,26
5308,757,682
5309,370,48
5310,508,157
5311,827,203
5312,725,130
5313,813,557
5314,336,818
5315,724,461
5316,89,30
5317,371,304
5318,817,87
5319,226,32
5320,510,406
5321,736,691
5322,665,96
5323,672,482
5324,381,356
5325,307,516
5326,140,634
5327,633,508
5328,487,584
5329,247,526
5330,314,727
5331,528,839
5332,604,609
5333,396,433
5334,610,256
5335,674,120
5336,98,424
5337,506,21
5338,572,639
5339,825,371
5340,271,314
5341,89,665
5342,698,616
5343,751,415
5344,337,790
5345,45,441
5346,154,607
5347,718,723
5348,157,620
5349,415,794
5350,314,109
5351,835,65
5352,199,657
5353,646,303
5354,188,805
5355,395,412
5356,581,436
5357,360,749
5358,109,30
5359,150,96
5360,722,424
5361,577,430
5362,508,30
5363,250,720
5364,745,140
5365,26,824
5366,211,772
5367,434,592
5368,458,784
5369,136,653
5370,688,396
5371,26,458
5372,0,200
5373,89,126
5374,515,371
5375,753,199
5376,565,124
5377,540,493
5378,447,535
5379,767,261
5380,90,327
5381,651,186
5382,436,713
5383,692,262
5384,113,592
5385,203,127
5386,55,249
5387,268,202
5388,350,341
5389,89,728
5390,157,436
5391,467,508
5392,250,557
5393,508,335
5394,367,130
5395,616,103
5396,33,449
5397,444,637
5398,564,72
5399,329,633
5400,25,667
5401,727,448
5402,429,157
5403,842,301
5404,118,68
5405,727,329
5406,168,252
5407,580,157
5408,30,202
5409,512,2
5410,362,192
5411,182,5
5412,371,334
5413,784,458
5414,182,336
5415,51,49
5416,182,62
5417,604,266
5418,571,461
5419,706,412
5420,507,338
5421,618,390
5422,722,461
5423,78,454
5424,780,185
5425,415,329
5426,795,328
5427,377,244
5428,352,744
5429,167,637
5430,474,222
5431,103,610
5432,790,90
5433,783,224
5434,637,303
5435,63,172
5436,204,588
5437,734,157
5438,195,826
5439,458,226
5440,176,508
5441,665,176
5442,784,226
5443,113,676
5444,320,793
5445,618,834
5446,60,116
5447,254,366
5448,290,327
5449,470,730
5450,337,290
5451,31,26
5452,542,95
5453,227,191
5454,692,786
5455,78,635
5456,132,783
5457,769,193
5458,804,226
5459,264,304
5460,718,101
5461,42,34
5462,154,159
5463,109,665
5464,91,842
5465,718,245
5466,640,157
5467,830,329
5468,663,830
5469,554,77
5470,449,150
5471,706,430
5472,561,104
5473,219,632
5474,21,156
5475,190,382
5476,560,769
5477,424,351
5478,211,248
5479,644,168
5480,326,265
5481,629,159
5482,226,784
5483,531,208
5484,378,638
5485,118,120
5486,268,314
5487,231,262
5488,539,146
5489,309,406
5490,293,517
5491,713,406
5492,750,746
5493,657,264
5494,393,217
5495,638,378
5496,539,622
5497,743,199
5498,360,698
5499,542,826
5500,792,190
5501,176,732
5502,244,377
5503,654,211
5504,546,669
5505,508,227
5506,157,18
5507,808,557
5508,831,630
5509,115,224
5510,335,829
5511,164,829
5512,366,65
5513,252,168
5514,677,226
5515,357,65
5516,665,314
5517,640,372
