<?xml version="1.0" encoding="utf-8" standalone="no"?>
    <dublin_core schema="dc">
    <dcvalue element="contributor" qualifier="author">Gebre, Engida</dcvalue>
      <dcvalue element="date" qualifier="accessioned">2017-06-19T10:52:18Z</dcvalue>
      <dcvalue element="date" qualifier="available">2017-06-19T10:52:18Z</dcvalue>
      <dcvalue element="date" qualifier="issued">2017-07</dcvalue>
      <dcvalue element="identifier" qualifier="citation" language="en_US">Gebre, E.&#x20;(2017).&#x20;Assessing Student Generated Infographics for Scaffolding Learning With Multiple Representations&#x20;In&#x20;Smith,&#x20;B.&#x20;K.,&#x20;Borge,&#x20;M.,&#x20;Mercier,&#x20;E.,&#x20;and&#x20;Lim,&#x20;K.&#x20;Y.&#x20;(Eds.).&#x20;(2017).&#x20;Making&#x20;a&#x20;Difference:&#x20;Prioritizing&#x20;Equity&#x20;and&#x20;Access&#x20;in&#x20;CSCL,&#x20;12th&#x20;International&#x20;Conference&#x20;on&#x20;Computer&#x20;Supported&#x20;Collaborative&#x20;Learning&#x20;(CSCL)&#x20;2017,&#x20;Volume&#x20;2.&#x20;Philadelphia,&#x20;PA:&#x20;International&#x20;Society&#x20;of&#x20;the&#x20;Learning&#x20;Sciences.</dcvalue>
      <dcvalue element="identifier" qualifier="uri">https:dx.doi.org&#x2F;10.22318&#x2F;cscl2017.109</dcvalue>
      <dcvalue element="description" qualifier="abstract" language="en_US">Student-generated multiple representations are increasingly used in science education, thereby creating a challenge for educators to assess these inscriptions. This paper used student-generated infographics created collaboratively in classrooms where secondary school students were engaged in authentic science news reporting and inductively generated tools for assessing quality infographics in authentic learning contexts. Results showed student-generated infographics can be assessed for dimensionality of the represented topic as well as for representation of understanding. Findings have implication for facilitating learning with infographics and analysis of visual research data.</dcvalue>
      <dcvalue element="language" qualifier="iso" language="en_US">en</dcvalue>
      <dcvalue element="publisher" qualifier="none" language="en_US">Philadelphia,&#x20;PA:&#x20;International&#x20;Society&#x20;of&#x20;the&#x20;Learning&#x20;Sciences.</dcvalue>
      <dcvalue element="title" qualifier="none" language="en_US">Assessing Student Generated Infographics for Scaffolding Learning With Multiple Representations</dcvalue>
      <dcvalue element="type" qualifier="none" language="en_US">Book&#x20;chapter</dcvalue>
      <dc:subject xml:lang="en">Knowledge Building</dc:subject>
<dc:subject xml:lang="en">Social Network Analysis</dc:subject>
<dc:subject xml:lang="en">Design-Based Research</dc:subject>
    </dublin_core>