<?xml version="1.0" encoding="utf-8" standalone="no"?>
    <dublin_core schema="dc">
    <dcvalue element="contributor" qualifier="author">Davis, Richard Lee</dcvalue>
<dcvalue element="contributor" qualifier="author">Schneider, Bertrand</dcvalue>
<dcvalue element="contributor" qualifier="author">Blikstein, Paulo</dcvalue>
      <dcvalue element="date" qualifier="accessioned">2017-06-19T10:50:27Z</dcvalue>
      <dcvalue element="date" qualifier="available">2017-06-19T10:50:27Z</dcvalue>
      <dcvalue element="date" qualifier="issued">2017-07</dcvalue>
      <dcvalue element="identifier" qualifier="citation" language="en_US">Davis, R. L., Schneider, B., &amp; Blikstein, P.&#x20;(2017).&#x20;Making the Invisible Visible: A New Method for Capturing Student Development in Makerspaces&#x20;In&#x20;Smith,&#x20;B.&#x20;K.,&#x20;Borge,&#x20;M.,&#x20;Mercier,&#x20;E.,&#x20;and&#x20;Lim,&#x20;K.&#x20;Y.&#x20;(Eds.).&#x20;(2017).&#x20;Making&#x20;a&#x20;Difference:&#x20;Prioritizing&#x20;Equity&#x20;and&#x20;Access&#x20;in&#x20;CSCL,&#x20;12th&#x20;International&#x20;Conference&#x20;on&#x20;Computer&#x20;Supported&#x20;Collaborative&#x20;Learning&#x20;(CSCL)&#x20;2017,&#x20;Volume&#x20;1.&#x20;Philadelphia,&#x20;PA:&#x20;International&#x20;Society&#x20;of&#x20;the&#x20;Learning&#x20;Sciences.</dcvalue>
      <dcvalue element="identifier" qualifier="uri">https:dx.doi.org&#x2F;10.22318&#x2F;cscl2017.26</dcvalue>
      <dcvalue element="description" qualifier="abstract" language="en_US">The contribution of this paper is twofold: we introduce a new kind of assessment developed to capture students’ learning in makerspaces, and we present a new perspective on how participating in a maker workshop impacts students. As opposed to traditional pen and paper tests, we designed a series of hands-on task that participants complete before and after a maker workshop. In this paper, we contrast high-school students’ performance with experts (graduate students in mechanical engineering) and found evidence that the students’ behavior became more similar to experts’ after participating in a maker workshop. For the scope of this paper, we focus on a single task and describe in detail our coding scheme and analyses. Additionally, we show how a combination of qualitative and computational analysis helped us develop metrics to compare novices’ and experts’ performances. We conclude by discussing the potential of this type of assessment for supporting students’ learning in makerspaces. \ </dcvalue>
      <dcvalue element="language" qualifier="iso" language="en_US">en</dcvalue>
      <dcvalue element="publisher" qualifier="none" language="en_US">Philadelphia,&#x20;PA:&#x20;International&#x20;Society&#x20;of&#x20;the&#x20;Learning&#x20;Sciences.</dcvalue>
      <dcvalue element="title" qualifier="none" language="en_US">Making the Invisible Visible: A New Method for Capturing Student Development in Makerspaces</dcvalue>
      <dcvalue element="type" qualifier="none" language="en_US">Book&#x20;chapter</dcvalue>
      <dc:subject xml:lang="en">Library Science</dc:subject>
<dc:subject xml:lang="en">Informal Learning Settings</dc:subject>
<dc:subject xml:lang="en">Social Networking (Facebook, etc.)</dc:subject>
    </dublin_core>