<?xml version="1.0" encoding="utf-8" standalone="no"?>
    <dublin_core schema="dc">
    <dcvalue element="contributor" qualifier="author">Brami, Uzi Zevik</dcvalue>
<dcvalue element="contributor" qualifier="author">Tabak, Iris</dcvalue>
      <dcvalue element="date" qualifier="accessioned">2017-06-19T10:52:18Z</dcvalue>
      <dcvalue element="date" qualifier="available">2017-06-19T10:52:18Z</dcvalue>
      <dcvalue element="date" qualifier="issued">2017-07</dcvalue>
      <dcvalue element="identifier" qualifier="citation" language="en_US">Brami, U. Z. &amp; Tabak, I.&#x20;(2017).&#x20;Self-Organizing Collaborations as Blueprints for CSCL Design&#x20;In&#x20;Smith,&#x20;B.&#x20;K.,&#x20;Borge,&#x20;M.,&#x20;Mercier,&#x20;E.,&#x20;and&#x20;Lim,&#x20;K.&#x20;Y.&#x20;(Eds.).&#x20;(2017).&#x20;Making&#x20;a&#x20;Difference:&#x20;Prioritizing&#x20;Equity&#x20;and&#x20;Access&#x20;in&#x20;CSCL,&#x20;12th&#x20;International&#x20;Conference&#x20;on&#x20;Computer&#x20;Supported&#x20;Collaborative&#x20;Learning&#x20;(CSCL)&#x20;2017,&#x20;Volume&#x20;2.&#x20;Philadelphia,&#x20;PA:&#x20;International&#x20;Society&#x20;of&#x20;the&#x20;Learning&#x20;Sciences.</dcvalue>
      <dcvalue element="identifier" qualifier="uri">https:dx.doi.org&#x2F;10.22318&#x2F;cscl2017.76</dcvalue>
      <dcvalue element="description" qualifier="abstract" language="en_US">We propose that ethnographic studies that precede, but inform, design, can be a productive addition to the repertoire of CSCL design. We anchor our claims in a case example of a cognitive ethnography of an introductory undergraduate history course. We describe how the ways in which learners self-organized and created practices for producing, sharing and reproducing knowledge in the course inform our design of CSCL tools for cultivating historical reasoning practices. This approach identifies points of contact between pre-existing practices and collaborative structures and pedagogical considerations. This enables designers to infuse pedagogical innovations into the activities that local participants already value and perform, achieving benefits akin to participatory design approaches. This can be productive for building on local practices that may be difficult to elicit through design discussions, especially if these local practices are part of learners’ counterculture. </dcvalue>
      <dcvalue element="language" qualifier="iso" language="en_US">en</dcvalue>
      <dcvalue element="publisher" qualifier="none" language="en_US">Philadelphia,&#x20;PA:&#x20;International&#x20;Society&#x20;of&#x20;the&#x20;Learning&#x20;Sciences.</dcvalue>
      <dcvalue element="title" qualifier="none" language="en_US">Self-Organizing Collaborations as Blueprints for CSCL Design</dcvalue>
      <dcvalue element="type" qualifier="none" language="en_US">Book&#x20;chapter</dcvalue>
      <dc:subject xml:lang="en">Descriptive Studies</dc:subject>
<dc:subject xml:lang="en">Educational Psychology</dc:subject>
<dc:subject xml:lang="en">Handheld/Mobile Devices</dc:subject>
<dc:subject xml:lang="en">Primary School</dc:subject>
<dc:subject xml:lang="en">Group Cognition</dc:subject>
<dc:subject xml:lang="en">Literacy</dc:subject>
<dc:subject xml:lang="en">Collaboration Skills</dc:subject>
<dc:subject xml:lang="en">Early Childhood Education</dc:subject>
<dc:subject xml:lang="en">Authoring Tool</dc:subject>
<dc:subject xml:lang="en">Interaction Analysis</dc:subject>
<dc:subject xml:lang="en">Developmental Psychology</dc:subject>
<dc:subject xml:lang="en">Social Constructivism</dc:subject>
<dc:subject xml:lang="en">Diversity and Inclusion</dc:subject>
<dc:subject xml:lang="en">Multi-Touch Devices</dc:subject>
    </dublin_core>