<?xml version="1.0" encoding="utf-8" standalone="no"?>
    <dublin_core schema="dc">
    <dcvalue element="contributor" qualifier="author">Chounta, Irene-Angelica</dcvalue>
<dcvalue element="contributor" qualifier="author">McLaren, Bruce M.</dcvalue>
<dcvalue element="contributor" qualifier="author">Harrell, Maralee</dcvalue>
      <dcvalue element="date" qualifier="accessioned">2017-06-19T10:52:18Z</dcvalue>
      <dcvalue element="date" qualifier="available">2017-06-19T10:52:18Z</dcvalue>
      <dcvalue element="date" qualifier="issued">2017-07</dcvalue>
      <dcvalue element="identifier" qualifier="citation" language="en_US">Chounta, I., McLaren, B. M., &amp; Harrell, M.&#x20;(2017).&#x20;Building Arguments Together or Alone? Using Learning Analytics to Study the Collaborative Construction of Argument Diagrams&#x20;In&#x20;Smith,&#x20;B.&#x20;K.,&#x20;Borge,&#x20;M.,&#x20;Mercier,&#x20;E.,&#x20;and&#x20;Lim,&#x20;K.&#x20;Y.&#x20;(Eds.).&#x20;(2017).&#x20;Making&#x20;a&#x20;Difference:&#x20;Prioritizing&#x20;Equity&#x20;and&#x20;Access&#x20;in&#x20;CSCL,&#x20;12th&#x20;International&#x20;Conference&#x20;on&#x20;Computer&#x20;Supported&#x20;Collaborative&#x20;Learning&#x20;(CSCL)&#x20;2017,&#x20;Volume&#x20;2.&#x20;Philadelphia,&#x20;PA:&#x20;International&#x20;Society&#x20;of&#x20;the&#x20;Learning&#x20;Sciences.</dcvalue>
      <dcvalue element="identifier" qualifier="uri">https:dx.doi.org&#x2F;10.22318&#x2F;cscl2017.85</dcvalue>
      <dcvalue element="description" qualifier="abstract" language="en_US">Research has shown that the construction of visual representations may have a positive effect on cognitive skills, including argumentation. In this paper we present a study on learning argumentation through computer-supported argument diagramming. We specifically focus on whether students, when provided with an argument-diagramming tool, create better diagrams, are more motivated, and learn more when working with other students or on their own. We use learning analytics to evaluate a variety of student activities: pre and post questionnaires to explore motivational changes; the argument diagrams created by students to evaluate richness, complexity and completion; and pre and post knowledge tests to evaluate learning gains.</dcvalue>
      <dcvalue element="language" qualifier="iso" language="en_US">en</dcvalue>
      <dcvalue element="publisher" qualifier="none" language="en_US">Philadelphia,&#x20;PA:&#x20;International&#x20;Society&#x20;of&#x20;the&#x20;Learning&#x20;Sciences.</dcvalue>
      <dcvalue element="title" qualifier="none" language="en_US">Building Arguments Together or Alone? Using Learning Analytics to Study the Collaborative Construction of Argument Diagrams</dcvalue>
      <dcvalue element="type" qualifier="none" language="en_US">Book&#x20;chapter</dcvalue>
      <dc:subject xml:lang="en">Education Technology</dc:subject>
<dc:subject xml:lang="en">Science Education</dc:subject>
<dc:subject xml:lang="en">Scaffolding</dc:subject>
    </dublin_core>