<?xml version="1.0" encoding="utf-8" standalone="no"?>
    <dublin_core schema="dc">
    <dcvalue element="contributor" qualifier="author">Lee, Vwen Yen Alwyn</dcvalue>
<dcvalue element="contributor" qualifier="author">Tan, Seng Chee</dcvalue>
<dcvalue element="contributor" qualifier="author">Chee, Joon Kit Kelvin</dcvalue>
      <dcvalue element="date" qualifier="accessioned">2017-03-21T12:05:42Z</dcvalue>
      <dcvalue element="date" qualifier="available">2017-03-21T12:05:42Z</dcvalue>
      <dcvalue element="date" qualifier="issued">2016-07</dcvalue>
      <dcvalue element="identifier" qualifier="citation" language="en_US">Lee, V. Y., Tan, S. C., &amp; Chee, J. K.&#x20;(2016).&#x20;Idea Identification and Analysis (I2A): A Search for Sustainable Promising Ideas Within Knowledge-Building Discourse&#x20;In&#x20;Looi,&#x20;C.&#x20;K.,&#x20;Polman,&#x20;J.&#x20;L.,&#x20;Cress,&#x20;U.,&#x20;and&#x20;Reimann,&#x20;P.&#x20;(Eds.).&#x20;Transforming&#x20;Learning,&#x20;Empowering&#x20;Learners:&#x20;The&#x20;International&#x20;Conference&#x20;of&#x20;the&#x20;Learning&#x20;Sciences&#x20;(ICLS)&#x20;2016,&#x20;Volume&#x20;1.&#x20;Singapore:&#x20;International&#x20;Society&#x20;of&#x20;the&#x20;Learning&#x20;Sciences,&#x20;pp.&#x20;35-43.</dcvalue>
      <dcvalue element="identifier" qualifier="uri">info:doi&#x2F;10.22318&#x2F;icls2016.14</dcvalue>
      <dcvalue element="description" qualifier="abstract" language="en_US">This is a study on the identification and analysis of promising ideas, which examines the knowledge building discourse of 20 students within Knowledge Forum, through the I2A system in a mixed method approach. It is a challenge in providing support to maintain efforts in identifying and improving ideas, which this study addresses through visualization and step-wise analysis of discourse network measures that are calculated using the Knowledge Building Discourse Explorer. By using Social Network Analysis with chosen keywords and analyzing quality of notes, we are able to identify and trace the evolvement of ideas that become promising talking points within the discourse space. Findings show that ideas can be classified and further analyzed to have an impact on subsequent discourse. Teachers can focus their resources on promising ideas that help the community maintain engagement in creative work to improve ideas, so as to learn more effectively and attain knowledge creation goals. </dcvalue>
      <dcvalue element="language" qualifier="iso" language="en_US">en</dcvalue>
      <dcvalue element="publisher" qualifier="none" language="en_US">Singapore:&#x20;International&#x20;Society&#x20;of&#x20;the&#x20;Learning&#x20;Sciences</dcvalue>
      <dcvalue element="title" qualifier="none" language="en_US">Idea Identification and Analysis (I2A): A Search for Sustainable Promising Ideas Within Knowledge-Building Discourse</dcvalue>
      <dcvalue element="type" qualifier="none" language="en_US">Book&#x20;chapter</dcvalue>
      &lt;dc:subject xml:lang="en"&gt;knowledge building&lt;/dc:subject&gt;
&lt;dc:subject xml:lang="en"&gt;social network analysis&lt;/dc:subject&gt;
&lt;dc:subject xml:lang="en"&gt;discourse analysis&lt;/dc:subject&gt;
&lt;dc:subject xml:lang="en"&gt;idea identification &amp; analysis&lt;/dc:subject&gt;
    </dublin_core>