<?xml version="1.0" encoding="utf-8" standalone="no"?>
    <dublin_core schema="dc">
    <dcvalue element="contributor" qualifier="author">Wang, Patrick</dcvalue>
<dcvalue element="contributor" qualifier="author">Tchounikine, Pierre</dcvalue>
<dcvalue element="contributor" qualifier="author">Quignard, Matthieu</dcvalue>
      <dcvalue element="date" qualifier="accessioned">2017-06-19T14:51:54Z</dcvalue>
      <dcvalue element="date" qualifier="available">2017-06-19T14:51:54Z</dcvalue>
      <dcvalue element="date" qualifier="issued">2015-07</dcvalue>
      <dcvalue element="identifier" qualifier="citation" language="en_US">Wang, P., Tchounikine, P., &amp; Quignard, M.&#x20;(2015).&#x20;Orchestration Challenges Raised by Transposing a Paper-Based Individual Activity into a Tablet-Based CSCL Activity: An Example&#x20;In&#x20; Lindwall,&#x20;O.,&#x20;Häkkinen,&#x20;P.,&#x20;Koschman,&#x20;T.&#x20;Tchounikine,&#x20;P.&#x20;&#x20;Ludvigsen,&#x20;S.&#x20;(Eds.)&#x20;(2015).&#x20;Exploring&#x20;the&#x20;Material&#x20;Conditions&#x20;of&#x20;Learning:&#x20;The&#x20;Computer&#x20;Supported&#x20;Collaborative&#x20;Learning&#x20;(CSCL)&#x20;Conference&#x20;2015,&#x20;Volume&#x20;2.&#x20;Gothenburg,&#x20;Sweden:&#x20;The&#x20;International&#x20;Society&#x20;of&#x20;the&#x20;Learning&#x20;Sciences.</dcvalue>
      <dcvalue element="identifier" qualifier="uri">https://doi.dx.org&#x2F;10.22318&#x2F;cscl2015.254</dcvalue>
      <dcvalue element="description" qualifier="abstract" language="en_US">This article presents an analysis of the implementation and orchestration challenges raised by turning a traditional paper-based activity (dictation) into a CSCL activity. It illustrates how implementing a CSCL version of a classical teaching setting can raise many new issues for teachers. Teachers must make design (scripting) decisions at different stages, both before and during the session. Some support must therefore be provided, such as means to manage learner productions, focus learner tasks or support learner interactions in different ways. Although the concerns identified and the features implemented here relate to a particular study, they may have a wider scope of application.
</dcvalue>
      <dcvalue element="language" qualifier="iso" language="en_US">en</dcvalue>
      <dcvalue element="publisher" qualifier="none" language="en_US"> International&#x20;Society&#x20;of&#x20;the&#x20;Learning&#x20;Sciences,&#x20;Inc.&#x20;[ISLS].</dcvalue>
      <dcvalue element="title" qualifier="none" language="en_US">Orchestration Challenges Raised by Transposing a Paper-Based Individual Activity into a Tablet-Based CSCL Activity: An Example</dcvalue>
      <dcvalue element="type" qualifier="none" language="en_US">Book&#x20;chapter</dcvalue>
      <dc:subject xml:lang="en">orchestration</dc:subject>
<dc:subject xml:lang="en">CSCL scripts</dc:subject>
<dc:subject xml:lang="en">tools for teachers</dc:subject>
<dc:subject xml:lang="en">tablets</dc:subject>
    </dublin_core>