<?xml version="1.0" encoding="utf-8" standalone="no"?>
    <dublin_core schema="dc">
    <dcvalue element="contributor" qualifier="author">Svihla, Vanessa</dcvalue>
<dcvalue element="contributor" qualifier="author">Reeve, Richard</dcvalue>
      <dcvalue element="date" qualifier="accessioned">2017-03-21T12:05:42Z</dcvalue>
      <dcvalue element="date" qualifier="available">2017-03-21T12:05:42Z</dcvalue>
      <dcvalue element="date" qualifier="issued">2016-07</dcvalue>
      <dcvalue element="identifier" qualifier="citation" language="en_US">Svihla, V. &amp; Reeve, R.&#x20;(2016).&#x20;Stories as Prototypes for Interdisciplinary Learning&#x20;In&#x20;Looi,&#x20;C.&#x20;K.,&#x20;Polman,&#x20;J.&#x20;L.,&#x20;Cress,&#x20;U.,&#x20;and&#x20;Reimann,&#x20;P.&#x20;(Eds.).&#x20;Transforming&#x20;Learning,&#x20;Empowering&#x20;Learners:&#x20;The&#x20;International&#x20;Conference&#x20;of&#x20;the&#x20;Learning&#x20;Sciences&#x20;(ICLS)&#x20;2016,&#x20;Volume&#x20;1.&#x20;Singapore:&#x20;International&#x20;Society&#x20;of&#x20;the&#x20;Learning&#x20;Sciences,&#x20;pp.&#x20;35-43.</dcvalue>
      <dcvalue element="identifier" qualifier="uri">info:doi&#x2F;10.22318&#x2F;icls2016.81</dcvalue>
      <dcvalue element="description" qualifier="abstract" language="en_US">Although recent research has emphasized the importance of understanding science practices and how people teach and learn them, much of this is set within mono-disciplinary classrooms, providing limited vision for how people might learn from one another in the context of an interdisciplinary lab. We present data from participant observation collected over a three-year period in an interdisciplinary scientific research laboratory as a lens into how people can learn science from one another. We depict how the participants used stories as a means to prototype their ideas over time, and how their approach to treating these stories as tentative and contingent supported them to make progress and learn together.</dcvalue>
      <dcvalue element="language" qualifier="iso" language="en_US">en</dcvalue>
      <dcvalue element="publisher" qualifier="none" language="en_US">Singapore:&#x20;International&#x20;Society&#x20;of&#x20;the&#x20;Learning&#x20;Sciences</dcvalue>
      <dcvalue element="title" qualifier="none" language="en_US">Stories as Prototypes for Interdisciplinary Learning</dcvalue>
      <dcvalue element="type" qualifier="none" language="en_US">Book&#x20;chapter</dcvalue>
      &lt;dc:subject xml:lang="en"&gt;Interdisciplinary learning&lt;/dc:subject&gt;
&lt;dc:subject xml:lang="en"&gt;story&lt;/dc:subject&gt;
&lt;dc:subject xml:lang="en"&gt;interaction analysis&lt;/dc:subject&gt;
&lt;dc:subject xml:lang="en"&gt;problem framing&lt;/dc:subject&gt;
    </dublin_core>