<?xml version="1.0" encoding="utf-8" standalone="no"?>
    <dublin_core schema="dc">
    <dcvalue element="contributor" qualifier="author">de Jong, Frank</dcvalue>
<dcvalue element="contributor" qualifier="author">van den Ende, Joan</dcvalue>
<dcvalue element="contributor" qualifier="author">van Heijst, Hennie</dcvalue>
<dcvalue element="contributor" qualifier="author">Matsuzawa, Yoshiaki</dcvalue>
<dcvalue element="contributor" qualifier="author">Kirschner, Paul</dcvalue>
<dcvalue element="contributor" qualifier="author">Zhang, Jianwei</dcvalue>
<dcvalue element="contributor" qualifier="author">Chen, Mei-Hwa</dcvalue>
<dcvalue element="contributor" qualifier="author">Chen, Feng</dcvalue>
<dcvalue element="contributor" qualifier="author">Rosé, Carolyn</dcvalue>
<dcvalue element="contributor" qualifier="author">Godinez, Erick Velazquez</dcvalue>
<dcvalue element="contributor" qualifier="author">Ratté, Sylvie</dcvalue>
<dcvalue element="contributor" qualifier="author">Chen, Bodong</dcvalue>
<dcvalue element="contributor" qualifier="author">Chan, Carol</dcvalue>
<dcvalue element="contributor" qualifier="author">van Aalst, Jan</dcvalue>
<dcvalue element="contributor" qualifier="author">Yang, Christine</dcvalue>
<dcvalue element="contributor" qualifier="author">Oshima, Jun</dcvalue>
<dcvalue element="contributor" qualifier="author">Hmelo-Silver, Cindy</dcvalue>
<dcvalue element="contributor" qualifier="author">Wise, Alyssa</dcvalue>
      <dcvalue element="date" qualifier="accessioned">2017-06-19T10:53:01Z</dcvalue>
      <dcvalue element="date" qualifier="available">2017-06-19T10:53:01Z</dcvalue>
      <dcvalue element="date" qualifier="issued">2017-07</dcvalue>
      <dcvalue element="identifier" qualifier="citation" language="en_US">de Jong, F., van den Ende, J., van Heijst, H., Matsuzawa, Y., Kirschner, P., Zhang, J., Chen, M., Chen, F., Rosé, C., Godinez, E. V., Ratté, S., Chen, B., Chan, C., van Aalst, J., Yang, C., Oshima, J., Hmelo-Silver, C., &amp; Wise, A.&#x20;(2017).&#x20;Making a Difference: Analytics for Quality Knowledge-Building Conversations&#x20;In&#x20;Smith,&#x20;B.&#x20;K.,&#x20;Borge,&#x20;M.,&#x20;Mercier,&#x20;E.,&#x20;and&#x20;Lim,&#x20;K.&#x20;Y.&#x20;(Eds.).&#x20;(2017).&#x20;Making&#x20;a&#x20;Difference:&#x20;Prioritizing&#x20;Equity&#x20;and&#x20;Access&#x20;in&#x20;CSCL,&#x20;12th&#x20;International&#x20;Conference&#x20;on&#x20;Computer&#x20;Supported&#x20;Collaborative&#x20;Learning&#x20;(CSCL)&#x20;2017,&#x20;Volume&#x20;2.&#x20;Philadelphia,&#x20;PA:&#x20;International&#x20;Society&#x20;of&#x20;the&#x20;Learning&#x20;Sciences.</dcvalue>
      <dcvalue element="identifier" qualifier="uri">https:dx.doi.org&#x2F;10.22318&#x2F;cscl2017.114</dcvalue>
      <dcvalue element="description" qualifier="abstract" language="en_US">The symposium focuses on the analysis of the knowledge building process e.g. idea improvement conversations by which students get to a high quality of knowledge and understanding. Learning Analytics (LA) focuses on the collection, measure and analysis of data about learners and their contexts (Long &amp; Siemens, 2011). LA tools are normally rooted in probabilistic/frequency-based approaches. These are themselves incapable of capturing the meaning of texts at any level, because probabilities do not constitute natural language semantics.  \  \ Therefore, semantic related analytics seems to be a promising approach. Not only to get insight in the process of knowledge building as a support for students and teachers in this collective process but also as a possibility for assessment. Not to control but to mirror and feed forward the semiotic collaborative process of building an understanding that makes a difference for how students look at and act in our world.</dcvalue>
      <dcvalue element="language" qualifier="iso" language="en_US">en</dcvalue>
      <dcvalue element="publisher" qualifier="none" language="en_US">Philadelphia,&#x20;PA:&#x20;International&#x20;Society&#x20;of&#x20;the&#x20;Learning&#x20;Sciences.</dcvalue>
      <dcvalue element="title" qualifier="none" language="en_US">Making a Difference: Analytics for Quality Knowledge-Building Conversations</dcvalue>
      <dcvalue element="type" qualifier="none" language="en_US">Book&#x20;chapter</dcvalue>
      <dc:subject xml:lang="en"></dc:subject>
    </dublin_core>