<?xml version="1.0" encoding="utf-8" standalone="no"?>
    <dublin_core schema="dc">
    <dcvalue element="contributor" qualifier="author">Abrahamson, Dor</dcvalue>
<dcvalue element="contributor" qualifier="author">Sánchez–García, Raúl</dcvalue>
<dcvalue element="contributor" qualifier="author">Smyth, Cliff</dcvalue>
      <dcvalue element="date" qualifier="accessioned">2017-03-21T12:05:42Z</dcvalue>
      <dcvalue element="date" qualifier="available">2017-03-21T12:05:42Z</dcvalue>
      <dcvalue element="date" qualifier="issued">2016-07</dcvalue>
      <dcvalue element="identifier" qualifier="citation" language="en_US">Abrahamson, D., Sánchez–García, R., &amp; Smyth, C.&#x20;(2016).&#x20;Metaphors Are Projected Constraints on Action: An Ecological Dynamics View on Learning Across the Disciplines&#x20;In&#x20;Looi,&#x20;C.&#x20;K.,&#x20;Polman,&#x20;J.&#x20;L.,&#x20;Cress,&#x20;U.,&#x20;and&#x20;Reimann,&#x20;P.&#x20;(Eds.).&#x20;Transforming&#x20;Learning,&#x20;Empowering&#x20;Learners:&#x20;The&#x20;International&#x20;Conference&#x20;of&#x20;the&#x20;Learning&#x20;Sciences&#x20;(ICLS)&#x20;2016,&#x20;Volume&#x20;1.&#x20;Singapore:&#x20;International&#x20;Society&#x20;of&#x20;the&#x20;Learning&#x20;Sciences,&#x20;pp.&#x20;35-43.</dcvalue>
      <dcvalue element="identifier" qualifier="uri">info:doi&#x2F;10.22318&#x2F;icls2016.42</dcvalue>
      <dcvalue element="description" qualifier="abstract" language="en_US">Learning scientists have been considering the validity and relevance of arguments coming from philosophy and cognitive science for the embodied, enactive, embedded, and extended nature of individual learning, reasoning, and practice in sociocultural ecologies. Specifically, some design-based researchers of STEM cognition and instruction have been evaluating activities for grounding subject content knowledge in interactive sensorimotor problem solving. In so doing, we submit, the field stands greatly to avail of theoretical models and pedagogical methodologies from disciplines oriented explicitly on understanding, fostering, and remediating motor action. This conceptual paper considers potential values of ecological dynamics, a perspective originating in kinesiology, as an explanatory resource for tackling enduring Learning Sciences research problems. We support our position via an ecological-dynamics reexamination of the function of metaphor in the instruction of sports skills, somatic awareness, and mathematics. We propose a view of metaphors as productive constraints reconfiguring the dynamic system of learner, teacher, and environment.</dcvalue>
      <dcvalue element="language" qualifier="iso" language="en_US">en</dcvalue>
      <dcvalue element="publisher" qualifier="none" language="en_US">Singapore:&#x20;International&#x20;Society&#x20;of&#x20;the&#x20;Learning&#x20;Sciences</dcvalue>
      <dcvalue element="title" qualifier="none" language="en_US">Metaphors Are Projected Constraints on Action: An Ecological Dynamics View on Learning Across the Disciplines</dcvalue>
      <dcvalue element="type" qualifier="none" language="en_US">Book&#x20;chapter</dcvalue>
      &lt;dc:subject xml:lang="en"&gt;ecological dynamics&lt;/dc:subject&gt;
&lt;dc:subject xml:lang="en"&gt;martial arts&lt;/dc:subject&gt;
&lt;dc:subject xml:lang="en"&gt;metaphor&lt;/dc:subject&gt;
&lt;dc:subject xml:lang="en"&gt;mathematics&lt;/dc:subject&gt;
&lt;dc:subject xml:lang="en"&gt;music&lt;/dc:subject&gt;
&lt;dc:subject xml:lang="en"&gt;somatic practice&lt;/dc:subject&gt;
    </dublin_core>